Date,Product ID,Product Name,Sold Items Count,Stock Start Count,Stock End Count,Promotion,Unit Price (NZD),Restocked Items Count,Waste Items Count
2025-06-30,B001,White Bread,21,64,42,0,3.5,0,1
2025-06-30,B002,Wholemeal Bread,16,41,25,0,4.0,0,0
2025-06-30,D001,Milk 2L,35,36,56,0,4.5,55,0
2025-06-30,D002,Eggs (12 pack),20,75,54,0,7.5,0,1
2025-06-30,D003,Butter 500g,17,36,19,0,6.0,0,0
2025-06-30,D004,Cheese 500g,7,44,36,0,8.0,0,1
2025-06-30,DR001,Bottled Water 600mL,9,65,56,1,1.91,0,0
2025-06-30,DR002,Coke 1.5L,10,56,46,0,3.8,0,0
2025-06-30,DR003,Orange Juice 2L,20,71,49,1,4.09,0,2
2025-06-30,DR004,Energy Drink 250mL,7,36,29,0,4.0,0,0
2025-06-30,F001,Bananas,8,36,27,0,3.2,0,1
2025-06-30,F002,Apples,6,77,71,0,4.5,0,0
2025-06-30,FR001,Ice Cream 1L,20,73,52,0,6.5,0,1
2025-06-30,FR002,Frozen Pizza,15,77,61,0,8.0,0,1
2025-06-30,H001,Toilet Paper,19,59,40,0,8.0,0,0
2025-06-30,H002,Laundry Detergent,14,44,30,1,8.72,0,0
2025-06-30,P001,Instant Noodles,22,30,30,0,2.0,22,0
2025-06-30,P002,Rice 1kg,31,34,41,0,3.5,38,0
2025-06-30,P004,Cereal,9,32,23,1,4.29,0,0
2025-06-30,PC001,Shampoo,10,32,22,0,9.5,0,0
2025-06-30,PC002,Toothpaste,7,52,45,0,4.5,0,0
2025-06-30,S001,Potato Chips,26,43,17,0,3.0,0,0
2025-06-30,S002,Chocolate Bar,4,53,49,0,2.8,0,0
2025-07-01,B001,White Bread,21,42,21,0,3.5,0,0
2025-07-01,B002,Wholemeal Bread,17,25,59,1,2.96,51,0
2025-07-01,D001,Milk 2L,32,56,24,0,4.5,0,0
2025-07-01,D002,Eggs (12 pack),17,54,36,0,7.5,0,1
2025-07-01,D003,Butter 500g,19,19,44,0,6.0,44,0
2025-07-01,D004,Cheese 500g,6,36,29,0,8.0,0,1
2025-07-01,DR001,Bottled Water 600mL,12,56,44,0,2.5,0,0
2025-07-01,DR002,Coke 1.5L,10,46,36,0,3.8,0,0
2025-07-01,DR003,Orange Juice 2L,22,49,27,0,5.5,0,0
2025-07-01,DR004,Energy Drink 250mL,11,29,18,0,4.0,0,0
2025-07-01,F001,Bananas,12,27,15,0,3.2,0,0
2025-07-01,F002,Apples,8,71,62,0,4.5,0,1
2025-07-01,FR001,Ice Cream 1L,23,52,29,0,6.5,0,0
2025-07-01,FR002,Frozen Pizza,20,61,40,0,8.0,0,1
2025-07-01,H001,Toilet Paper,20,40,20,0,8.0,0,0
2025-07-01,H002,Laundry Detergent,12,30,18,0,12.0,0,0
2025-07-01,P001,Instant Noodles,24,30,65,0,2.0,59,0
2025-07-01,P002,Rice 1kg,25,41,16,0,3.5,0,0
2025-07-01,P004,Cereal,7,23,16,0,5.0,0,0
2025-07-01,PC001,Shampoo,10,22,12,0,9.5,0,0
2025-07-01,PC002,Toothpaste,12,45,33,0,4.5,0,0
2025-07-01,S001,Potato Chips,17,17,48,0,3.0,48,0
2025-07-01,S002,Chocolate Bar,7,49,42,0,2.8,0,0
2025-07-02,B001,White Bread,21,21,62,0,3.5,62,0
2025-07-02,B002,Wholemeal Bread,19,59,40,0,4.0,0,0
2025-07-02,D001,Milk 2L,24,24,64,0,4.5,64,0
2025-07-02,D002,Eggs (12 pack),23,36,13,0,7.5,0,0
2025-07-02,D003,Butter 500g,26,44,18,0,6.0,0,0
2025-07-02,D004,Cheese 500g,8,29,21,0,8.0,0,0
2025-07-02,DR001,Bottled Water 600mL,16,44,28,0,2.5,0,0
2025-07-02,DR002,Coke 1.5L,11,36,25,0,3.8,0,0
2025-07-02,DR003,Orange Juice 2L,22,27,51,0,5.5,46,0
2025-07-02,DR004,Energy Drink 250mL,7,18,11,0,4.0,0,0
2025-07-02,F001,Bananas,11,15,33,0,3.2,29,0
2025-07-02,F002,Apples,6,62,54,0,4.5,0,2
2025-07-02,FR001,Ice Cream 1L,18,29,11,0,6.5,0,0
2025-07-02,FR002,Frozen Pizza,40,40,38,0,8.0,38,0
2025-07-02,H001,Toilet Paper,15,20,49,1,5.76,44,0
2025-07-02,H002,Laundry Detergent,18,18,32,0,12.0,32,0
2025-07-02,P001,Instant Noodles,20,65,45,0,2.0,0,0
2025-07-02,P002,Rice 1kg,16,16,36,0,3.5,36,0
2025-07-02,P004,Cereal,10,16,31,1,3.97,25,0
2025-07-02,PC001,Shampoo,7,12,36,0,9.5,31,0
2025-07-02,PC002,Toothpaste,12,33,21,0,4.5,0,0
2025-07-02,S001,Potato Chips,23,48,25,1,2.41,0,0
2025-07-02,S002,Chocolate Bar,7,42,35,0,2.8,0,0
2025-07-03,B001,White Bread,36,62,25,0,3.5,0,1
2025-07-03,B002,Wholemeal Bread,14,40,26,1,3.01,0,0
2025-07-03,D001,Milk 2L,43,64,21,0,4.5,0,0
2025-07-03,D002,Eggs (12 pack),13,13,37,0,7.5,37,0
2025-07-03,D003,Butter 500g,18,18,39,0,6.0,39,0
2025-07-03,D004,Cheese 500g,9,21,12,0,8.0,0,0
2025-07-03,DR001,Bottled Water 600mL,10,28,18,0,2.5,0,0
2025-07-03,DR002,Coke 1.5L,8,25,17,0,3.8,0,0
2025-07-03,DR003,Orange Juice 2L,15,51,36,0,5.5,0,0
2025-07-03,DR004,Energy Drink 250mL,8,11,29,0,4.0,26,0
2025-07-03,F001,Bananas,10,33,23,0,3.2,0,0
2025-07-03,F002,Apples,7,54,47,0,4.5,0,0
2025-07-03,FR001,Ice Cream 1L,11,11,30,1,5.46,30,0
2025-07-03,FR002,Frozen Pizza,20,38,18,0,8.0,0,0
2025-07-03,H001,Toilet Paper,12,49,37,0,8.0,0,0
2025-07-03,H002,Laundry Detergent,19,32,13,0,12.0,0,0
2025-07-03,P001,Instant Noodles,18,45,27,0,2.0,0,0
2025-07-03,P002,Rice 1kg,17,36,19,0,3.5,0,0
2025-07-03,P004,Cereal,8,31,23,0,5.0,0,0
2025-07-03,PC001,Shampoo,8,36,28,1,7.76,0,0
2025-07-03,PC002,Toothpaste,11,21,10,0,4.5,0,0
2025-07-03,S001,Potato Chips,25,25,62,0,3.0,62,0
2025-07-03,S002,Chocolate Bar,7,35,28,0,2.8,0,0
2025-07-04,B001,White Bread,19,25,27,0,3.5,21,0
2025-07-04,B002,Wholemeal Bread,13,26,13,0,4.0,0,0
2025-07-04,D001,Milk 2L,19,21,42,0,4.5,40,0
2025-07-04,D002,Eggs (12 pack),19,37,18,0,7.5,0,0
2025-07-04,D003,Butter 500g,19,39,20,0,6.0,0,0
2025-07-04,D004,Cheese 500g,4,12,65,0,8.0,57,0
2025-07-04,DR001,Bottled Water 600mL,8,18,10,0,2.5,0,0
2025-07-04,DR002,Coke 1.5L,9,17,37,0,3.8,29,0
2025-07-04,DR003,Orange Juice 2L,13,36,23,0,5.5,0,0
2025-07-04,DR004,Energy Drink 250mL,9,29,20,1,3.21,0,0
2025-07-04,F001,Bananas,10,23,13,0,3.2,0,0
2025-07-04,F002,Apples,47,47,53,1,3.49,53,0
2025-07-04,FR001,Ice Cream 1L,17,30,13,0,6.5,0,0
2025-07-04,FR002,Frozen Pizza,8,18,10,0,8.0,0,0
2025-07-04,H001,Toilet Paper,10,37,27,0,8.0,0,0
2025-07-04,H002,Laundry Detergent,11,13,32,0,12.0,30,0
2025-07-04,P001,Instant Noodles,11,27,16,0,2.0,0,0
2025-07-04,P002,Rice 1kg,19,19,50,0,3.5,50,0
2025-07-04,P004,Cereal,5,23,18,0,5.0,0,0
2025-07-04,PC001,Shampoo,7,28,21,0,9.5,0,0
2025-07-04,PC002,Toothpaste,9,10,44,0,4.5,43,0
2025-07-04,S001,Potato Chips,14,62,48,0,3.0,0,0
2025-07-04,S002,Chocolate Bar,4,28,24,1,2.34,0,0
2025-07-05,B001,White Bread,27,27,47,0,3.5,47,0
2025-07-05,B002,Wholemeal Bread,13,13,61,0,4.0,61,0
2025-07-05,D001,Milk 2L,42,42,56,0,4.5,56,0
2025-07-05,D002,Eggs (12 pack),18,18,66,0,7.5,66,0
2025-07-05,D003,Butter 500g,20,20,42,0,6.0,42,0
2025-07-05,D004,Cheese 500g,18,65,45,0,8.0,0,2
2025-07-05,DR001,Bottled Water 600mL,10,10,67,0,2.5,67,0
2025-07-05,DR002,Coke 1.5L,19,37,18,0,3.8,0,0
2025-07-05,DR003,Orange Juice 2L,23,23,33,0,5.5,33,0
2025-07-05,DR004,Energy Drink 250mL,20,20,42,0,4.0,42,0
2025-07-05,F001,Bananas,13,13,56,0,3.2,56,0
2025-07-05,F002,Apples,18,53,35,0,4.5,0,0
2025-07-05,FR001,Ice Cream 1L,13,13,62,0,6.5,62,0
2025-07-05,FR002,Frozen Pizza,10,10,46,0,8.0,46,0
2025-07-05,H001,Toilet Paper,27,27,39,0,8.0,39,0
2025-07-05,H002,Laundry Detergent,32,32,39,1,8.85,39,0
2025-07-05,P001,Instant Noodles,16,16,44,0,2.0,44,0
2025-07-05,P002,Rice 1kg,45,50,53,1,2.55,48,0
2025-07-05,P004,Cereal,18,18,60,0,5.0,60,0
2025-07-05,PC001,Shampoo,21,21,58,0,9.5,58,0
2025-07-05,PC002,Toothpaste,22,44,22,1,3.74,0,0
2025-07-05,S001,Potato Chips,48,48,34,0,3.0,34,0
2025-07-05,S002,Chocolate Bar,14,24,10,0,2.8,0,0
2025-07-06,B001,White Bread,33,47,14,0,3.5,0,0
2025-07-06,B002,Wholemeal Bread,28,61,33,0,4.0,0,0
2025-07-06,D001,Milk 2L,50,56,63,0,4.5,57,0
2025-07-06,D002,Eggs (12 pack),25,66,40,0,7.5,0,1
2025-07-06,D003,Butter 500g,42,42,64,0,6.0,64,0
2025-07-06,D004,Cheese 500g,14,45,31,0,8.0,0,0
2025-07-06,DR001,Bottled Water 600mL,23,67,44,0,2.5,0,0
2025-07-06,DR002,Coke 1.5L,18,18,51,1,3.28,51,0
2025-07-06,DR003,Orange Juice 2L,23,33,10,0,5.5,0,0
2025-07-06,DR004,Energy Drink 250mL,14,42,28,0,4.0,0,0
2025-07-06,F001,Bananas,21,56,35,0,3.2,0,0
2025-07-06,F002,Apples,10,35,25,0,4.5,0,0
2025-07-06,FR001,Ice Cream 1L,26,62,35,0,6.5,0,1
2025-07-06,FR002,Frozen Pizza,46,46,61,0,8.0,61,0
2025-07-06,H001,Toilet Paper,26,39,13,0,8.0,0,0
2025-07-06,H002,Laundry Detergent,20,39,19,0,12.0,0,0
2025-07-06,P001,Instant Noodles,34,44,10,0,2.0,0,0
2025-07-06,P002,Rice 1kg,36,53,17,0,3.5,0,0
2025-07-06,P004,Cereal,13,60,47,0,5.0,0,0
2025-07-06,PC001,Shampoo,12,58,46,0,9.5,0,0
2025-07-06,PC002,Toothpaste,15,22,46,0,4.5,39,0
2025-07-06,S001,Potato Chips,34,34,67,0,3.0,67,0
2025-07-06,S002,Chocolate Bar,10,10,33,0,2.8,33,0
2025-07-07,B001,White Bread,14,14,41,0,3.5,41,0
2025-07-07,B002,Wholemeal Bread,18,33,15,0,4.0,0,0
2025-07-07,D001,Milk 2L,41,63,22,0,4.5,0,0
2025-07-07,D002,Eggs (12 pack),20,40,20,0,7.5,0,0
2025-07-07,D003,Butter 500g,18,64,46,0,6.0,0,0
2025-07-07,D004,Cheese 500g,6,31,25,1,6.39,0,0
2025-07-07,DR001,Bottled Water 600mL,13,44,31,1,2.2,0,0
2025-07-07,DR002,Coke 1.5L,8,51,43,0,3.8,0,0
2025-07-07,DR003,Orange Juice 2L,10,10,43,0,5.5,43,0
2025-07-07,DR004,Energy Drink 250mL,12,28,16,0,4.0,0,0
2025-07-07,F001,Bananas,12,35,23,0,3.2,0,0
2025-07-07,F002,Apples,6,25,19,0,4.5,0,0
2025-07-07,FR001,Ice Cream 1L,21,35,14,0,6.5,0,0
2025-07-07,FR002,Frozen Pizza,15,61,46,0,8.0,0,0
2025-07-07,H001,Toilet Paper,13,13,66,0,8.0,66,0
2025-07-07,H002,Laundry Detergent,11,19,66,0,12.0,58,0
2025-07-07,P001,Instant Noodles,10,10,40,0,2.0,40,0
2025-07-07,P002,Rice 1kg,17,17,41,0,3.5,41,0
2025-07-07,P004,Cereal,11,47,36,0,5.0,0,0
2025-07-07,PC001,Shampoo,11,46,35,0,9.5,0,0
2025-07-07,PC002,Toothpaste,13,46,33,1,3.79,0,0
2025-07-07,S001,Potato Chips,18,67,49,0,3.0,0,0
2025-07-07,S002,Chocolate Bar,7,33,26,1,2.45,0,0
2025-07-08,B001,White Bread,23,41,18,0,3.5,0,0
2025-07-08,B002,Wholemeal Bread,15,15,35,0,4.0,35,0
2025-07-08,D001,Milk 2L,22,22,50,0,4.5,50,0
2025-07-08,D002,Eggs (12 pack),20,20,39,0,7.5,39,0
2025-07-08,D003,Butter 500g,19,46,26,0,6.0,0,1
2025-07-08,D004,Cheese 500g,9,25,16,0,8.0,0,0
2025-07-08,DR001,Bottled Water 600mL,12,31,19,0,2.5,0,0
2025-07-08,DR002,Coke 1.5L,12,43,31,0,3.8,0,0
2025-07-08,DR003,Orange Juice 2L,20,43,22,0,5.5,0,1
2025-07-08,DR004,Energy Drink 250mL,9,16,42,0,4.0,35,0
2025-07-08,F001,Bananas,13,23,10,0,3.2,0,0
2025-07-08,F002,Apples,6,19,13,1,3.18,0,0
2025-07-08,FR001,Ice Cream 1L,14,14,65,0,6.5,65,0
2025-07-08,FR002,Frozen Pizza,12,46,33,0,8.0,0,1
2025-07-08,H001,Toilet Paper,22,66,44,0,8.0,0,0
2025-07-08,H002,Laundry Detergent,14,66,52,0,12.0,0,0
2025-07-08,P001,Instant Noodles,17,40,23,0,2.0,0,0
2025-07-08,P002,Rice 1kg,18,41,23,0,3.5,0,0
2025-07-08,P004,Cereal,36,36,50,0,5.0,50,0
2025-07-08,PC001,Shampoo,6,35,29,0,9.5,0,0
2025-07-08,PC002,Toothpaste,8,33,25,1,3.74,0,0
2025-07-08,S001,Potato Chips,24,49,25,0,3.0,0,0
2025-07-08,S002,Chocolate Bar,5,26,21,0,2.8,0,0
2025-07-09,B001,White Bread,18,18,41,0,3.5,41,0
2025-07-09,B002,Wholemeal Bread,24,35,11,0,4.0,0,0
2025-07-09,D001,Milk 2L,43,50,59,0,4.5,52,0
2025-07-09,D002,Eggs (12 pack),22,39,17,0,7.5,0,0
2025-07-09,D003,Butter 500g,26,26,64,1,4.96,64,0
2025-07-09,D004,Cheese 500g,8,16,43,0,8.0,35,0
2025-07-09,DR001,Bottled Water 600mL,15,19,62,0,2.5,58,0
2025-07-09,DR002,Coke 1.5L,7,31,24,0,3.8,0,0
2025-07-09,DR003,Orange Juice 2L,16,22,64,1,4.08,58,0
2025-07-09,DR004,Energy Drink 250mL,10,42,32,0,4.0,0,0
2025-07-09,F001,Bananas,10,10,49,0,3.2,49,0
2025-07-09,F002,Apples,13,13,62,1,3.97,62,0
2025-07-09,FR001,Ice Cream 1L,18,65,47,0,6.5,0,0
2025-07-09,FR002,Frozen Pizza,14,33,19,0,8.0,0,0
2025-07-09,H001,Toilet Paper,17,44,27,0,8.0,0,0
2025-07-09,H002,Laundry Detergent,12,52,40,0,12.0,0,0
2025-07-09,P001,Instant Noodles,15,23,31,0,2.0,23,0
2025-07-09,P002,Rice 1kg,23,23,62,0,3.5,62,0
2025-07-09,P004,Cereal,9,50,41,0,5.0,0,0
2025-07-09,PC001,Shampoo,11,29,18,0,9.5,0,0
2025-07-09,PC002,Toothpaste,8,25,17,0,4.5,0,0
2025-07-09,S001,Potato Chips,16,25,54,0,3.0,45,0
2025-07-09,S002,Chocolate Bar,7,21,14,0,2.8,0,0
2025-07-10,B001,White Bread,37,41,40,0,3.5,36,0
2025-07-10,B002,Wholemeal Bread,11,11,41,0,4.0,41,0
2025-07-10,D001,Milk 2L,35,59,24,0,4.5,0,0
2025-07-10,D002,Eggs (12 pack),17,17,47,1,6.52,47,0
2025-07-10,D003,Butter 500g,18,64,45,0,6.0,0,1
2025-07-10,D004,Cheese 500g,10,43,32,0,8.0,0,1
2025-07-10,DR001,Bottled Water 600mL,15,62,47,0,2.5,0,0
2025-07-10,DR002,Coke 1.5L,12,24,12,1,3.26,0,0
2025-07-10,DR003,Orange Juice 2L,19,64,44,0,5.5,0,1
2025-07-10,DR004,Energy Drink 250mL,12,32,20,0,4.0,0,0
2025-07-10,F001,Bananas,14,49,34,0,3.2,0,1
2025-07-10,F002,Apples,8,62,53,0,4.5,0,1
2025-07-10,FR001,Ice Cream 1L,15,47,32,0,6.5,0,0
2025-07-10,FR002,Frozen Pizza,19,19,45,1,6.07,45,0
2025-07-10,H001,Toilet Paper,21,27,46,0,8.0,40,0
2025-07-10,H002,Laundry Detergent,12,40,28,0,12.0,0,0
2025-07-10,P001,Instant Noodles,17,31,14,0,2.0,0,0
2025-07-10,P002,Rice 1kg,19,62,43,0,3.5,0,0
2025-07-10,P004,Cereal,10,41,31,0,5.0,0,0
2025-07-10,PC001,Shampoo,7,18,11,0,9.5,0,0
2025-07-10,PC002,Toothpaste,9,17,52,0,4.5,44,0
2025-07-10,S001,Potato Chips,29,54,25,0,3.0,0,0
2025-07-10,S002,Chocolate Bar,4,14,10,1,2.23,0,0
2025-07-11,B001,White Bread,37,40,42,1,2.78,39,0
2025-07-11,B002,Wholemeal Bread,31,41,10,0,4.0,0,0
2025-07-11,D001,Milk 2L,24,24,30,0,4.5,30,0
2025-07-11,D002,Eggs (12 pack),35,47,12,0,7.5,0,0
2025-07-11,D003,Butter 500g,28,45,17,0,6.0,0,0
2025-07-11,D004,Cheese 500g,11,32,21,1,6.91,0,0
2025-07-11,DR001,Bottled Water 600mL,13,47,34,1,1.78,0,0
2025-07-11,DR002,Coke 1.5L,10,12,26,0,3.8,24,0
2025-07-11,DR003,Orange Juice 2L,32,44,12,0,5.5,0,0
2025-07-11,DR004,Energy Drink 250mL,15,20,31,0,4.0,26,0
2025-07-11,F001,Bananas,17,34,17,1,2.87,0,0
2025-07-11,F002,Apples,6,53,46,0,4.5,0,1
2025-07-11,FR001,Ice Cream 1L,29,32,43,0,6.5,40,0
2025-07-11,FR002,Frozen Pizza,19,45,25,0,8.0,0,1
2025-07-11,H001,Toilet Paper,19,46,27,0,8.0,0,0
2025-07-11,H002,Laundry Detergent,17,28,11,0,12.0,0,0
2025-07-11,P001,Instant Noodles,14,14,67,0,2.0,67,0
2025-07-11,P002,Rice 1kg,35,43,52,0,3.5,44,0
2025-07-11,P004,Cereal,9,31,22,0,5.0,0,0
2025-07-11,PC001,Shampoo,11,11,31,0,9.5,31,0
2025-07-11,PC002,Toothpaste,9,52,43,1,3.78,0,0
2025-07-11,S001,Potato Chips,25,25,68,0,3.0,68,0
2025-07-11,S002,Chocolate Bar,10,10,65,0,2.8,65,0
2025-07-12,B001,White Bread,39,42,44,0,3.5,41,0
2025-07-12,B002,Wholemeal Bread,10,10,59,0,4.0,59,0
2025-07-12,D001,Milk 2L,30,30,31,0,4.5,31,0
2025-07-12,D002,Eggs (12 pack),12,12,41,0,7.5,41,0
2025-07-12,D003,Butter 500g,17,17,41,0,6.0,41,0
2025-07-12,D004,Cheese 500g,10,21,11,0,8.0,0,0
2025-07-12,DR001,Bottled Water 600mL,25,34,49,0,2.5,40,0
2025-07-12,DR002,Coke 1.5L,15,26,11,0,3.8,0,0
2025-07-12,DR003,Orange Juice 2L,12,12,35,0,5.5,35,0
2025-07-12,DR004,Energy Drink 250mL,17,31,14,0,4.0,0,0
2025-07-12,F001,Bananas,15,17,26,0,3.2,24,0
2025-07-12,F002,Apples,12,46,33,0,4.5,0,1
2025-07-12,FR001,Ice Cream 1L,27,43,16,1,5.81,0,0
2025-07-12,FR002,Frozen Pizza,17,25,66,0,8.0,58,0
2025-07-12,H001,Toilet Paper,20,27,59,1,6.3,52,0
2025-07-12,H002,Laundry Detergent,11,11,36,0,12.0,36,0
2025-07-12,P001,Instant Noodles,67,67,44,0,2.0,44,0
2025-07-12,P002,Rice 1kg,33,52,19,0,3.5,0,0
2025-07-12,P004,Cereal,13,22,36,0,5.0,27,0
2025-07-12,PC001,Shampoo,13,31,18,1,7.1,0,0
2025-07-12,PC002,Toothpaste,16,43,27,0,4.5,0,0
2025-07-12,S001,Potato Chips,38,68,30,0,3.0,0,0
2025-07-12,S002,Chocolate Bar,11,65,54,0,2.8,0,0
2025-07-13,B001,White Bread,44,44,50,0,3.5,50,0
2025-07-13,B002,Wholemeal Bread,35,59,24,1,3.54,0,0
2025-07-13,D001,Milk 2L,31,31,62,0,4.5,62,0
2025-07-13,D002,Eggs (12 pack),36,41,44,0,7.5,39,0
2025-07-13,D003,Butter 500g,35,41,47,0,6.0,41,0
2025-07-13,D004,Cheese 500g,11,11,61,0,8.0,61,0
2025-07-13,DR001,Bottled Water 600mL,20,49,29,0,2.5,0,0
2025-07-13,DR002,Coke 1.5L,11,11,58,0,3.8,58,0
2025-07-13,DR003,Orange Juice 2L,35,35,35,0,5.5,35,0
2025-07-13,DR004,Energy Drink 250mL,14,14,48,0,4.0,48,0
2025-07-13,F001,Bananas,15,26,11,0,3.2,0,0
2025-07-13,F002,Apples,14,33,19,0,4.5,0,0
2025-07-13,FR001,Ice Cream 1L,16,16,66,0,6.5,66,0
2025-07-13,FR002,Frozen Pizza,22,66,44,1,7.03,0,0
2025-07-13,H001,Toilet Paper,28,59,31,0,8.0,0,0
2025-07-13,H002,Laundry Detergent,23,36,13,0,12.0,0,0
2025-07-13,P001,Instant Noodles,37,44,54,0,2.0,47,0
2025-07-13,P002,Rice 1kg,19,19,38,0,3.5,38,0
2025-07-13,P004,Cereal,17,36,19,0,5.0,0,0
2025-07-13,PC001,Shampoo,15,18,54,0,9.5,51,0
2025-07-13,PC002,Toothpaste,18,27,60,0,4.5,51,0
2025-07-13,S001,Potato Chips,26,30,38,0,3.0,34,0
2025-07-13,S002,Chocolate Bar,9,54,45,0,2.8,0,0
2025-07-14,B001,White Bread,36,50,14,1,2.74,0,0
2025-07-14,B002,Wholemeal Bread,24,24,35,0,4.0,35,0
2025-07-14,D001,Milk 2L,62,62,53,0,4.5,53,0
2025-07-14,D002,Eggs (12 pack),25,44,19,0,7.5,0,0
2025-07-14,D003,Butter 500g,25,47,22,1,4.81,0,0
2025-07-14,D004,Cheese 500g,8,61,52,0,8.0,0,1
2025-07-14,DR001,Bottled Water 600mL,16,29,13,0,2.5,0,0
2025-07-14,DR002,Coke 1.5L,10,58,48,0,3.8,0,0
2025-07-14,DR003,Orange Juice 2L,19,35,16,0,5.5,0,0
2025-07-14,DR004,Energy Drink 250mL,10,48,38,1,3.35,0,0
2025-07-14,F001,Bananas,10,11,55,0,3.2,54,0
2025-07-14,F002,Apples,7,19,12,0,4.5,0,0
2025-07-14,FR001,Ice Cream 1L,17,66,48,0,6.5,0,1
2025-07-14,FR002,Frozen Pizza,16,44,28,0,8.0,0,0
2025-07-14,H001,Toilet Paper,12,31,19,0,8.0,0,0
2025-07-14,H002,Laundry Detergent,12,13,57,0,12.0,56,0
2025-07-14,P001,Instant Noodles,23,54,31,1,1.48,0,0
2025-07-14,P002,Rice 1kg,28,38,10,0,3.5,0,0
2025-07-14,P004,Cereal,10,19,61,0,5.0,52,0
2025-07-14,PC001,Shampoo,10,54,44,0,9.5,0,0
2025-07-14,PC002,Toothpaste,8,60,52,0,4.5,0,0
2025-07-14,S001,Potato Chips,25,38,13,0,3.0,0,0
2025-07-14,S002,Chocolate Bar,5,45,40,0,2.8,0,0
2025-07-15,B001,White Bread,14,14,62,0,3.5,62,0
2025-07-15,B002,Wholemeal Bread,24,35,11,0,4.0,0,0
2025-07-15,D001,Milk 2L,33,53,20,0,4.5,0,0
2025-07-15,D002,Eggs (12 pack),19,19,42,0,7.5,42,0
2025-07-15,D003,Butter 500g,20,22,59,0,6.0,57,0
2025-07-15,D004,Cheese 500g,8,52,43,0,8.0,0,1
2025-07-15,DR001,Bottled Water 600mL,9,13,49,0,2.5,45,0
2025-07-15,DR002,Coke 1.5L,10,48,38,0,3.8,0,0
2025-07-15,DR003,Orange Juice 2L,16,16,40,0,5.5,40,0
2025-07-15,DR004,Energy Drink 250mL,8,38,30,0,4.0,0,0
2025-07-15,F001,Bananas,12,55,42,0,3.2,0,1
2025-07-15,F002,Apples,7,12,54,0,4.5,49,0
2025-07-15,FR001,Ice Cream 1L,17,48,30,0,6.5,0,1
2025-07-15,FR002,Frozen Pizza,12,28,16,0,8.0,0,0
2025-07-15,H001,Toilet Paper,15,19,32,0,8.0,28,0
2025-07-15,H002,Laundry Detergent,12,57,45,0,12.0,0,0
2025-07-15,P001,Instant Noodles,21,31,10,0,2.0,0,0
2025-07-15,P002,Rice 1kg,10,10,40,1,3.08,40,0
2025-07-15,P004,Cereal,7,61,54,0,5.0,0,0
2025-07-15,PC001,Shampoo,9,44,35,0,9.5,0,0
2025-07-15,PC002,Toothpaste,10,52,42,0,4.5,0,0
2025-07-15,S001,Potato Chips,13,13,46,0,3.0,46,0
2025-07-15,S002,Chocolate Bar,6,40,34,0,2.8,0,0
2025-07-16,B001,White Bread,27,62,34,0,3.5,0,1
2025-07-16,B002,Wholemeal Bread,11,11,34,0,4.0,34,0
2025-07-16,D001,Milk 2L,20,20,48,0,4.5,48,0
2025-07-16,D002,Eggs (12 pack),21,42,21,0,7.5,0,0
2025-07-16,D003,Butter 500g,17,59,41,1,4.35,0,1
2025-07-16,D004,Cheese 500g,6,43,37,0,8.0,0,0
2025-07-16,DR001,Bottled Water 600mL,12,49,37,0,2.5,0,0
2025-07-16,DR002,Coke 1.5L,10,38,28,0,3.8,0,0
2025-07-16,DR003,Orange Juice 2L,21,40,19,0,5.5,0,0
2025-07-16,DR004,Energy Drink 250mL,13,30,17,0,4.0,0,0
2025-07-16,F001,Bananas,12,42,29,0,3.2,0,1
2025-07-16,F002,Apples,7,54,47,0,4.5,0,0
2025-07-16,FR001,Ice Cream 1L,17,30,13,0,6.5,0,0
2025-07-16,FR002,Frozen Pizza,13,16,47,0,8.0,44,0
2025-07-16,H001,Toilet Paper,21,32,11,0,8.0,0,0
2025-07-16,H002,Laundry Detergent,16,45,29,0,12.0,0,0
2025-07-16,P001,Instant Noodles,10,10,37,0,2.0,37,0
2025-07-16,P002,Rice 1kg,18,40,22,0,3.5,0,0
2025-07-16,P004,Cereal,10,54,44,0,5.0,0,0
2025-07-16,PC001,Shampoo,8,35,27,0,9.5,0,0
2025-07-16,PC002,Toothpaste,9,42,33,0,4.5,0,0
2025-07-16,S001,Potato Chips,22,46,24,0,3.0,0,0
2025-07-16,S002,Chocolate Bar,6,34,28,0,2.8,0,0
2025-07-17,B001,White Bread,26,34,36,0,3.5,28,0
2025-07-17,B002,Wholemeal Bread,22,34,12,0,4.0,0,0
2025-07-17,D001,Milk 2L,25,48,23,1,3.93,0,0
2025-07-17,D002,Eggs (12 pack),21,21,61,1,5.99,61,0
2025-07-17,D003,Butter 500g,24,41,17,0,6.0,0,0
2025-07-17,D004,Cheese 500g,9,37,28,0,8.0,0,0
2025-07-17,DR001,Bottled Water 600mL,17,37,20,0,2.5,0,0
2025-07-17,DR002,Coke 1.5L,7,28,21,0,3.8,0,0
2025-07-17,DR003,Orange Juice 2L,19,19,36,0,5.5,36,0
2025-07-17,DR004,Energy Drink 250mL,9,17,67,0,4.0,59,0
2025-07-17,F001,Bananas,9,29,20,0,3.2,0,0
2025-07-17,F002,Apples,6,47,40,0,4.5,0,1
2025-07-17,FR001,Ice Cream 1L,13,13,62,0,6.5,62,0
2025-07-17,FR002,Frozen Pizza,13,47,34,0,8.0,0,0
2025-07-17,H001,Toilet Paper,11,11,66,0,8.0,66,0
2025-07-17,H002,Laundry Detergent,16,29,13,0,12.0,0,0
2025-07-17,P001,Instant Noodles,13,37,24,1,1.6,0,0
2025-07-17,P002,Rice 1kg,22,22,45,0,3.5,45,0
2025-07-17,P004,Cereal,10,44,34,0,5.0,0,0
2025-07-17,PC001,Shampoo,7,27,20,0,9.5,0,0
2025-07-17,PC002,Toothpaste,12,33,21,0,4.5,0,0
2025-07-17,S001,Potato Chips,24,24,68,0,3.0,68,0
2025-07-17,S002,Chocolate Bar,5,28,23,0,2.8,0,0
2025-07-18,B001,White Bread,36,36,48,0,3.5,48,0
2025-07-18,B002,Wholemeal Bread,12,12,50,0,4.0,50,0
2025-07-18,D001,Milk 2L,23,23,43,0,4.5,43,0
2025-07-18,D002,Eggs (12 pack),23,61,37,0,7.5,0,1
2025-07-18,D003,Butter 500g,17,17,33,0,6.0,33,0
2025-07-18,D004,Cheese 500g,11,28,17,0,8.0,0,0
2025-07-18,DR001,Bottled Water 600mL,20,20,36,0,2.5,36,0
2025-07-18,DR002,Coke 1.5L,15,21,57,0,3.8,51,0
2025-07-18,DR003,Orange Juice 2L,21,36,15,0,5.5,0,0
2025-07-18,DR004,Energy Drink 250mL,13,67,54,0,4.0,0,0
2025-07-18,F001,Bananas,11,20,48,0,3.2,39,0
2025-07-18,F002,Apples,10,40,29,0,4.5,0,1
2025-07-18,FR001,Ice Cream 1L,27,62,35,0,6.5,0,0
2025-07-18,FR002,Frozen Pizza,23,34,11,0,8.0,0,0
2025-07-18,H001,Toilet Paper,19,66,47,0,8.0,0,0
2025-07-18,H002,Laundry Detergent,13,13,49,0,12.0,49,0
2025-07-18,P001,Instant Noodles,24,24,63,0,2.0,63,0
2025-07-18,P002,Rice 1kg,22,45,23,0,3.5,0,0
2025-07-18,P004,Cereal,14,34,20,0,5.0,0,0
2025-07-18,PC001,Shampoo,8,20,12,0,9.5,0,0
2025-07-18,PC002,Toothpaste,9,21,12,1,3.18,0,0
2025-07-18,S001,Potato Chips,25,68,43,0,3.0,0,0
2025-07-18,S002,Chocolate Bar,8,23,15,0,2.8,0,0
2025-07-19,B001,White Bread,48,48,62,0,3.5,62,0
2025-07-19,B002,Wholemeal Bread,36,50,14,1,3.34,0,0
2025-07-19,D001,Milk 2L,43,43,38,1,3.87,38,0
2025-07-19,D002,Eggs (12 pack),36,37,57,0,7.5,56,0
2025-07-19,D003,Butter 500g,31,33,24,0,6.0,22,0
2025-07-19,D004,Cheese 500g,11,17,28,1,5.8,22,0
2025-07-19,DR001,Bottled Water 600mL,17,36,19,0,2.5,0,0
2025-07-19,DR002,Coke 1.5L,15,57,42,0,3.8,0,0
2025-07-19,DR003,Orange Juice 2L,15,15,46,1,4.08,46,0
2025-07-19,DR004,Energy Drink 250mL,16,54,38,0,4.0,0,0
2025-07-19,F001,Bananas,13,48,35,0,3.2,0,0
2025-07-19,F002,Apples,12,29,17,1,3.98,0,0
2025-07-19,FR001,Ice Cream 1L,32,35,48,0,6.5,45,0
2025-07-19,FR002,Frozen Pizza,11,11,59,0,8.0,59,0
2025-07-19,H001,Toilet Paper,21,47,26,0,8.0,0,0
2025-07-19,H002,Laundry Detergent,24,49,25,0,12.0,0,0
2025-07-19,P001,Instant Noodles,24,63,39,0,2.0,0,0
2025-07-19,P002,Rice 1kg,23,23,31,0,3.5,31,0
2025-07-19,P004,Cereal,16,20,33,0,5.0,29,0
2025-07-19,PC001,Shampoo,12,12,27,0,9.5,27,0
2025-07-19,PC002,Toothpaste,12,12,63,0,4.5,63,0
2025-07-19,S001,Potato Chips,37,43,42,0,3.0,36,0
2025-07-19,S002,Chocolate Bar,10,15,64,0,2.8,59,0
2025-07-20,B001,White Bread,44,62,18,0,3.5,0,0
2025-07-20,B002,Wholemeal Bread,14,14,37,1,3.52,37,0
2025-07-20,D001,Milk 2L,38,38,67,1,3.43,67,0
2025-07-20,D002,Eggs (12 pack),37,57,20,0,7.5,0,0
2025-07-20,D003,Butter 500g,24,24,68,0,6.0,68,0
2025-07-20,D004,Cheese 500g,12,28,16,1,6.02,0,0
2025-07-20,DR001,Bottled Water 600mL,19,19,60,0,2.5,60,0
2025-07-20,DR002,Coke 1.5L,20,42,22,0,3.8,0,0
2025-07-20,DR003,Orange Juice 2L,33,46,13,0,5.5,0,0
2025-07-20,DR004,Energy Drink 250mL,13,38,25,0,4.0,0,0
2025-07-20,F001,Bananas,19,35,16,0,3.2,0,0
2025-07-20,F002,Apples,12,17,30,0,4.5,25,0
2025-07-20,FR001,Ice Cream 1L,42,48,42,0,6.5,36,0
2025-07-20,FR002,Frozen Pizza,30,59,29,1,6.39,0,0
2025-07-20,H001,Toilet Paper,21,26,58,0,8.0,53,0
2025-07-20,H002,Laundry Detergent,25,25,61,0,12.0,61,0
2025-07-20,P001,Instant Noodles,24,39,15,0,2.0,0,0
2025-07-20,P002,Rice 1kg,31,31,34,0,3.5,34,0
2025-07-20,P004,Cereal,12,33,21,0,5.0,0,0
2025-07-20,PC001,Shampoo,14,27,13,0,9.5,0,0
2025-07-20,PC002,Toothpaste,11,63,52,0,4.5,0,0
2025-07-20,S001,Potato Chips,36,42,32,0,3.0,26,0
2025-07-20,S002,Chocolate Bar,11,64,53,0,2.8,0,0
2025-07-21,B001,White Bread,18,18,31,0,3.5,31,0
2025-07-21,B002,Wholemeal Bread,19,37,18,0,4.0,0,0
2025-07-21,D001,Milk 2L,43,67,23,1,3.27,0,1
2025-07-21,D002,Eggs (12 pack),18,20,32,1,5.98,30,0
2025-07-21,D003,Butter 500g,20,68,47,0,6.0,0,1
2025-07-21,D004,Cheese 500g,6,16,10,0,8.0,0,0
2025-07-21,DR001,Bottled Water 600mL,9,60,51,0,2.5,0,0
2025-07-21,DR002,Coke 1.5L,10,22,12,0,3.8,0,0
2025-07-21,DR003,Orange Juice 2L,13,13,56,0,5.5,56,0
2025-07-21,DR004,Energy Drink 250mL,8,25,17,0,4.0,0,0
2025-07-21,F001,Bananas,10,16,36,1,2.26,30,0
2025-07-21,F002,Apples,6,30,24,0,4.5,0,0
2025-07-21,FR001,Ice Cream 1L,17,42,24,0,6.5,0,1
2025-07-21,FR002,Frozen Pizza,17,29,12,0,8.0,0,0
2025-07-21,H001,Toilet Paper,22,58,36,0,8.0,0,0
2025-07-21,H002,Laundry Detergent,16,61,45,0,12.0,0,0
2025-07-21,P001,Instant Noodles,15,15,67,0,2.0,67,0
2025-07-21,P002,Rice 1kg,19,34,15,0,3.5,0,0
2025-07-21,P004,Cereal,12,21,41,1,4.29,32,0
2025-07-21,PC001,Shampoo,6,13,33,0,9.5,26,0
2025-07-21,PC002,Toothpaste,10,52,42,0,4.5,0,0
2025-07-21,S001,Potato Chips,26,32,36,0,3.0,30,0
2025-07-21,S002,Chocolate Bar,5,53,48,0,2.8,0,0
2025-07-22,B001,White Bread,27,31,63,0,3.5,59,0
2025-07-22,B002,Wholemeal Bread,15,18,54,0,4.0,51,0
2025-07-22,D001,Milk 2L,23,23,60,0,4.5,60,0
2025-07-22,D002,Eggs (12 pack),21,32,11,0,7.5,0,0
2025-07-22,D003,Butter 500g,24,47,22,0,6.0,0,1
2025-07-22,D004,Cheese 500g,7,10,58,0,8.0,55,0
2025-07-22,DR001,Bottled Water 600mL,16,51,35,0,2.5,0,0
2025-07-22,DR002,Coke 1.5L,12,12,44,1,2.68,44,0
2025-07-22,DR003,Orange Juice 2L,25,56,31,0,5.5,0,0
2025-07-22,DR004,Energy Drink 250mL,8,17,30,0,4.0,21,0
2025-07-22,F001,Bananas,10,36,26,0,3.2,0,0
2025-07-22,F002,Apples,7,24,17,0,4.5,0,0
2025-07-22,FR001,Ice Cream 1L,24,24,62,0,6.5,62,0
2025-07-22,FR002,Frozen Pizza,12,12,64,0,8.0,64,0
2025-07-22,H001,Toilet Paper,13,36,23,0,8.0,0,0
2025-07-22,H002,Laundry Detergent,11,45,34,0,12.0,0,0
2025-07-22,P001,Instant Noodles,15,67,52,0,2.0,0,0
2025-07-22,P002,Rice 1kg,15,15,34,0,3.5,34,0
2025-07-22,P004,Cereal,8,41,33,0,5.0,0,0
2025-07-22,PC001,Shampoo,11,33,22,0,9.5,0,0
2025-07-22,PC002,Toothpaste,9,42,33,0,4.5,0,0
2025-07-22,S001,Potato Chips,19,36,17,0,3.0,0,0
2025-07-22,S002,Chocolate Bar,7,48,41,0,2.8,0,0
2025-07-23,B001,White Bread,29,63,34,0,3.5,0,0
2025-07-23,B002,Wholemeal Bread,21,54,33,1,3.3,0,0
2025-07-23,D001,Milk 2L,39,60,21,1,3.43,0,0
2025-07-23,D002,Eggs (12 pack),11,11,40,1,5.75,40,0
2025-07-23,D003,Butter 500g,22,22,48,0,6.0,48,0
2025-07-23,D004,Cheese 500g,9,58,49,0,8.0,0,0
2025-07-23,DR001,Bottled Water 600mL,15,35,20,0,2.5,0,0
2025-07-23,DR002,Coke 1.5L,10,44,34,0,3.8,0,0
2025-07-23,DR003,Orange Juice 2L,27,31,44,0,5.5,40,0
2025-07-23,DR004,Energy Drink 250mL,11,30,19,0,4.0,0,0
2025-07-23,F001,Bananas,13,26,13,0,3.2,0,0
2025-07-23,F002,Apples,8,17,66,0,4.5,57,0
2025-07-23,FR001,Ice Cream 1L,22,62,40,0,6.5,0,0
2025-07-23,FR002,Frozen Pizza,14,64,49,0,8.0,0,1
2025-07-23,H001,Toilet Paper,13,23,10,0,8.0,0,0
2025-07-23,H002,Laundry Detergent,16,34,18,0,12.0,0,0
2025-07-23,P001,Instant Noodles,19,52,33,0,2.0,0,0
2025-07-23,P002,Rice 1kg,25,34,42,0,3.5,33,0
2025-07-23,P004,Cereal,8,33,25,1,4.13,0,0
2025-07-23,PC001,Shampoo,6,22,16,1,8.48,0,0
2025-07-23,PC002,Toothpaste,11,33,22,0,4.5,0,0
2025-07-23,S001,Potato Chips,17,17,38,0,3.0,38,0
2025-07-23,S002,Chocolate Bar,7,41,34,0,2.8,0,0
2025-07-24,B001,White Bread,33,34,34,0,3.5,33,0
2025-07-24,B002,Wholemeal Bread,20,33,13,0,4.0,0,0
2025-07-24,D001,Milk 2L,21,21,52,0,4.5,52,0
2025-07-24,D002,Eggs (12 pack),28,40,12,1,6.3,0,0
2025-07-24,D003,Butter 500g,30,48,18,0,6.0,0,0
2025-07-24,D004,Cheese 500g,8,49,41,0,8.0,0,0
2025-07-24,DR001,Bottled Water 600mL,9,20,11,0,2.5,0,0
2025-07-24,DR002,Coke 1.5L,9,34,25,0,3.8,0,0
2025-07-24,DR003,Orange Juice 2L,27,44,17,0,5.5,0,0
2025-07-24,DR004,Energy Drink 250mL,12,19,59,0,4.0,52,0
2025-07-24,F001,Bananas,13,13,38,0,3.2,38,0
2025-07-24,F002,Apples,6,66,59,0,4.5,0,1
2025-07-24,FR001,Ice Cream 1L,21,40,19,0,6.5,0,0
2025-07-24,FR002,Frozen Pizza,20,49,29,0,8.0,0,0
2025-07-24,H001,Toilet Paper,10,10,67,0,8.0,67,0
2025-07-24,H002,Laundry Detergent,16,18,61,0,12.0,59,0
2025-07-24,P001,Instant Noodles,18,33,15,0,2.0,0,0
2025-07-24,P002,Rice 1kg,18,42,24,1,3.0,0,0
2025-07-24,P004,Cereal,8,25,17,0,5.0,0,0
2025-07-24,PC001,Shampoo,7,16,49,0,9.5,40,0
2025-07-24,PC002,Toothpaste,11,22,11,0,4.5,0,0
2025-07-24,S001,Potato Chips,27,38,11,1,2.55,0,0
2025-07-24,S002,Chocolate Bar,5,34,29,0,2.8,0,0
2025-07-25,B001,White Bread,34,34,30,0,3.5,30,0
2025-07-25,B002,Wholemeal Bread,13,13,62,0,4.0,62,0
2025-07-25,D001,Milk 2L,49,52,55,0,4.5,52,0
2025-07-25,D002,Eggs (12 pack),12,12,52,1,5.69,52,0
2025-07-25,D003,Butter 500g,18,18,47,0,6.0,47,0
2025-07-25,D004,Cheese 500g,11,41,29,0,8.0,0,1
2025-07-25,DR001,Bottled Water 600mL,11,11,43,0,2.5,43,0
2025-07-25,DR002,Coke 1.5L,10,25,15,1,2.68,0,0
2025-07-25,DR003,Orange Juice 2L,17,17,44,0,5.5,44,0
2025-07-25,DR004,Energy Drink 250mL,10,59,49,0,4.0,0,0
2025-07-25,F001,Bananas,10,38,28,0,3.2,0,0
2025-07-25,F002,Apples,11,59,48,0,4.5,0,0
2025-07-25,FR001,Ice Cream 1L,19,19,64,0,6.5,64,0
2025-07-25,FR002,Frozen Pizza,20,29,31,0,8.0,22,0
2025-07-25,H001,Toilet Paper,16,67,51,1,6.76,0,0
2025-07-25,H002,Laundry Detergent,17,61,44,0,12.0,0,0
2025-07-25,P001,Instant Noodles,15,15,34,0,2.0,34,0
2025-07-25,P002,Rice 1kg,23,24,21,0,3.5,20,0
2025-07-25,P004,Cereal,12,17,59,0,5.0,54,0
2025-07-25,PC001,Shampoo,10,49,39,0,9.5,0,0
2025-07-25,PC002,Toothpaste,11,11,53,0,4.5,53,0
2025-07-25,S001,Potato Chips,11,11,64,1,2.35,64,0
2025-07-25,S002,Chocolate Bar,6,29,23,0,2.8,0,0
2025-07-26,B001,White Bread,30,30,42,0,3.5,42,0
2025-07-26,B002,Wholemeal Bread,23,62,39,0,4.0,0,0
2025-07-26,D001,Milk 2L,47,55,62,1,3.44,54,0
2025-07-26,D002,Eggs (12 pack),35,52,17,0,7.5,0,0
2025-07-26,D003,Butter 500g,39,47,41,0,6.0,33,0
2025-07-26,D004,Cheese 500g,9,29,20,0,8.0,0,0
2025-07-26,DR001,Bottled Water 600mL,19,43,24,0,2.5,0,0
2025-07-26,DR002,Coke 1.5L,15,15,68,0,3.8,68,0
2025-07-26,DR003,Orange Juice 2L,29,44,15,1,4.44,0,0
2025-07-26,DR004,Energy Drink 250mL,49,49,60,0,4.0,60,0
2025-07-26,F001,Bananas,11,28,17,0,3.2,0,0
2025-07-26,F002,Apples,14,48,33,0,4.5,0,1
2025-07-26,FR001,Ice Cream 1L,40,64,24,0,6.5,0,0
2025-07-26,FR002,Frozen Pizza,24,31,51,0,8.0,44,0
2025-07-26,H001,Toilet Paper,29,51,22,0,8.0,0,0
2025-07-26,H002,Laundry Detergent,25,44,19,1,9.59,0,0
2025-07-26,P001,Instant Noodles,28,34,55,0,2.0,49,0
2025-07-26,P002,Rice 1kg,21,21,57,0,3.5,57,0
2025-07-26,P004,Cereal,14,59,45,0,5.0,0,0
2025-07-26,PC001,Shampoo,11,39,28,0,9.5,0,0
2025-07-26,PC002,Toothpaste,18,53,35,0,4.5,0,0
2025-07-26,S001,Potato Chips,30,64,34,0,3.0,0,0
2025-07-26,S002,Chocolate Bar,8,23,15,1,2.42,0,0
2025-07-27,B001,White Bread,42,42,45,0,3.5,45,0
2025-07-27,B002,Wholemeal Bread,38,39,50,0,4.0,49,0
2025-07-27,D001,Milk 2L,55,62,27,0,4.5,20,0
2025-07-27,D002,Eggs (12 pack),17,17,30,0,7.5,30,0
2025-07-27,D003,Butter 500g,29,41,12,1,4.4,0,0
2025-07-27,D004,Cheese 500g,11,20,30,1,6.28,21,0
2025-07-27,DR001,Bottled Water 600mL,21,24,44,0,2.5,41,0
2025-07-27,DR002,Coke 1.5L,19,68,49,0,3.8,0,0
2025-07-27,DR003,Orange Juice 2L,15,15,32,0,5.5,32,0
2025-07-27,DR004,Energy Drink 250mL,11,60,49,0,4.0,0,0
2025-07-27,F001,Bananas,14,17,49,0,3.2,46,0
2025-07-27,F002,Apples,11,33,22,0,4.5,0,0
2025-07-27,FR001,Ice Cream 1L,24,24,57,1,5.6,57,0
2025-07-27,FR002,Frozen Pizza,28,51,23,0,8.0,0,0
2025-07-27,H001,Toilet Paper,20,22,32,0,8.0,30,0
2025-07-27,H002,Laundry Detergent,19,19,59,0,12.0,59,0
2025-07-27,P001,Instant Noodles,31,55,24,0,2.0,0,0
2025-07-27,P002,Rice 1kg,27,57,30,0,3.5,0,0
2025-07-27,P004,Cereal,45,45,44,0,5.0,44,0
2025-07-27,PC001,Shampoo,13,28,15,0,9.5,0,0
2025-07-27,PC002,Toothpaste,16,35,19,0,4.5,0,0
2025-07-27,S001,Potato Chips,28,34,36,0,3.0,30,0
2025-07-27,S002,Chocolate Bar,12,15,50,0,2.8,47,0
2025-07-28,B001,White Bread,35,45,10,0,3.5,0,0
2025-07-28,B002,Wholemeal Bread,26,50,24,0,4.0,0,0
2025-07-28,D001,Milk 2L,27,27,34,1,3.5,34,0
2025-07-28,D002,Eggs (12 pack),30,30,59,0,7.5,59,0
2025-07-28,D003,Butter 500g,12,12,57,0,6.0,57,0
2025-07-28,D004,Cheese 500g,9,30,21,0,8.0,0,0
2025-07-28,DR001,Bottled Water 600mL,14,44,30,0,2.5,0,0
2025-07-28,DR002,Coke 1.5L,11,49,38,0,3.8,0,0
2025-07-28,DR003,Orange Juice 2L,25,32,32,0,5.5,25,0
2025-07-28,DR004,Energy Drink 250mL,10,49,39,0,4.0,0,0
2025-07-28,F001,Bananas,9,49,39,0,3.2,0,1
2025-07-28,F002,Apples,8,22,14,0,4.5,0,0
2025-07-28,FR001,Ice Cream 1L,24,57,33,0,6.5,0,0
2025-07-28,FR002,Frozen Pizza,13,23,10,0,8.0,0,0
2025-07-28,H001,Toilet Paper,21,32,11,0,8.0,0,0
2025-07-28,H002,Laundry Detergent,11,59,48,0,12.0,0,0
2025-07-28,P001,Instant Noodles,13,24,11,0,2.0,0,0
2025-07-28,P002,Rice 1kg,20,30,10,0,3.5,0,0
2025-07-28,P004,Cereal,10,44,34,0,5.0,0,0
2025-07-28,PC001,Shampoo,6,15,36,0,9.5,27,0
2025-07-28,PC002,Toothpaste,8,19,11,0,4.5,0,0
2025-07-28,S001,Potato Chips,22,36,14,1,2.36,0,0
2025-07-28,S002,Chocolate Bar,7,50,43,0,2.8,0,0
2025-07-29,B001,White Bread,10,10,48,0,3.5,48,0
2025-07-29,B002,Wholemeal Bread,18,24,33,0,4.0,27,0
2025-07-29,D001,Milk 2L,34,34,44,0,4.5,44,0
2025-07-29,D002,Eggs (12 pack),19,59,39,0,7.5,0,1
2025-07-29,D003,Butter 500g,16,57,40,0,6.0,0,1
2025-07-29,D004,Cheese 500g,7,21,14,0,8.0,0,0
2025-07-29,DR001,Bottled Water 600mL,17,30,13,1,1.98,0,0
2025-07-29,DR002,Coke 1.5L,9,38,29,0,3.8,0,0
2025-07-29,DR003,Orange Juice 2L,19,32,13,0,5.5,0,0
2025-07-29,DR004,Energy Drink 250mL,11,39,28,1,3.27,0,0
2025-07-29,F001,Bananas,13,39,25,0,3.2,0,1
2025-07-29,F002,Apples,8,14,35,1,3.53,29,0
2025-07-29,FR001,Ice Cream 1L,24,33,43,0,6.5,34,0
2025-07-29,FR002,Frozen Pizza,10,10,54,0,8.0,54,0
2025-07-29,H001,Toilet Paper,11,11,60,0,8.0,60,0
2025-07-29,H002,Laundry Detergent,12,48,36,0,12.0,0,0
2025-07-29,P001,Instant Noodles,11,11,39,0,2.0,39,0
2025-07-29,P002,Rice 1kg,10,10,65,0,3.5,65,0
2025-07-29,P004,Cereal,8,34,26,0,5.0,0,0
2025-07-29,PC001,Shampoo,11,36,25,0,9.5,0,0
2025-07-29,PC002,Toothpaste,9,11,22,0,4.5,20,0
2025-07-29,S001,Potato Chips,14,14,56,0,3.0,56,0
2025-07-29,S002,Chocolate Bar,6,43,37,0,2.8,0,0
2025-07-30,B001,White Bread,21,48,27,0,3.5,0,0
2025-07-30,B002,Wholemeal Bread,18,33,15,0,4.0,0,0
2025-07-30,D001,Milk 2L,39,44,58,1,3.5,53,0
2025-07-30,D002,Eggs (12 pack),20,39,19,0,7.5,0,0
2025-07-30,D003,Butter 500g,26,40,14,0,6.0,0,0
2025-07-30,D004,Cheese 500g,6,14,64,1,5.97,56,0
2025-07-30,DR001,Bottled Water 600mL,13,13,46,0,2.5,46,0
2025-07-30,DR002,Coke 1.5L,11,29,18,0,3.8,0,0
2025-07-30,DR003,Orange Juice 2L,13,13,53,0,5.5,53,0
2025-07-30,DR004,Energy Drink 250mL,12,28,16,0,4.0,0,0
2025-07-30,F001,Bananas,11,25,14,0,3.2,0,0
2025-07-30,F002,Apples,7,35,28,0,4.5,0,0
2025-07-30,FR001,Ice Cream 1L,26,43,17,0,6.5,0,0
2025-07-30,FR002,Frozen Pizza,13,54,40,1,5.78,0,1
2025-07-30,H001,Toilet Paper,15,60,45,0,8.0,0,0
2025-07-30,H002,Laundry Detergent,17,36,19,0,12.0,0,0
2025-07-30,P001,Instant Noodles,22,39,17,0,2.0,0,0
2025-07-30,P002,Rice 1kg,25,65,40,0,3.5,0,0
2025-07-30,P004,Cereal,8,26,18,0,5.0,0,0
2025-07-30,PC001,Shampoo,8,25,17,0,9.5,0,0
2025-07-30,PC002,Toothpaste,8,22,14,0,4.5,0,0
2025-07-30,S001,Potato Chips,16,56,40,1,2.17,0,0
2025-07-30,S002,Chocolate Bar,5,37,32,1,2.02,0,0
2025-07-31,B001,White Bread,27,27,65,0,3.5,65,0
2025-07-31,B002,Wholemeal Bread,15,15,39,0,4.0,39,0
2025-07-31,D001,Milk 2L,41,58,17,0,4.5,0,0
2025-07-31,D002,Eggs (12 pack),18,19,35,0,7.5,34,0
2025-07-31,D003,Butter 500g,14,14,63,0,6.0,63,0
2025-07-31,D004,Cheese 500g,6,64,56,0,8.0,0,2
2025-07-31,DR001,Bottled Water 600mL,11,46,35,0,2.5,0,0
2025-07-31,DR002,Coke 1.5L,11,18,33,0,3.8,26,0
2025-07-31,DR003,Orange Juice 2L,22,53,30,1,4.15,0,1
2025-07-31,DR004,Energy Drink 250mL,12,16,39,0,4.0,35,0
2025-07-31,F001,Bananas,12,14,29,0,3.2,27,0
2025-07-31,F002,Apples,5,28,22,1,3.91,0,1
2025-07-31,FR001,Ice Cream 1L,17,17,61,0,6.5,61,0
2025-07-31,FR002,Frozen Pizza,14,40,26,0,8.0,0,0
2025-07-31,H001,Toilet Paper,15,45,30,0,8.0,0,0
2025-07-31,H002,Laundry Detergent,18,19,36,0,12.0,35,0
2025-07-31,P001,Instant Noodles,17,17,49,0,2.0,49,0
2025-07-31,P002,Rice 1kg,20,40,20,0,3.5,0,0
2025-07-31,P004,Cereal,9,18,30,0,5.0,21,0
2025-07-31,PC001,Shampoo,8,17,59,0,9.5,50,0
2025-07-31,PC002,Toothpaste,14,14,49,0,4.5,49,0
2025-07-31,S001,Potato Chips,26,40,14,0,3.0,0,0
2025-07-31,S002,Chocolate Bar,6,32,26,0,2.8,0,0
2025-08-01,B001,White Bread,35,65,30,0,3.5,0,0
2025-08-01,B002,Wholemeal Bread,25,39,14,0,4.0,0,0
2025-08-01,D001,Milk 2L,17,17,39,1,3.81,39,0
2025-08-01,D002,Eggs (12 pack),23,35,12,0,7.5,0,0
2025-08-01,D003,Butter 500g,23,63,39,0,6.0,0,1
2025-08-01,D004,Cheese 500g,12,56,43,0,8.0,0,1
2025-08-01,DR001,Bottled Water 600mL,20,35,15,0,2.5,0,0
2025-08-01,DR002,Coke 1.5L,10,33,23,0,3.8,0,0
2025-08-01,DR003,Orange Juice 2L,25,30,61,0,5.5,56,0
2025-08-01,DR004,Energy Drink 250mL,16,39,23,1,3.42,0,0
2025-08-01,F001,Bananas,13,29,16,0,3.2,0,0
2025-08-01,F002,Apples,7,22,15,0,4.5,0,0
2025-08-01,FR001,Ice Cream 1L,27,61,34,0,6.5,0,0
2025-08-01,FR002,Frozen Pizza,16,26,10,0,8.0,0,0
2025-08-01,H001,Toilet Paper,18,30,12,0,8.0,0,0
2025-08-01,H002,Laundry Detergent,22,36,14,0,12.0,0,0
2025-08-01,P001,Instant Noodles,22,49,27,0,2.0,0,0
2025-08-01,P002,Rice 1kg,20,20,40,0,3.5,40,0
2025-08-01,P004,Cereal,12,30,18,0,5.0,0,0
2025-08-01,PC001,Shampoo,8,59,51,0,9.5,0,0
2025-08-01,PC002,Toothpaste,49,49,46,0,4.5,46,0
2025-08-01,S001,Potato Chips,14,14,30,0,3.0,30,0
2025-08-01,S002,Chocolate Bar,6,26,20,0,2.8,0,0
2025-08-02,B001,White Bread,30,30,50,0,3.5,50,0
2025-08-02,B002,Wholemeal Bread,14,14,69,1,3.08,69,0
2025-08-02,D001,Milk 2L,39,39,61,0,4.5,61,0
2025-08-02,D002,Eggs (12 pack),12,12,53,1,6.48,53,0
2025-08-02,D003,Butter 500g,28,39,11,0,6.0,0,0
2025-08-02,D004,Cheese 500g,43,43,68,0,8.0,68,0
2025-08-02,DR001,Bottled Water 600mL,15,15,60,0,2.5,60,0
2025-08-02,DR002,Coke 1.5L,15,23,55,1,3.34,47,0
2025-08-02,DR003,Orange Juice 2L,30,61,30,1,4.81,0,1
2025-08-02,DR004,Energy Drink 250mL,11,23,12,0,4.0,0,0
2025-08-02,F001,Bananas,13,16,31,0,3.2,28,0
2025-08-02,F002,Apples,13,15,60,0,4.5,58,0
2025-08-02,FR001,Ice Cream 1L,34,34,51,1,5.8,51,0
2025-08-02,FR002,Frozen Pizza,10,10,30,0,8.0,30,0
2025-08-02,H001,Toilet Paper,12,12,47,0,8.0,47,0
2025-08-02,H002,Laundry Detergent,14,14,44,0,12.0,44,0
2025-08-02,P001,Instant Noodles,27,27,30,0,2.0,30,0
2025-08-02,P002,Rice 1kg,26,40,14,0,3.5,0,0
2025-08-02,P004,Cereal,10,18,29,0,5.0,21,0
2025-08-02,PC001,Shampoo,10,51,41,0,9.5,0,0
2025-08-02,PC002,Toothpaste,11,46,35,0,4.5,0,0
2025-08-02,S001,Potato Chips,30,30,56,1,2.67,56,0
2025-08-02,S002,Chocolate Bar,7,20,13,0,2.8,0,0
2025-08-03,B001,White Bread,35,50,15,0,3.5,0,0
2025-08-03,B002,Wholemeal Bread,30,69,39,0,4.0,0,0
2025-08-03,D001,Milk 2L,52,61,62,0,4.5,53,0
2025-08-03,D002,Eggs (12 pack),28,53,25,0,7.5,0,0
2025-08-03,D003,Butter 500g,11,11,46,0,6.0,46,0
2025-08-03,D004,Cheese 500g,15,68,53,0,8.0,0,0
2025-08-03,DR001,Bottled Water 600mL,48,60,12,0,2.5,0,0
2025-08-03,DR002,Coke 1.5L,15,55,40,0,3.8,0,0
2025-08-03,DR003,Orange Juice 2L,26,30,26,0,5.5,22,0
2025-08-03,DR004,Energy Drink 250mL,12,12,36,0,4.0,36,0
2025-08-03,F001,Bananas,11,31,20,0,3.2,0,0
2025-08-03,F002,Apples,8,60,51,0,4.5,0,1
2025-08-03,FR001,Ice Cream 1L,39,51,12,0,6.5,0,0
2025-08-03,FR002,Frozen Pizza,21,30,37,0,8.0,28,0
2025-08-03,H001,Toilet Paper,25,47,22,0,8.0,0,0
2025-08-03,H002,Laundry Detergent,26,44,18,0,12.0,0,0
2025-08-03,P001,Instant Noodles,27,30,37,0,2.0,34,0
2025-08-03,P002,Rice 1kg,14,14,54,0,3.5,54,0
2025-08-03,P004,Cereal,13,29,16,0,5.0,0,0
2025-08-03,PC001,Shampoo,13,41,28,0,9.5,0,0
2025-08-03,PC002,Toothpaste,11,35,24,0,4.5,0,0
2025-08-03,S001,Potato Chips,27,56,29,0,3.0,0,0
2025-08-03,S002,Chocolate Bar,9,13,60,0,2.8,56,0
2025-08-04,B001,White Bread,15,15,34,0,3.5,34,0
2025-08-04,B002,Wholemeal Bread,19,39,20,0,4.0,0,0
2025-08-04,D001,Milk 2L,38,62,23,0,4.5,0,1
2025-08-04,D002,Eggs (12 pack),25,25,36,0,7.5,36,0
2025-08-04,D003,Butter 500g,24,46,22,0,6.0,0,0
2025-08-04,D004,Cheese 500g,8,53,45,0,8.0,0,0
2025-08-04,DR001,Bottled Water 600mL,12,12,46,0,2.5,46,0
2025-08-04,DR002,Coke 1.5L,9,40,31,0,3.8,0,0
2025-08-04,DR003,Orange Juice 2L,21,26,59,1,4.23,54,0
2025-08-04,DR004,Energy Drink 250mL,9,36,27,0,4.0,0,0
2025-08-04,F001,Bananas,11,20,54,1,2.78,45,0
2025-08-04,F002,Apples,7,51,44,1,4.03,0,0
2025-08-04,FR001,Ice Cream 1L,12,12,32,0,6.5,32,0
2025-08-04,FR002,Frozen Pizza,12,37,25,1,6.28,0,0
2025-08-04,H001,Toilet Paper,16,22,36,0,8.0,30,0
2025-08-04,H002,Laundry Detergent,13,18,48,0,12.0,43,0
2025-08-04,P001,Instant Noodles,14,37,23,1,1.57,0,0
2025-08-04,P002,Rice 1kg,30,54,24,0,3.5,0,0
2025-08-04,P004,Cereal,9,16,31,0,5.0,24,0
2025-08-04,PC001,Shampoo,7,28,21,0,9.5,0,0
2025-08-04,PC002,Toothpaste,24,24,31,0,4.5,31,0
2025-08-04,S001,Potato Chips,22,29,55,0,3.0,48,0
2025-08-04,S002,Chocolate Bar,7,60,53,0,2.8,0,0
2025-08-05,B001,White Bread,34,34,44,0,3.5,44,0
2025-08-05,B002,Wholemeal Bread,20,20,31,0,4.0,31,0
2025-08-05,D001,Milk 2L,23,23,37,0,4.5,37,0
2025-08-05,D002,Eggs (12 pack),25,36,11,0,7.5,0,0
2025-08-05,D003,Butter 500g,17,22,52,1,4.34,47,0
2025-08-05,D004,Cheese 500g,6,45,39,0,8.0,0,0
2025-08-05,DR001,Bottled Water 600mL,15,46,31,0,2.5,0,0
2025-08-05,DR002,Coke 1.5L,8,31,23,0,3.8,0,0
2025-08-05,DR003,Orange Juice 2L,17,59,42,0,5.5,0,0
2025-08-05,DR004,Energy Drink 250mL,8,27,19,0,4.0,0,0
2025-08-05,F001,Bananas,11,54,43,0,3.2,0,0
2025-08-05,F002,Apples,7,44,36,0,4.5,0,1
2025-08-05,FR001,Ice Cream 1L,27,32,43,0,6.5,38,0
2025-08-05,FR002,Frozen Pizza,20,25,34,0,8.0,29,0
2025-08-05,H001,Toilet Paper,16,36,20,0,8.0,0,0
2025-08-05,H002,Laundry Detergent,12,48,36,0,12.0,0,0
2025-08-05,P001,Instant Noodles,14,23,44,0,2.0,35,0
2025-08-05,P002,Rice 1kg,24,24,45,0,3.5,45,0
2025-08-05,P004,Cereal,8,31,23,0,5.0,0,0
2025-08-05,PC001,Shampoo,10,21,11,0,9.5,0,0
2025-08-05,PC002,Toothpaste,11,31,20,0,4.5,0,0
2025-08-05,S001,Potato Chips,25,55,30,0,3.0,0,0
2025-08-05,S002,Chocolate Bar,6,53,47,0,2.8,0,0
2025-08-06,B001,White Bread,37,44,32,0,3.5,25,0
2025-08-06,B002,Wholemeal Bread,23,31,50,0,4.0,42,0
2025-08-06,D001,Milk 2L,30,37,60,0,4.5,53,0
2025-08-06,D002,Eggs (12 pack),11,11,56,1,6.71,56,0
2025-08-06,D003,Butter 500g,21,52,31,0,6.0,0,0
2025-08-06,D004,Cheese 500g,7,39,32,0,8.0,0,0
2025-08-06,DR001,Bottled Water 600mL,24,31,55,0,2.5,48,0
2025-08-06,DR002,Coke 1.5L,12,23,11,0,3.8,0,0
2025-08-06,DR003,Orange Juice 2L,18,42,24,0,5.5,0,0
2025-08-06,DR004,Energy Drink 250mL,10,19,58,0,4.0,49,0
2025-08-06,F001,Bananas,9,43,34,0,3.2,0,0
2025-08-06,F002,Apples,6,36,30,0,4.5,0,0
2025-08-06,FR001,Ice Cream 1L,25,43,18,0,6.5,0,0
2025-08-06,FR002,Frozen Pizza,16,34,18,0,8.0,0,0
2025-08-06,H001,Toilet Paper,12,20,55,0,8.0,47,0
2025-08-06,H002,Laundry Detergent,13,36,23,0,12.0,0,0
2025-08-06,P001,Instant Noodles,23,44,21,1,1.74,0,0
2025-08-06,P002,Rice 1kg,27,45,18,0,3.5,0,0
2025-08-06,P004,Cereal,9,23,14,0,5.0,0,0
2025-08-06,PC001,Shampoo,10,11,56,0,9.5,55,0
2025-08-06,PC002,Toothpaste,7,20,13,0,4.5,0,0
2025-08-06,S001,Potato Chips,25,30,36,0,3.0,31,0
2025-08-06,S002,Chocolate Bar,6,47,41,0,2.8,0,0
2025-08-07,B001,White Bread,32,32,57,0,3.5,57,0
2025-08-07,B002,Wholemeal Bread,50,50,35,0,4.0,35,0
2025-08-07,D001,Milk 2L,34,60,25,0,4.5,0,1
2025-08-07,D002,Eggs (12 pack),26,56,30,0,7.5,0,0
2025-08-07,D003,Butter 500g,16,31,15,0,6.0,0,0
2025-08-07,D004,Cheese 500g,7,32,25,0,8.0,0,0
2025-08-07,DR001,Bottled Water 600mL,9,55,46,0,2.5,0,0
2025-08-07,DR002,Coke 1.5L,10,11,40,0,3.8,39,0
2025-08-07,DR003,Orange Juice 2L,22,24,30,0,5.5,28,0
2025-08-07,DR004,Energy Drink 250mL,8,58,50,1,3.52,0,0
2025-08-07,F001,Bananas,10,34,24,1,2.27,0,0
2025-08-07,F002,Apples,9,30,21,0,4.5,0,0
2025-08-07,FR001,Ice Cream 1L,18,18,65,0,6.5,65,0
2025-08-07,FR002,Frozen Pizza,18,18,33,0,8.0,33,0
2025-08-07,H001,Toilet Paper,20,55,35,0,8.0,0,0
2025-08-07,H002,Laundry Detergent,15,23,28,0,12.0,20,0
2025-08-07,P001,Instant Noodles,20,21,50,0,2.0,49,0
2025-08-07,P002,Rice 1kg,18,18,48,0,3.5,48,0
2025-08-07,P004,Cereal,12,14,32,0,5.0,30,0
2025-08-07,PC001,Shampoo,8,56,48,1,8.54,0,0
2025-08-07,PC002,Toothpaste,9,13,34,1,3.64,30,0
2025-08-07,S001,Potato Chips,21,36,15,0,3.0,0,0
2025-08-07,S002,Chocolate Bar,6,41,35,0,2.8,0,0
2025-08-08,B001,White Bread,30,57,27,0,3.5,0,0
2025-08-08,B002,Wholemeal Bread,31,35,42,1,3.06,38,0
2025-08-08,D001,Milk 2L,25,25,37,0,4.5,37,0
2025-08-08,D002,Eggs (12 pack),30,30,56,1,5.32,56,0
2025-08-08,D003,Butter 500g,15,15,45,0,6.0,45,0
2025-08-08,D004,Cheese 500g,9,25,16,0,8.0,0,0
2025-08-08,DR001,Bottled Water 600mL,14,46,32,0,2.5,0,0
2025-08-08,DR002,Coke 1.5L,16,40,24,0,3.8,0,0
2025-08-08,DR003,Orange Juice 2L,30,30,68,0,5.5,68,0
2025-08-08,DR004,Energy Drink 250mL,10,50,40,0,4.0,0,0
2025-08-08,F001,Bananas,16,24,43,0,3.2,35,0
2025-08-08,F002,Apples,7,21,14,0,4.5,0,0
2025-08-08,FR001,Ice Cream 1L,22,65,42,0,6.5,0,1
2025-08-08,FR002,Frozen Pizza,22,33,11,0,8.0,0,0
2025-08-08,H001,Toilet Paper,19,35,16,0,8.0,0,0
2025-08-08,H002,Laundry Detergent,22,28,33,0,12.0,27,0
2025-08-08,P001,Instant Noodles,16,50,34,0,2.0,0,0
2025-08-08,P002,Rice 1kg,31,48,17,0,3.5,0,0
2025-08-08,P004,Cereal,10,32,22,0,5.0,0,0
2025-08-08,PC001,Shampoo,10,48,38,1,7.74,0,0
2025-08-08,PC002,Toothpaste,13,34,21,0,4.5,0,0
2025-08-08,S001,Potato Chips,15,15,57,0,3.0,57,0
2025-08-08,S002,Chocolate Bar,8,35,27,0,2.8,0,0
2025-08-09,B001,White Bread,27,27,66,0,3.5,66,0
2025-08-09,B002,Wholemeal Bread,37,42,25,0,4.0,20,0
2025-08-09,D001,Milk 2L,37,37,34,0,4.5,34,0
2025-08-09,D002,Eggs (12 pack),24,56,32,0,7.5,0,0
2025-08-09,D003,Butter 500g,37,45,56,0,6.0,48,0
2025-08-09,D004,Cheese 500g,11,16,46,0,8.0,41,0
2025-08-09,DR001,Bottled Water 600mL,21,32,11,0,2.5,0,0
2025-08-09,DR002,Coke 1.5L,19,24,52,0,3.8,47,0
2025-08-09,DR003,Orange Juice 2L,26,68,41,0,5.5,0,1
2025-08-09,DR004,Energy Drink 250mL,17,40,23,1,3.59,0,0
2025-08-09,F001,Bananas,15,43,27,0,3.2,0,1
2025-08-09,F002,Apples,8,14,29,0,4.5,23,0
2025-08-09,FR001,Ice Cream 1L,29,42,13,0,6.5,0,0
2025-08-09,FR002,Frozen Pizza,11,11,39,0,8.0,39,0
2025-08-09,H001,Toilet Paper,16,16,61,0,8.0,61,0
2025-08-09,H002,Laundry Detergent,22,33,11,0,12.0,0,0
2025-08-09,P001,Instant Noodles,32,34,42,0,2.0,40,0
2025-08-09,P002,Rice 1kg,17,17,47,0,3.5,47,0
2025-08-09,P004,Cereal,15,22,59,0,5.0,52,0
2025-08-09,PC001,Shampoo,17,38,21,0,9.5,0,0
2025-08-09,PC002,Toothpaste,12,21,57,0,4.5,48,0
2025-08-09,S001,Potato Chips,24,57,33,0,3.0,0,0
2025-08-09,S002,Chocolate Bar,6,27,21,0,2.8,0,0
2025-08-10,B001,White Bread,42,66,24,0,3.5,0,0
2025-08-10,B002,Wholemeal Bread,25,25,68,1,3.23,68,0
2025-08-10,D001,Milk 2L,34,34,31,0,4.5,31,0
2025-08-10,D002,Eggs (12 pack),27,32,56,1,6.33,51,0
2025-08-10,D003,Butter 500g,26,56,29,0,6.0,0,1
2025-08-10,D004,Cheese 500g,14,46,32,1,5.69,0,0
2025-08-10,DR001,Bottled Water 600mL,11,11,42,0,2.5,42,0
2025-08-10,DR002,Coke 1.5L,17,52,35,0,3.8,0,0
2025-08-10,DR003,Orange Juice 2L,28,41,13,0,5.5,0,0
2025-08-10,DR004,Energy Drink 250mL,12,23,11,0,4.0,0,0
2025-08-10,F001,Bananas,15,27,12,0,3.2,0,0
2025-08-10,F002,Apples,13,29,16,0,4.5,0,0
2025-08-10,FR001,Ice Cream 1L,13,13,58,0,6.5,58,0
2025-08-10,FR002,Frozen Pizza,18,39,21,0,8.0,0,0
2025-08-10,H001,Toilet Paper,23,61,38,0,8.0,0,0
2025-08-10,H002,Laundry Detergent,11,11,50,0,12.0,50,0
2025-08-10,P001,Instant Noodles,36,42,54,0,2.0,48,0
2025-08-10,P002,Rice 1kg,26,47,21,0,3.5,0,0
2025-08-10,P004,Cereal,13,59,46,0,5.0,0,0
2025-08-10,PC001,Shampoo,11,21,10,0,9.5,0,0
2025-08-10,PC002,Toothpaste,11,57,46,0,4.5,0,0
2025-08-10,S001,Potato Chips,33,33,46,0,3.0,46,0
2025-08-10,S002,Chocolate Bar,8,21,13,0,2.8,0,0
2025-08-11,B001,White Bread,24,24,31,0,3.5,31,0
2025-08-11,B002,Wholemeal Bread,16,68,52,1,2.88,0,0
2025-08-11,D001,Milk 2L,31,31,58,0,4.5,58,0
2025-08-11,D002,Eggs (12 pack),18,56,37,0,7.5,0,1
2025-08-11,D003,Butter 500g,27,29,57,0,6.0,55,0
2025-08-11,D004,Cheese 500g,10,32,22,0,8.0,0,0
2025-08-11,DR001,Bottled Water 600mL,12,42,30,0,2.5,0,0
2025-08-11,DR002,Coke 1.5L,13,35,22,0,3.8,0,0
2025-08-11,DR003,Orange Juice 2L,13,13,59,0,5.5,59,0
2025-08-11,DR004,Energy Drink 250mL,7,11,40,0,4.0,36,0
2025-08-11,F001,Bananas,10,12,43,0,3.2,41,0
2025-08-11,F002,Apples,16,16,49,0,4.5,49,0
2025-08-11,FR001,Ice Cream 1L,27,58,31,0,6.5,0,0
2025-08-11,FR002,Frozen Pizza,13,21,51,0,8.0,43,0
2025-08-11,H001,Toilet Paper,13,38,25,0,8.0,0,0
2025-08-11,H002,Laundry Detergent,14,50,36,0,12.0,0,0
2025-08-11,P001,Instant Noodles,18,54,36,0,2.0,0,0
2025-08-11,P002,Rice 1kg,20,21,50,0,3.5,49,0
2025-08-11,P004,Cereal,12,46,34,0,5.0,0,0
2025-08-11,PC001,Shampoo,8,10,29,0,9.5,27,0
2025-08-11,PC002,Toothpaste,12,46,34,0,4.5,0,0
2025-08-11,S001,Potato Chips,28,46,18,0,3.0,0,0
2025-08-11,S002,Chocolate Bar,7,13,59,0,2.8,53,0
2025-08-12,B001,White Bread,31,31,46,0,3.5,46,0
2025-08-12,B002,Wholemeal Bread,22,52,29,0,4.0,0,1
2025-08-12,D001,Milk 2L,42,58,16,1,3.18,0,0
2025-08-12,D002,Eggs (12 pack),37,37,42,0,7.5,42,0
2025-08-12,D003,Butter 500g,30,57,27,1,4.94,0,0
2025-08-12,D004,Cheese 500g,5,22,17,1,6.54,0,0
2025-08-12,DR001,Bottled Water 600mL,13,30,17,1,1.77,0,0
2025-08-12,DR002,Coke 1.5L,22,22,33,1,2.72,33,0
2025-08-12,DR003,Orange Juice 2L,59,59,31,1,4.19,31,0
2025-08-12,DR004,Energy Drink 250mL,9,40,31,0,4.0,0,0
2025-08-12,F001,Bananas,13,43,30,1,2.73,0,0
2025-08-12,F002,Apples,7,49,40,0,4.5,0,2
2025-08-12,FR001,Ice Cream 1L,17,31,14,1,4.87,0,0
2025-08-12,FR002,Frozen Pizza,12,51,38,0,8.0,0,1
2025-08-12,H001,Toilet Paper,20,25,33,0,8.0,28,0
2025-08-12,H002,Laundry Detergent,18,36,18,1,8.96,0,0
2025-08-12,P001,Instant Noodles,18,36,18,0,2.0,0,0
2025-08-12,P002,Rice 1kg,28,50,22,1,2.96,0,0
2025-08-12,P004,Cereal,7,34,27,1,3.61,0,0
2025-08-12,PC001,Shampoo,10,29,19,0,9.5,0,0
2025-08-12,PC002,Toothpaste,9,34,25,0,4.5,0,0
2025-08-12,S001,Potato Chips,18,18,60,0,3.0,60,0
2025-08-12,S002,Chocolate Bar,59,59,34,0,2.8,34,0
2025-08-13,B001,White Bread,23,46,23,0,3.5,0,0
2025-08-13,B002,Wholemeal Bread,25,29,34,0,4.0,30,0
2025-08-13,D001,Milk 2L,16,16,41,1,3.55,41,0
2025-08-13,D002,Eggs (12 pack),42,42,64,0,7.5,64,0
2025-08-13,D003,Butter 500g,16,27,11,1,5.04,0,0
2025-08-13,D004,Cheese 500g,7,17,10,0,8.0,0,0
2025-08-13,DR001,Bottled Water 600mL,17,17,69,0,2.5,69,0
2025-08-13,DR002,Coke 1.5L,33,33,52,1,3.28,52,0
2025-08-13,DR003,Orange Juice 2L,17,31,14,0,5.5,0,0
2025-08-13,DR004,Energy Drink 250mL,11,31,20,0,4.0,0,0
2025-08-13,F001,Bananas,12,30,18,1,2.5,0,0
2025-08-13,F002,Apples,7,40,32,0,4.5,0,1
2025-08-13,FR001,Ice Cream 1L,14,14,41,1,4.94,41,0
2025-08-13,FR002,Frozen Pizza,13,38,25,0,8.0,0,0
2025-08-13,H001,Toilet Paper,17,33,16,0,8.0,0,0
2025-08-13,H002,Laundry Detergent,10,18,59,1,9.16,51,0
2025-08-13,P001,Instant Noodles,18,18,68,0,2.0,68,0
2025-08-13,P002,Rice 1kg,22,22,50,0,3.5,50,0
2025-08-13,P004,Cereal,11,27,16,0,5.0,0,0
2025-08-13,PC001,Shampoo,10,19,64,0,9.5,55,0
2025-08-13,PC002,Toothpaste,12,25,13,0,4.5,0,0
2025-08-13,S001,Potato Chips,20,60,40,0,3.0,0,0
2025-08-13,S002,Chocolate Bar,7,34,27,0,2.8,0,0
2025-08-14,B001,White Bread,23,23,60,0,3.5,60,0
2025-08-14,B002,Wholemeal Bread,24,34,10,0,4.0,0,0
2025-08-14,D001,Milk 2L,37,41,58,0,4.5,54,0
2025-08-14,D002,Eggs (12 pack),27,64,37,0,7.5,0,0
2025-08-14,D003,Butter 500g,11,11,42,0,6.0,42,0
2025-08-14,D004,Cheese 500g,7,10,29,1,6.1,26,0
2025-08-14,DR001,Bottled Water 600mL,16,69,53,0,2.5,0,0
2025-08-14,DR002,Coke 1.5L,10,52,42,0,3.8,0,0
2025-08-14,DR003,Orange Juice 2L,14,14,65,0,5.5,65,0
2025-08-14,DR004,Energy Drink 250mL,11,20,51,1,2.82,42,0
2025-08-14,F001,Bananas,12,18,41,0,3.2,35,0
2025-08-14,F002,Apples,8,32,24,0,4.5,0,0
2025-08-14,FR001,Ice Cream 1L,17,41,24,0,6.5,0,0
2025-08-14,FR002,Frozen Pizza,14,25,11,1,6.79,0,0
2025-08-14,H001,Toilet Paper,15,16,39,0,8.0,38,0
2025-08-14,H002,Laundry Detergent,15,59,44,0,12.0,0,0
2025-08-14,P001,Instant Noodles,16,68,52,0,2.0,0,0
2025-08-14,P002,Rice 1kg,29,50,21,0,3.5,0,0
2025-08-14,P004,Cereal,9,16,57,0,5.0,50,0
2025-08-14,PC001,Shampoo,8,64,56,0,9.5,0,0
2025-08-14,PC002,Toothpaste,9,13,37,0,4.5,33,0
2025-08-14,S001,Potato Chips,27,40,13,0,3.0,0,0
2025-08-14,S002,Chocolate Bar,4,27,23,0,2.8,0,0
2025-08-15,B001,White Bread,25,60,34,0,3.5,0,1
2025-08-15,B002,Wholemeal Bread,10,10,41,0,4.0,41,0
2025-08-15,D001,Milk 2L,40,58,18,0,4.5,0,0
2025-08-15,D002,Eggs (12 pack),27,37,10,0,7.5,0,0
2025-08-15,D003,Butter 500g,23,42,19,0,6.0,0,0
2025-08-15,D004,Cheese 500g,8,29,21,0,8.0,0,0
2025-08-15,DR001,Bottled Water 600mL,18,53,35,0,2.5,0,0
2025-08-15,DR002,Coke 1.5L,14,42,28,0,3.8,0,0
2025-08-15,DR003,Orange Juice 2L,29,65,36,1,4.49,0,0
2025-08-15,DR004,Energy Drink 250mL,9,51,42,1,3.26,0,0
2025-08-15,F001,Bananas,41,41,38,1,2.83,38,0
2025-08-15,F002,Apples,7,24,17,0,4.5,0,0
2025-08-15,FR001,Ice Cream 1L,24,24,51,0,6.5,51,0
2025-08-15,FR002,Frozen Pizza,11,11,52,1,7.12,52,0
2025-08-15,H001,Toilet Paper,19,39,20,0,8.0,0,0
2025-08-15,H002,Laundry Detergent,21,44,23,0,12.0,0,0
2025-08-15,P001,Instant Noodles,20,52,32,0,2.0,0,0
2025-08-15,P002,Rice 1kg,21,21,37,0,3.5,37,0
2025-08-15,P004,Cereal,14,57,43,0,5.0,0,0
2025-08-15,PC001,Shampoo,10,56,46,0,9.5,0,0
2025-08-15,PC002,Toothpaste,9,37,28,0,4.5,0,0
2025-08-15,S001,Potato Chips,13,13,41,0,3.0,41,0
2025-08-15,S002,Chocolate Bar,7,23,16,0,2.8,0,0
2025-08-16,B001,White Bread,33,34,26,0,3.5,25,0
2025-08-16,B002,Wholemeal Bread,39,41,40,0,4.0,38,0
2025-08-16,D001,Milk 2L,18,18,31,0,4.5,31,0
2025-08-16,D002,Eggs (12 pack),10,10,54,0,7.5,54,0
2025-08-16,D003,Butter 500g,19,19,59,0,6.0,59,0
2025-08-16,D004,Cheese 500g,12,21,61,1,5.76,52,0
2025-08-16,DR001,Bottled Water 600mL,23,35,12,0,2.5,0,0
2025-08-16,DR002,Coke 1.5L,15,28,13,0,3.8,0,0
2025-08-16,DR003,Orange Juice 2L,23,36,13,0,5.5,0,0
2025-08-16,DR004,Energy Drink 250mL,14,42,28,0,4.0,0,0
2025-08-16,F001,Bananas,21,38,17,0,3.2,0,0
2025-08-16,F002,Apples,8,17,31,0,4.5,22,0
2025-08-16,FR001,Ice Cream 1L,27,51,23,0,6.5,0,1
2025-08-16,FR002,Frozen Pizza,29,52,23,0,8.0,0,0
2025-08-16,H001,Toilet Paper,20,20,40,0,8.0,40,0
2025-08-16,H002,Laundry Detergent,19,23,45,0,12.0,41,0
2025-08-16,P001,Instant Noodles,26,32,65,0,2.0,59,0
2025-08-16,P002,Rice 1kg,33,37,55,1,2.58,51,0
2025-08-16,P004,Cereal,10,43,33,0,5.0,0,0
2025-08-16,PC001,Shampoo,14,46,32,1,7.49,0,0
2025-08-16,PC002,Toothpaste,18,28,10,0,4.5,0,0
2025-08-16,S001,Potato Chips,27,41,14,0,3.0,0,0
2025-08-16,S002,Chocolate Bar,9,16,40,0,2.8,33,0
2025-08-17,B001,White Bread,26,26,43,0,3.5,43,0
2025-08-17,B002,Wholemeal Bread,23,40,17,0,4.0,0,0
2025-08-17,D001,Milk 2L,31,31,40,0,4.5,40,0
2025-08-17,D002,Eggs (12 pack),42,54,12,0,7.5,0,0
2025-08-17,D003,Butter 500g,34,59,24,1,4.75,0,1
2025-08-17,D004,Cheese 500g,11,61,49,0,8.0,0,1
2025-08-17,DR001,Bottled Water 600mL,12,12,49,0,2.5,49,0
2025-08-17,DR002,Coke 1.5L,13,13,45,0,3.8,45,0
2025-08-17,DR003,Orange Juice 2L,13,13,44,0,5.5,44,0
2025-08-17,DR004,Energy Drink 250mL,11,28,17,1,2.84,0,0
2025-08-17,F001,Bananas,17,17,64,1,2.56,64,0
2025-08-17,F002,Apples,9,31,21,1,3.74,0,1
2025-08-17,FR001,Ice Cream 1L,23,23,49,0,6.5,49,0
2025-08-17,FR002,Frozen Pizza,23,23,44,0,8.0,44,0
2025-08-17,H001,Toilet Paper,34,40,38,0,8.0,32,0
2025-08-17,H002,Laundry Detergent,23,45,22,0,12.0,0,0
2025-08-17,P001,Instant Noodles,30,65,35,0,2.0,0,0
2025-08-17,P002,Rice 1kg,42,55,13,1,2.67,0,0
2025-08-17,P004,Cereal,17,33,16,0,5.0,0,0
2025-08-17,PC001,Shampoo,15,32,17,0,9.5,0,0
2025-08-17,PC002,Toothpaste,10,10,35,0,4.5,35,0
2025-08-17,S001,Potato Chips,14,14,69,0,3.0,69,0
2025-08-17,S002,Chocolate Bar,12,40,28,1,2.28,0,0
2025-08-18,B001,White Bread,32,43,11,0,3.5,0,0
2025-08-18,B002,Wholemeal Bread,17,17,41,0,4.0,41,0
2025-08-18,D001,Milk 2L,32,40,61,0,4.5,53,0
2025-08-18,D002,Eggs (12 pack),12,12,43,0,7.5,43,0
2025-08-18,D003,Butter 500g,24,24,55,0,6.0,55,0
2025-08-18,D004,Cheese 500g,6,49,43,0,8.0,0,0
2025-08-18,DR001,Bottled Water 600mL,13,49,36,1,2.16,0,0
2025-08-18,DR002,Coke 1.5L,13,45,32,0,3.8,0,0
2025-08-18,DR003,Orange Juice 2L,20,44,24,0,5.5,0,0
2025-08-18,DR004,Energy Drink 250mL,8,17,29,0,4.0,20,0
2025-08-18,F001,Bananas,64,64,59,0,3.2,59,0
2025-08-18,F002,Apples,9,21,12,0,4.5,0,0
2025-08-18,FR001,Ice Cream 1L,23,49,26,1,5.65,0,0
2025-08-18,FR002,Frozen Pizza,17,44,27,0,8.0,0,0
2025-08-18,H001,Toilet Paper,17,38,21,0,8.0,0,0
2025-08-18,H002,Laundry Detergent,14,22,40,0,12.0,32,0
2025-08-18,P001,Instant Noodles,24,35,11,1,1.55,0,0
2025-08-18,P002,Rice 1kg,13,13,64,0,3.5,64,0
2025-08-18,P004,Cereal,7,16,31,0,5.0,22,0
2025-08-18,PC001,Shampoo,9,17,65,0,9.5,57,0
2025-08-18,PC002,Toothpaste,9,35,26,0,4.5,0,0
2025-08-18,S001,Potato Chips,20,69,49,0,3.0,0,0
2025-08-18,S002,Chocolate Bar,5,28,23,0,2.8,0,0
2025-08-19,B001,White Bread,11,11,69,0,3.5,69,0
2025-08-19,B002,Wholemeal Bread,16,41,25,0,4.0,0,0
2025-08-19,D001,Milk 2L,29,61,32,0,4.5,0,0
2025-08-19,D002,Eggs (12 pack),24,43,19,0,7.5,0,0
2025-08-19,D003,Butter 500g,19,55,36,0,6.0,0,0
2025-08-19,D004,Cheese 500g,9,43,33,0,8.0,0,1
2025-08-19,DR001,Bottled Water 600mL,12,36,24,0,2.5,0,0
2025-08-19,DR002,Coke 1.5L,12,32,20,0,3.8,0,0
2025-08-19,DR003,Orange Juice 2L,23,24,59,0,5.5,58,0
2025-08-19,DR004,Energy Drink 250mL,7,29,22,1,3.6,0,0
2025-08-19,F001,Bananas,10,59,48,0,3.2,0,1
2025-08-19,F002,Apples,7,12,38,0,4.5,33,0
2025-08-19,FR001,Ice Cream 1L,16,26,10,0,6.5,0,0
2025-08-19,FR002,Frozen Pizza,19,27,43,0,8.0,35,0
2025-08-19,H001,Toilet Paper,12,21,66,0,8.0,57,0
2025-08-19,H002,Laundry Detergent,12,40,28,0,12.0,0,0
2025-08-19,P001,Instant Noodles,11,11,54,1,1.77,54,0
2025-08-19,P002,Rice 1kg,27,64,37,0,3.5,0,0
2025-08-19,P004,Cereal,12,31,19,0,5.0,0,0
2025-08-19,PC001,Shampoo,10,65,55,0,9.5,0,0
2025-08-19,PC002,Toothpaste,12,26,14,0,4.5,0,0
2025-08-19,S001,Potato Chips,20,49,29,0,3.0,0,0
2025-08-19,S002,Chocolate Bar,7,23,16,0,2.8,0,0
2025-08-20,B001,White Bread,33,69,35,0,3.5,0,1
2025-08-20,B002,Wholemeal Bread,18,25,43,0,4.0,36,0
2025-08-20,D001,Milk 2L,32,32,50,0,4.5,50,0
2025-08-20,D002,Eggs (12 pack),18,19,37,0,7.5,36,0
2025-08-20,D003,Butter 500g,36,36,35,0,6.0,35,0
2025-08-20,D004,Cheese 500g,10,33,23,1,6.86,0,0
2025-08-20,DR001,Bottled Water 600mL,10,24,14,0,2.5,0,0
2025-08-20,DR002,Coke 1.5L,10,20,10,0,3.8,0,0
2025-08-20,DR003,Orange Juice 2L,22,59,36,0,5.5,0,1
2025-08-20,DR004,Energy Drink 250mL,12,22,10,0,4.0,0,0
2025-08-20,F001,Bananas,9,48,39,0,3.2,0,0
2025-08-20,F002,Apples,7,38,31,0,4.5,0,0
2025-08-20,FR001,Ice Cream 1L,10,10,30,1,4.56,30,0
2025-08-20,FR002,Frozen Pizza,15,43,28,0,8.0,0,0
2025-08-20,H001,Toilet Paper,20,66,46,1,6.92,0,0
2025-08-20,H002,Laundry Detergent,28,28,30,0,12.0,30,0
2025-08-20,P001,Instant Noodles,19,54,35,1,1.46,0,0
2025-08-20,P002,Rice 1kg,27,37,10,0,3.5,0,0
2025-08-20,P004,Cereal,7,19,12,1,4.09,0,0
2025-08-20,PC001,Shampoo,11,55,44,0,9.5,0,0
2025-08-20,PC002,Toothpaste,8,14,32,1,3.46,26,0
2025-08-20,S001,Potato Chips,25,29,62,0,3.0,58,0
2025-08-20,S002,Chocolate Bar,16,16,55,0,2.8,55,0
2025-08-21,B001,White Bread,35,35,47,0,3.5,47,0
2025-08-21,B002,Wholemeal Bread,16,43,27,0,4.0,0,0
2025-08-21,D001,Milk 2L,39,50,11,0,4.5,0,0
2025-08-21,D002,Eggs (12 pack),21,37,16,1,6.41,0,0
2025-08-21,D003,Butter 500g,16,35,19,0,6.0,0,0
2025-08-21,D004,Cheese 500g,8,23,15,0,8.0,0,0
2025-08-21,DR001,Bottled Water 600mL,14,14,39,0,2.5,39,0
2025-08-21,DR002,Coke 1.5L,7,10,50,0,3.8,47,0
2025-08-21,DR003,Orange Juice 2L,24,36,12,0,5.5,0,0
2025-08-21,DR004,Energy Drink 250mL,8,10,33,0,4.0,31,0
2025-08-21,F001,Bananas,12,39,27,0,3.2,0,0
2025-08-21,F002,Apples,7,31,24,0,4.5,0,0
2025-08-21,FR001,Ice Cream 1L,18,30,12,1,4.59,0,0
2025-08-21,FR002,Frozen Pizza,14,28,14,0,8.0,0,0
2025-08-21,H001,Toilet Paper,16,46,30,0,8.0,0,0
2025-08-21,H002,Laundry Detergent,16,30,14,0,12.0,0,0
2025-08-21,P001,Instant Noodles,14,35,21,0,2.0,0,0
2025-08-21,P002,Rice 1kg,10,10,66,0,3.5,66,0
2025-08-21,P004,Cereal,12,12,50,1,3.86,50,0
2025-08-21,PC001,Shampoo,10,44,34,0,9.5,0,0
2025-08-21,PC002,Toothpaste,7,32,25,0,4.5,0,0
2025-08-21,S001,Potato Chips,23,62,39,1,2.44,0,0
2025-08-21,S002,Chocolate Bar,8,55,47,0,2.8,0,0
2025-08-22,B001,White Bread,39,47,64,0,3.5,56,0
2025-08-22,B002,Wholemeal Bread,27,27,35,0,4.0,35,0
2025-08-22,D001,Milk 2L,11,11,46,0,4.5,46,0
2025-08-22,D002,Eggs (12 pack),16,16,64,0,7.5,64,0
2025-08-22,D003,Butter 500g,19,19,65,0,6.0,65,0
2025-08-22,D004,Cheese 500g,11,15,25,0,8.0,21,0
2025-08-22,DR001,Bottled Water 600mL,18,39,21,0,2.5,0,0
2025-08-22,DR002,Coke 1.5L,50,50,67,1,3.38,67,0
2025-08-22,DR003,Orange Juice 2L,12,12,37,0,5.5,37,0
2025-08-22,DR004,Energy Drink 250mL,15,33,18,0,4.0,0,0
2025-08-22,F001,Bananas,15,27,12,0,3.2,0,0
2025-08-22,F002,Apples,9,24,15,0,4.5,0,0
2025-08-22,FR001,Ice Cream 1L,12,12,43,1,4.96,43,0
2025-08-22,FR002,Frozen Pizza,14,14,64,1,5.88,64,0
2025-08-22,H001,Toilet Paper,27,30,25,0,8.0,22,0
2025-08-22,H002,Laundry Detergent,14,14,57,0,12.0,57,0
2025-08-22,P001,Instant Noodles,21,21,67,0,2.0,67,0
2025-08-22,P002,Rice 1kg,35,66,31,0,3.5,0,0
2025-08-22,P004,Cereal,9,50,41,0,5.0,0,0
2025-08-22,PC001,Shampoo,8,34,26,0,9.5,0,0
2025-08-22,PC002,Toothpaste,11,25,14,0,4.5,0,0
2025-08-22,S001,Potato Chips,27,39,12,0,3.0,0,0
2025-08-22,S002,Chocolate Bar,7,47,40,0,2.8,0,0
2025-08-23,B001,White Bread,33,64,30,0,3.5,0,1
2025-08-23,B002,Wholemeal Bread,35,35,65,0,4.0,65,0
2025-08-23,D001,Milk 2L,46,46,44,0,4.5,44,0
2025-08-23,D002,Eggs (12 pack),29,64,35,0,7.5,0,0
2025-08-23,D003,Butter 500g,36,65,29,1,4.37,0,0
2025-08-23,D004,Cheese 500g,25,25,53,0,8.0,53,0
2025-08-23,DR001,Bottled Water 600mL,21,21,42,0,2.5,42,0
2025-08-23,DR002,Coke 1.5L,13,67,54,1,3.01,0,0
2025-08-23,DR003,Orange Juice 2L,37,37,62,0,5.5,62,0
2025-08-23,DR004,Energy Drink 250mL,11,18,64,1,3.58,57,0
2025-08-23,F001,Bananas,12,12,36,0,3.2,36,0
2025-08-23,F002,Apples,11,15,36,0,4.5,32,0
2025-08-23,FR001,Ice Cream 1L,28,43,15,0,6.5,0,0
2025-08-23,FR002,Frozen Pizza,31,64,33,0,8.0,0,0
2025-08-23,H001,Toilet Paper,25,25,53,0,8.0,53,0
2025-08-23,H002,Laundry Detergent,17,57,40,0,12.0,0,0
2025-08-23,P001,Instant Noodles,33,67,34,1,1.62,0,0
2025-08-23,P002,Rice 1kg,31,31,62,0,3.5,62,0
2025-08-23,P004,Cereal,11,41,30,0,5.0,0,0
2025-08-23,PC001,Shampoo,15,26,11,1,6.67,0,0
2025-08-23,PC002,Toothpaste,11,14,33,0,4.5,30,0
2025-08-23,S001,Potato Chips,12,12,62,0,3.0,62,0
2025-08-23,S002,Chocolate Bar,9,40,31,0,2.8,0,0
2025-08-24,B001,White Bread,30,30,51,0,3.5,51,0
2025-08-24,B002,Wholemeal Bread,37,65,28,0,4.0,0,0
2025-08-24,D001,Milk 2L,44,44,52,0,4.5,52,0
2025-08-24,D002,Eggs (12 pack),32,35,30,1,5.8,27,0
2025-08-24,D003,Butter 500g,29,29,40,0,6.0,40,0
2025-08-24,D004,Cheese 500g,11,53,42,0,8.0,0,0
2025-08-24,DR001,Bottled Water 600mL,20,42,22,0,2.5,0,0
2025-08-24,DR002,Coke 1.5L,17,54,37,0,3.8,0,0
2025-08-24,DR003,Orange Juice 2L,37,62,25,0,5.5,0,0
2025-08-24,DR004,Energy Drink 250mL,19,64,45,0,4.0,0,0
2025-08-24,F001,Bananas,18,36,18,0,3.2,0,0
2025-08-24,F002,Apples,13,36,23,0,4.5,0,0
2025-08-24,FR001,Ice Cream 1L,15,15,51,0,6.5,51,0
2025-08-24,FR002,Frozen Pizza,24,33,34,0,8.0,25,0
2025-08-24,H001,Toilet Paper,24,53,29,0,8.0,0,0
2025-08-24,H002,Laundry Detergent,27,40,13,0,12.0,0,0
2025-08-24,P001,Instant Noodles,22,34,12,0,2.0,0,0
2025-08-24,P002,Rice 1kg,33,62,29,0,3.5,0,0
2025-08-24,P004,Cereal,14,30,16,1,4.22,0,0
2025-08-24,PC001,Shampoo,11,11,41,0,9.5,41,0
2025-08-24,PC002,Toothpaste,14,33,19,0,4.5,0,0
2025-08-24,S001,Potato Chips,39,62,23,0,3.0,0,0
2025-08-24,S002,Chocolate Bar,10,31,21,0,2.8,0,0
2025-08-25,B001,White Bread,35,51,16,0,3.5,0,0
2025-08-25,B002,Wholemeal Bread,16,28,12,0,4.0,0,0
2025-08-25,D001,Milk 2L,32,52,20,0,4.5,0,0
2025-08-25,D002,Eggs (12 pack),22,30,58,0,7.5,50,0
2025-08-25,D003,Butter 500g,20,40,20,0,6.0,0,0
2025-08-25,D004,Cheese 500g,7,42,34,0,8.0,0,1
2025-08-25,DR001,Bottled Water 600mL,16,22,36,0,2.5,30,0
2025-08-25,DR002,Coke 1.5L,10,37,27,0,3.8,0,0
2025-08-25,DR003,Orange Juice 2L,25,25,34,1,4.35,34,0
2025-08-25,DR004,Energy Drink 250mL,11,45,34,0,4.0,0,0
2025-08-25,F001,Bananas,14,18,32,0,3.2,28,0
2025-08-25,F002,Apples,5,23,18,0,4.5,0,0
2025-08-25,FR001,Ice Cream 1L,27,51,24,0,6.5,0,0
2025-08-25,FR002,Frozen Pizza,19,34,15,0,8.0,0,0
2025-08-25,H001,Toilet Paper,21,29,53,0,8.0,45,0
2025-08-25,H002,Laundry Detergent,13,13,43,1,9.0,43,0
2025-08-25,P001,Instant Noodles,12,12,61,0,2.0,61,0
2025-08-25,P002,Rice 1kg,18,29,11,0,3.5,0,0
2025-08-25,P004,Cereal,12,16,25,0,5.0,21,0
2025-08-25,PC001,Shampoo,7,41,34,0,9.5,0,0
2025-08-25,PC002,Toothpaste,8,19,11,0,4.5,0,0
2025-08-25,S001,Potato Chips,23,23,41,0,3.0,41,0
2025-08-25,S002,Chocolate Bar,4,21,17,0,2.8,0,0
2025-08-26,B001,White Bread,16,16,52,0,3.5,52,0
2025-08-26,B002,Wholemeal Bread,12,12,60,0,4.0,60,0
2025-08-26,D001,Milk 2L,20,20,54,0,4.5,54,0
2025-08-26,D002,Eggs (12 pack),17,58,40,0,7.5,0,1
2025-08-26,D003,Butter 500g,16,20,50,1,4.64,46,0
2025-08-26,D004,Cheese 500g,8,34,25,0,8.0,0,1
2025-08-26,DR001,Bottled Water 600mL,9,36,27,0,2.5,0,0
2025-08-26,DR002,Coke 1.5L,13,27,14,0,3.8,0,0
2025-08-26,DR003,Orange Juice 2L,21,34,13,0,5.5,0,0
2025-08-26,DR004,Energy Drink 250mL,8,34,26,0,4.0,0,0
2025-08-26,F001,Bananas,10,32,22,1,2.56,0,0
2025-08-26,F002,Apples,5,18,13,0,4.5,0,0
2025-08-26,FR001,Ice Cream 1L,20,24,31,0,6.5,27,0
2025-08-26,FR002,Frozen Pizza,15,15,66,1,6.26,66,0
2025-08-26,H001,Toilet Paper,20,53,33,0,8.0,0,0
2025-08-26,H002,Laundry Detergent,13,43,30,0,12.0,0,0
2025-08-26,P001,Instant Noodles,24,61,37,0,2.0,0,0
2025-08-26,P002,Rice 1kg,11,11,61,0,3.5,61,0
2025-08-26,P004,Cereal,8,25,17,0,5.0,0,0
2025-08-26,PC001,Shampoo,9,34,25,0,9.5,0,0
2025-08-26,PC002,Toothpaste,10,11,25,0,4.5,24,0
2025-08-26,S001,Potato Chips,24,41,17,1,2.69,0,0
2025-08-26,S002,Chocolate Bar,5,17,12,0,2.8,0,0
2025-08-27,B001,White Bread,52,52,53,0,3.5,53,0
2025-08-27,B002,Wholemeal Bread,23,60,37,0,4.0,0,0
2025-08-27,D001,Milk 2L,30,54,24,0,4.5,0,0
2025-08-27,D002,Eggs (12 pack),18,40,22,0,7.5,0,0
2025-08-27,D003,Butter 500g,18,50,32,0,6.0,0,0
2025-08-27,D004,Cheese 500g,8,25,17,0,8.0,0,0
2025-08-27,DR001,Bottled Water 600mL,10,27,17,0,2.5,0,0
2025-08-27,DR002,Coke 1.5L,8,14,34,0,3.8,28,0
2025-08-27,DR003,Orange Juice 2L,13,13,43,0,5.5,43,0
2025-08-27,DR004,Energy Drink 250mL,9,26,17,0,4.0,0,0
2025-08-27,F001,Bananas,12,22,10,0,3.2,0,0
2025-08-27,F002,Apples,5,13,41,1,3.77,33,0
2025-08-27,FR001,Ice Cream 1L,25,31,64,0,6.5,58,0
2025-08-27,FR002,Frozen Pizza,66,66,61,0,8.0,61,0
2025-08-27,H001,Toilet Paper,21,33,12,1,5.87,0,0
2025-08-27,H002,Laundry Detergent,17,30,13,0,12.0,0,0
2025-08-27,P001,Instant Noodles,21,37,16,0,2.0,0,0
2025-08-27,P002,Rice 1kg,18,61,43,0,3.5,0,0
2025-08-27,P004,Cereal,7,17,10,1,3.76,0,0
2025-08-27,PC001,Shampoo,10,25,15,0,9.5,0,0
2025-08-27,PC002,Toothpaste,11,25,14,0,4.5,0,0
2025-08-27,S001,Potato Chips,17,17,61,0,3.0,61,0
2025-08-27,S002,Chocolate Bar,7,12,29,0,2.8,24,0
2025-08-28,B001,White Bread,28,53,25,0,3.5,0,0
2025-08-28,B002,Wholemeal Bread,20,37,17,0,4.0,0,0
2025-08-28,D001,Milk 2L,24,24,34,0,4.5,34,0
2025-08-28,D002,Eggs (12 pack),18,22,26,1,6.72,22,0
2025-08-28,D003,Butter 500g,19,32,13,0,6.0,0,0
2025-08-28,D004,Cheese 500g,7,17,10,0,8.0,0,0
2025-08-28,DR001,Bottled Water 600mL,11,17,38,0,2.5,32,0
2025-08-28,DR002,Coke 1.5L,10,34,24,0,3.8,0,0
2025-08-28,DR003,Orange Juice 2L,16,43,26,0,5.5,0,1
2025-08-28,DR004,Energy Drink 250mL,17,17,43,0,4.0,43,0
2025-08-28,F001,Bananas,10,10,47,0,3.2,47,0
2025-08-28,F002,Apples,8,41,33,0,4.5,0,0
2025-08-28,FR001,Ice Cream 1L,20,64,44,1,5.34,0,0
2025-08-28,FR002,Frozen Pizza,61,61,39,0,8.0,39,0
2025-08-28,H001,Toilet Paper,12,12,66,0,8.0,66,0
2025-08-28,H002,Laundry Detergent,11,13,46,0,12.0,44,0
2025-08-28,P001,Instant Noodles,15,16,42,0,2.0,41,0
2025-08-28,P002,Rice 1kg,26,43,17,0,3.5,0,0
2025-08-28,P004,Cereal,8,10,44,0,5.0,42,0
2025-08-28,PC001,Shampoo,8,15,33,0,9.5,26,0
2025-08-28,PC002,Toothpaste,12,14,53,1,3.34,51,0
2025-08-28,S001,Potato Chips,26,61,35,0,3.0,0,0
2025-08-28,S002,Chocolate Bar,4,29,25,0,2.8,0,0
2025-08-29,B001,White Bread,25,25,30,0,3.5,30,0
2025-08-29,B002,Wholemeal Bread,17,17,42,1,3.38,42,0
2025-08-29,D001,Milk 2L,34,34,57,0,4.5,57,0
2025-08-29,D002,Eggs (12 pack),26,26,67,0,7.5,67,0
2025-08-29,D003,Butter 500g,13,13,66,1,4.67,66,0
2025-08-29,D004,Cheese 500g,10,10,40,0,8.0,40,0
2025-08-29,DR001,Bottled Water 600mL,19,38,19,1,1.91,0,0
2025-08-29,DR002,Coke 1.5L,14,24,10,0,3.8,0,0
2025-08-29,DR003,Orange Juice 2L,26,26,60,0,5.5,60,0
2025-08-29,DR004,Energy Drink 250mL,12,43,31,0,4.0,0,0
2025-08-29,F001,Bananas,47,47,41,0,3.2,41,0
2025-08-29,F002,Apples,7,33,25,0,4.5,0,1
2025-08-29,FR001,Ice Cream 1L,28,44,16,0,6.5,0,0
2025-08-29,FR002,Frozen Pizza,21,39,18,0,8.0,0,0
2025-08-29,H001,Toilet Paper,15,66,51,0,8.0,0,0
2025-08-29,H002,Laundry Detergent,12,46,34,0,12.0,0,0
2025-08-29,P001,Instant Noodles,16,42,26,0,2.0,0,0
2025-08-29,P002,Rice 1kg,17,17,48,0,3.5,48,0
2025-08-29,P004,Cereal,15,44,29,0,5.0,0,0
2025-08-29,PC001,Shampoo,10,33,23,0,9.5,0,0
2025-08-29,PC002,Toothpaste,10,53,43,0,4.5,0,0
2025-08-29,S001,Potato Chips,22,35,13,1,2.44,0,0
2025-08-29,S002,Chocolate Bar,9,25,16,0,2.8,0,0
2025-08-30,B001,White Bread,30,30,31,0,3.5,31,0
2025-08-30,B002,Wholemeal Bread,27,42,15,0,4.0,0,0
2025-08-30,D001,Milk 2L,41,57,16,0,4.5,0,0
2025-08-30,D002,Eggs (12 pack),40,67,27,0,7.5,0,0
2025-08-30,D003,Butter 500g,39,66,27,0,6.0,0,0
2025-08-30,D004,Cheese 500g,9,40,30,0,8.0,0,1
2025-08-30,DR001,Bottled Water 600mL,15,19,29,1,2.19,25,0
2025-08-30,DR002,Coke 1.5L,10,10,64,0,3.8,64,0
2025-08-30,DR003,Orange Juice 2L,31,60,29,0,5.5,0,0
2025-08-30,DR004,Energy Drink 250mL,15,31,16,0,4.0,0,0
2025-08-30,F001,Bananas,15,41,25,0,3.2,0,1
2025-08-30,F002,Apples,13,25,12,0,4.5,0,0
2025-08-30,FR001,Ice Cream 1L,16,16,52,0,6.5,52,0
2025-08-30,FR002,Frozen Pizza,18,18,64,0,8.0,64,0
2025-08-30,H001,Toilet Paper,19,51,32,0,8.0,0,0
2025-08-30,H002,Laundry Detergent,27,34,57,0,12.0,50,0
2025-08-30,P001,Instant Noodles,26,26,42,0,2.0,42,0
2025-08-30,P002,Rice 1kg,37,48,11,0,3.5,0,0
2025-08-30,P004,Cereal,15,29,14,0,5.0,0,0
2025-08-30,PC001,Shampoo,9,23,14,1,7.38,0,0
2025-08-30,PC002,Toothpaste,12,43,31,0,4.5,0,0
2025-08-30,S001,Potato Chips,13,13,59,0,3.0,59,0
2025-08-30,S002,Chocolate Bar,7,16,50,0,2.8,41,0
2025-08-31,B001,White Bread,31,31,52,0,3.5,52,0
2025-08-31,B002,Wholemeal Bread,15,15,42,0,4.0,42,0
2025-08-31,D001,Milk 2L,16,16,35,0,4.5,35,0
2025-08-31,D002,Eggs (12 pack),27,27,39,0,7.5,39,0
2025-08-31,D003,Butter 500g,27,27,43,0,6.0,43,0
2025-08-31,D004,Cheese 500g,12,30,18,0,8.0,0,0
2025-08-31,DR001,Bottled Water 600mL,23,29,49,0,2.5,43,0
2025-08-31,DR002,Coke 1.5L,14,64,50,0,3.8,0,0
2025-08-31,DR003,Orange Juice 2L,29,29,39,0,5.5,39,0
2025-08-31,DR004,Energy Drink 250mL,16,16,52,0,4.0,52,0
2025-08-31,F001,Bananas,13,25,12,1,2.49,0,0
2025-08-31,F002,Apples,9,12,44,0,4.5,41,0
2025-08-31,FR001,Ice Cream 1L,40,52,12,0,6.5,0,0
2025-08-31,FR002,Frozen Pizza,17,64,47,0,8.0,0,0
2025-08-31,H001,Toilet Paper,19,32,13,0,8.0,0,0
2025-08-31,H002,Laundry Detergent,20,57,37,0,12.0,0,0
2025-08-31,P001,Instant Noodles,35,42,53,1,1.59,46,0
2025-08-31,P002,Rice 1kg,11,11,60,0,3.5,60,0
2025-08-31,P004,Cereal,13,14,25,1,4.36,24,0
2025-08-31,PC001,Shampoo,12,14,61,0,9.5,59,0
2025-08-31,PC002,Toothpaste,16,31,15,0,4.5,0,0
2025-08-31,S001,Potato Chips,24,59,35,0,3.0,0,0
2025-08-31,S002,Chocolate Bar,7,50,43,0,2.8,0,0
2025-09-01,B001,White Bread,28,52,23,0,3.5,0,1
2025-09-01,B002,Wholemeal Bread,25,42,17,0,4.0,0,0
2025-09-01,D001,Milk 2L,34,35,26,0,4.5,25,0
2025-09-01,D002,Eggs (12 pack),24,39,15,0,7.5,0,0
2025-09-01,D003,Butter 500g,27,43,16,0,6.0,0,0
2025-09-01,D004,Cheese 500g,9,18,44,0,8.0,35,0
2025-09-01,DR001,Bottled Water 600mL,14,49,35,0,2.5,0,0
2025-09-01,DR002,Coke 1.5L,7,50,43,0,3.8,0,0
2025-09-01,DR003,Orange Juice 2L,25,39,14,0,5.5,0,0
2025-09-01,DR004,Energy Drink 250mL,11,52,41,0,4.0,0,0
2025-09-01,F001,Bananas,12,12,51,0,3.2,51,0
2025-09-01,F002,Apples,5,44,39,0,4.5,0,0
2025-09-01,FR001,Ice Cream 1L,12,12,35,0,6.5,35,0
2025-09-01,FR002,Frozen Pizza,12,47,35,0,8.0,0,0
2025-09-01,H001,Toilet Paper,13,13,36,0,8.0,36,0
2025-09-01,H002,Laundry Detergent,17,37,20,0,12.0,0,0
2025-09-01,P001,Instant Noodles,19,53,34,0,2.0,0,0
2025-09-01,P002,Rice 1kg,29,60,31,0,3.5,0,0
2025-09-01,P004,Cereal,10,25,15,0,5.0,0,0
2025-09-01,PC001,Shampoo,8,61,53,0,9.5,0,0
2025-09-01,PC002,Toothpaste,8,15,36,0,4.5,29,0
2025-09-01,S001,Potato Chips,20,35,15,1,2.23,0,0
2025-09-01,S002,Chocolate Bar,4,43,39,0,2.8,0,0
2025-09-02,B001,White Bread,23,23,61,0,3.5,61,0
2025-09-02,B002,Wholemeal Bread,17,17,36,0,4.0,36,0
2025-09-02,D001,Milk 2L,26,26,67,0,4.5,67,0
2025-09-02,D002,Eggs (12 pack),15,15,43,0,7.5,43,0
2025-09-02,D003,Butter 500g,16,16,32,0,6.0,32,0
2025-09-02,D004,Cheese 500g,9,44,34,0,8.0,0,1
2025-09-02,DR001,Bottled Water 600mL,12,35,23,0,2.5,0,0
2025-09-02,DR002,Coke 1.5L,13,43,30,0,3.8,0,0
2025-09-02,DR003,Orange Juice 2L,14,14,33,0,5.5,33,0
2025-09-02,DR004,Energy Drink 250mL,41,41,50,0,4.0,50,0
2025-09-02,F001,Bananas,9,51,41,0,3.2,0,1
2025-09-02,F002,Apples,7,39,32,0,4.5,0,0
2025-09-02,FR001,Ice Cream 1L,22,35,13,0,6.5,0,0
2025-09-02,FR002,Frozen Pizza,17,35,18,0,8.0,0,0
2025-09-02,H001,Toilet Paper,14,36,22,0,8.0,0,0
2025-09-02,H002,Laundry Detergent,14,20,37,1,9.39,31,0
2025-09-02,P001,Instant Noodles,17,34,17,0,2.0,0,0
2025-09-02,P002,Rice 1kg,17,31,14,0,3.5,0,0
2025-09-02,P004,Cereal,8,15,28,0,5.0,21,0
2025-09-02,PC001,Shampoo,9,53,44,0,9.5,0,0
2025-09-02,PC002,Toothpaste,9,36,27,0,4.5,0,0
2025-09-02,S001,Potato Chips,15,15,50,0,3.0,50,0
2025-09-02,S002,Chocolate Bar,4,39,35,0,2.8,0,0
2025-09-03,B001,White Bread,36,61,24,0,3.5,0,1
2025-09-03,B002,Wholemeal Bread,16,36,20,0,4.0,0,0
2025-09-03,D001,Milk 2L,43,67,24,0,4.5,0,0
2025-09-03,D002,Eggs (12 pack),16,43,27,1,5.66,0,0
2025-09-03,D003,Butter 500g,32,32,50,1,4.54,50,0
2025-09-03,D004,Cheese 500g,7,34,27,0,8.0,0,0
2025-09-03,DR001,Bottled Water 600mL,13,23,10,0,2.5,0,0
2025-09-03,DR002,Coke 1.5L,10,30,20,1,2.76,0,0
2025-09-03,DR003,Orange Juice 2L,17,33,16,1,4.83,0,0
2025-09-03,DR004,Energy Drink 250mL,13,50,37,0,4.0,0,0
2025-09-03,F001,Bananas,9,41,32,0,3.2,0,0
2025-09-03,F002,Apples,7,32,24,0,4.5,0,1
2025-09-03,FR001,Ice Cream 1L,13,13,37,1,5.59,37,0
2025-09-03,FR002,Frozen Pizza,18,18,55,0,8.0,55,0
2025-09-03,H001,Toilet Paper,17,22,48,0,8.0,43,0
2025-09-03,H002,Laundry Detergent,12,37,25,0,12.0,0,0
2025-09-03,P001,Instant Noodles,15,17,45,0,2.0,43,0
2025-09-03,P002,Rice 1kg,14,14,38,0,3.5,38,0
2025-09-03,P004,Cereal,7,28,21,0,5.0,0,0
2025-09-03,PC001,Shampoo,11,44,33,0,9.5,0,0
2025-09-03,PC002,Toothpaste,13,27,14,0,4.5,0,0
2025-09-03,S001,Potato Chips,27,50,23,0,3.0,0,0
2025-09-03,S002,Chocolate Bar,7,35,28,0,2.8,0,0
2025-09-04,B001,White Bread,24,24,52,0,3.5,52,0
2025-09-04,B002,Wholemeal Bread,20,20,38,0,4.0,38,0
2025-09-04,D001,Milk 2L,24,24,40,0,4.5,40,0
2025-09-04,D002,Eggs (12 pack),27,27,35,0,7.5,35,0
2025-09-04,D003,Butter 500g,23,50,26,1,5.04,0,1
2025-09-04,D004,Cheese 500g,7,27,20,0,8.0,0,0
2025-09-04,DR001,Bottled Water 600mL,10,10,65,0,2.5,65,0
2025-09-04,DR002,Coke 1.5L,8,20,12,0,3.8,0,0
2025-09-04,DR003,Orange Juice 2L,16,16,38,0,5.5,38,0
2025-09-04,DR004,Energy Drink 250mL,11,37,26,1,3.19,0,0
2025-09-04,F001,Bananas,11,32,21,0,3.2,0,0
2025-09-04,F002,Apples,9,24,15,0,4.5,0,0
2025-09-04,FR001,Ice Cream 1L,20,37,17,0,6.5,0,0
2025-09-04,FR002,Frozen Pizza,18,55,37,0,8.0,0,0
2025-09-04,H001,Toilet Paper,16,48,32,0,8.0,0,0
2025-09-04,H002,Laundry Detergent,15,25,10,0,12.0,0,0
2025-09-04,P001,Instant Noodles,18,45,27,0,2.0,0,0
2025-09-04,P002,Rice 1kg,21,38,17,0,3.5,0,0
2025-09-04,P004,Cereal,9,21,12,0,5.0,0,0
2025-09-04,PC001,Shampoo,8,33,25,1,7.43,0,0
2025-09-04,PC002,Toothpaste,12,14,56,0,4.5,54,0
2025-09-04,S001,Potato Chips,23,23,51,0,3.0,51,0
2025-09-04,S002,Chocolate Bar,4,28,24,0,2.8,0,0
2025-09-05,B001,White Bread,42,52,10,0,3.5,0,0
2025-09-05,B002,Wholemeal Bread,38,38,38,0,4.0,38,0
2025-09-05,D001,Milk 2L,37,40,59,1,3.64,56,0
2025-09-05,D002,Eggs (12 pack),31,35,63,0,7.5,59,0
2025-09-05,D003,Butter 500g,26,26,58,0,6.0,58,0
2025-09-05,D004,Cheese 500g,7,20,13,0,8.0,0,0
2025-09-05,DR001,Bottled Water 600mL,15,65,50,0,2.5,0,0
2025-09-05,DR002,Coke 1.5L,12,12,67,0,3.8,67,0
2025-09-05,DR003,Orange Juice 2L,23,38,15,0,5.5,0,0
2025-09-05,DR004,Energy Drink 250mL,11,26,15,0,4.0,0,0
2025-09-05,F001,Bananas,9,21,12,0,3.2,0,0
2025-09-05,F002,Apples,6,15,51,0,4.5,42,0
2025-09-05,FR001,Ice Cream 1L,17,17,48,0,6.5,48,0
2025-09-05,FR002,Frozen Pizza,24,37,13,0,8.0,0,0
2025-09-05,H001,Toilet Paper,18,32,14,1,6.24,0,0
2025-09-05,H002,Laundry Detergent,10,10,39,0,12.0,39,0
2025-09-05,P001,Instant Noodles,20,27,36,1,1.48,29,0
2025-09-05,P002,Rice 1kg,17,17,47,0,3.5,47,0
2025-09-05,P004,Cereal,12,12,56,0,5.0,56,0
2025-09-05,PC001,Shampoo,10,25,15,0,9.5,0,0
2025-09-05,PC002,Toothpaste,9,56,47,1,3.82,0,0
2025-09-05,S001,Potato Chips,24,51,27,1,2.19,0,0
2025-09-05,S002,Chocolate Bar,7,24,17,0,2.8,0,0
2025-09-06,B001,White Bread,10,10,64,0,3.5,64,0
2025-09-06,B002,Wholemeal Bread,28,38,10,0,4.0,0,0
2025-09-06,D001,Milk 2L,41,59,18,0,4.5,0,0
2025-09-06,D002,Eggs (12 pack),42,63,21,1,6.5,0,0
2025-09-06,D003,Butter 500g,44,58,14,0,6.0,0,0
2025-09-06,D004,Cheese 500g,13,13,61,1,6.53,61,0
2025-09-06,DR001,Bottled Water 600mL,17,50,33,0,2.5,0,0
2025-09-06,DR002,Coke 1.5L,19,67,48,0,3.8,0,0
2025-09-06,DR003,Orange Juice 2L,15,15,64,0,5.5,64,0
2025-09-06,DR004,Energy Drink 250mL,15,15,68,0,4.0,68,0
2025-09-06,F001,Bananas,12,12,61,1,2.38,61,0
2025-09-06,F002,Apples,10,51,39,0,4.5,0,2
2025-09-06,FR001,Ice Cream 1L,38,48,10,0,6.5,0,0
2025-09-06,FR002,Frozen Pizza,13,13,44,0,8.0,44,0
2025-09-06,H001,Toilet Paper,14,14,44,0,8.0,44,0
2025-09-06,H002,Laundry Detergent,23,39,16,0,12.0,0,0
2025-09-06,P001,Instant Noodles,24,36,12,0,2.0,0,0
2025-09-06,P002,Rice 1kg,43,47,36,0,3.5,32,0
2025-09-06,P004,Cereal,14,56,42,0,5.0,0,0
2025-09-06,PC001,Shampoo,14,15,36,0,9.5,35,0
2025-09-06,PC002,Toothpaste,20,47,27,0,4.5,0,0
2025-09-06,S001,Potato Chips,27,27,34,0,3.0,34,0
2025-09-06,S002,Chocolate Bar,10,17,47,0,2.8,40,0
2025-09-07,B001,White Bread,45,64,19,0,3.5,0,0
2025-09-07,B002,Wholemeal Bread,10,10,43,0,4.0,43,0
2025-09-07,D001,Milk 2L,18,18,43,0,4.5,43,0
2025-09-07,D002,Eggs (12 pack),21,21,47,0,7.5,47,0
2025-09-07,D003,Butter 500g,14,14,39,0,6.0,39,0
2025-09-07,D004,Cheese 500g,13,61,47,0,8.0,0,1
2025-09-07,DR001,Bottled Water 600mL,24,33,45,0,2.5,36,0
2025-09-07,DR002,Coke 1.5L,12,48,36,0,3.8,0,0
2025-09-07,DR003,Orange Juice 2L,29,64,34,0,5.5,0,1
2025-09-07,DR004,Energy Drink 250mL,15,68,53,1,3.22,0,0
2025-09-07,F001,Bananas,13,61,48,0,3.2,0,0
2025-09-07,F002,Apples,12,39,27,0,4.5,0,0
2025-09-07,FR001,Ice Cream 1L,10,10,37,0,6.5,37,0
2025-09-07,FR002,Frozen Pizza,28,44,16,1,6.14,0,0
2025-09-07,H001,Toilet Paper,22,44,22,1,5.63,0,0
2025-09-07,H002,Laundry Detergent,16,16,64,0,12.0,64,0
2025-09-07,P001,Instant Noodles,12,12,55,0,2.0,55,0
2025-09-07,P002,Rice 1kg,36,36,40,1,2.88,40,0
2025-09-07,P004,Cereal,13,42,29,0,5.0,0,0
2025-09-07,PC001,Shampoo,10,36,26,0,9.5,0,0
2025-09-07,PC002,Toothpaste,16,27,11,0,4.5,0,0
2025-09-07,S001,Potato Chips,30,34,60,0,3.0,56,0
2025-09-07,S002,Chocolate Bar,9,47,38,0,2.8,0,0
2025-09-08,B001,White Bread,19,19,45,0,3.5,45,0
2025-09-08,B002,Wholemeal Bread,25,43,18,0,4.0,0,0
2025-09-08,D001,Milk 2L,38,43,30,0,4.5,25,0
2025-09-08,D002,Eggs (12 pack),16,47,30,0,7.5,0,1
2025-09-08,D003,Butter 500g,29,39,10,0,6.0,0,0
2025-09-08,D004,Cheese 500g,6,47,40,0,8.0,0,1
2025-09-08,DR001,Bottled Water 600mL,14,45,31,0,2.5,0,0
2025-09-08,DR002,Coke 1.5L,8,36,28,0,3.8,0,0
2025-09-08,DR003,Orange Juice 2L,26,34,52,0,5.5,44,0
2025-09-08,DR004,Energy Drink 250mL,13,53,40,0,4.0,0,0
2025-09-08,F001,Bananas,9,48,38,1,2.48,0,1
2025-09-08,F002,Apples,6,27,21,0,4.5,0,0
2025-09-08,FR001,Ice Cream 1L,22,37,15,0,6.5,0,0
2025-09-08,FR002,Frozen Pizza,13,16,57,0,8.0,54,0
2025-09-08,H001,Toilet Paper,12,22,10,0,8.0,0,0
2025-09-08,H002,Laundry Detergent,15,64,49,0,12.0,0,0
2025-09-08,P001,Instant Noodles,13,55,42,0,2.0,0,0
2025-09-08,P002,Rice 1kg,19,40,21,0,3.5,0,0
2025-09-08,P004,Cereal,9,29,20,0,5.0,0,0
2025-09-08,PC001,Shampoo,9,26,17,0,9.5,0,0
2025-09-08,PC002,Toothpaste,8,11,39,0,4.5,36,0
2025-09-08,S001,Potato Chips,24,60,36,0,3.0,0,0
2025-09-08,S002,Chocolate Bar,8,38,30,0,2.8,0,0
2025-09-09,B001,White Bread,26,45,19,1,2.5,0,0
2025-09-09,B002,Wholemeal Bread,18,18,58,0,4.0,58,0
2025-09-09,D001,Milk 2L,24,30,65,0,4.5,59,0
2025-09-09,D002,Eggs (12 pack),18,30,12,0,7.5,0,0
2025-09-09,D003,Butter 500g,10,10,37,0,6.0,37,0
2025-09-09,D004,Cheese 500g,9,40,31,0,8.0,0,0
2025-09-09,DR001,Bottled Water 600mL,11,31,20,0,2.5,0,0
2025-09-09,DR002,Coke 1.5L,8,28,20,0,3.8,0,0
2025-09-09,DR003,Orange Juice 2L,25,52,27,0,5.5,0,0
2025-09-09,DR004,Energy Drink 250mL,7,40,33,0,4.0,0,0
2025-09-09,F001,Bananas,14,38,24,0,3.2,0,0
2025-09-09,F002,Apples,6,21,15,0,4.5,0,0
2025-09-09,FR001,Ice Cream 1L,15,15,67,0,6.5,67,0
2025-09-09,FR002,Frozen Pizza,15,57,42,0,8.0,0,0
2025-09-09,H001,Toilet Paper,10,10,62,0,8.0,62,0
2025-09-09,H002,Laundry Detergent,17,49,32,0,12.0,0,0
2025-09-09,P001,Instant Noodles,22,42,20,0,2.0,0,0
2025-09-09,P002,Rice 1kg,21,21,56,0,3.5,56,0
2025-09-09,P004,Cereal,12,20,58,0,5.0,50,0
2025-09-09,PC001,Shampoo,10,17,49,0,9.5,42,0
2025-09-09,PC002,Toothpaste,11,39,28,1,3.47,0,0
2025-09-09,S001,Potato Chips,27,36,53,1,2.32,44,0
2025-09-09,S002,Chocolate Bar,4,30,26,0,2.8,0,0
2025-09-10,B001,White Bread,19,19,54,0,3.5,54,0
2025-09-10,B002,Wholemeal Bread,17,58,41,0,4.0,0,0
2025-09-10,D001,Milk 2L,30,65,35,0,4.5,0,0
2025-09-10,D002,Eggs (12 pack),12,12,65,0,7.5,65,0
2025-09-10,D003,Butter 500g,20,37,17,0,6.0,0,0
2025-09-10,D004,Cheese 500g,6,31,24,1,5.61,0,1
2025-09-10,DR001,Bottled Water 600mL,16,20,47,0,2.5,43,0
2025-09-10,DR002,Coke 1.5L,9,20,11,1,3.42,0,0
2025-09-10,DR003,Orange Juice 2L,23,27,61,0,5.5,57,0
2025-09-10,DR004,Energy Drink 250mL,7,33,26,0,4.0,0,0
2025-09-10,F001,Bananas,9,24,15,0,3.2,0,0
2025-09-10,F002,Apples,6,15,32,1,3.29,23,0
2025-09-10,FR001,Ice Cream 1L,21,67,44,0,6.5,0,2
2025-09-10,FR002,Frozen Pizza,16,42,26,1,6.95,0,0
2025-09-10,H001,Toilet Paper,20,62,42,0,8.0,0,0
2025-09-10,H002,Laundry Detergent,12,32,20,0,12.0,0,0
2025-09-10,P001,Instant Noodles,15,20,43,0,2.0,38,0
2025-09-10,P002,Rice 1kg,29,56,27,0,3.5,0,0
2025-09-10,P004,Cereal,10,58,48,0,5.0,0,0
2025-09-10,PC001,Shampoo,8,49,41,0,9.5,0,0
2025-09-10,PC002,Toothpaste,8,28,20,0,4.5,0,0
2025-09-10,S001,Potato Chips,16,53,37,1,2.63,0,0
2025-09-10,S002,Chocolate Bar,7,26,19,0,2.8,0,0
2025-09-11,B001,White Bread,32,54,22,0,3.5,0,0
2025-09-11,B002,Wholemeal Bread,16,41,25,1,3.02,0,0
2025-09-11,D001,Milk 2L,35,35,52,0,4.5,52,0
2025-09-11,D002,Eggs (12 pack),28,65,37,0,7.5,0,0
2025-09-11,D003,Butter 500g,17,17,48,0,6.0,48,0
2025-09-11,D004,Cheese 500g,5,24,19,0,8.0,0,0
2025-09-11,DR001,Bottled Water 600mL,37,47,10,0,2.5,0,0
2025-09-11,DR002,Coke 1.5L,9,11,25,0,3.8,23,0
2025-09-11,DR003,Orange Juice 2L,26,61,34,0,5.5,0,1
2025-09-11,DR004,Energy Drink 250mL,10,26,16,0,4.0,0,0
2025-09-11,F001,Bananas,14,15,55,0,3.2,54,0
2025-09-11,F002,Apples,32,32,32,0,4.5,32,0
2025-09-11,FR001,Ice Cream 1L,18,44,26,0,6.5,0,0
2025-09-11,FR002,Frozen Pizza,15,26,11,0,8.0,0,0
2025-09-11,H001,Toilet Paper,13,42,29,1,5.62,0,0
2025-09-11,H002,Laundry Detergent,20,20,32,0,12.0,32,0
2025-09-11,P001,Instant Noodles,16,43,27,1,1.57,0,0
2025-09-11,P002,Rice 1kg,24,27,37,0,3.5,34,0
2025-09-11,P004,Cereal,10,48,38,0,5.0,0,0
2025-09-11,PC001,Shampoo,9,41,32,1,7.88,0,0
2025-09-11,PC002,Toothpaste,13,20,57,0,4.5,50,0
2025-09-11,S001,Potato Chips,29,37,65,0,3.0,57,0
2025-09-11,S002,Chocolate Bar,4,19,15,0,2.8,0,0
2025-09-12,B001,White Bread,22,22,34,0,3.5,34,0
2025-09-12,B002,Wholemeal Bread,23,25,48,0,4.0,46,0
2025-09-12,D001,Milk 2L,29,52,23,0,4.5,0,0
2025-09-12,D002,Eggs (12 pack),31,37,26,1,6.37,20,0
2025-09-12,D003,Butter 500g,27,48,21,0,6.0,0,0
2025-09-12,D004,Cheese 500g,12,19,62,0,8.0,55,0
2025-09-12,DR001,Bottled Water 600mL,10,10,36,0,2.5,36,0
2025-09-12,DR002,Coke 1.5L,15,25,10,1,3.27,0,0
2025-09-12,DR003,Orange Juice 2L,18,34,16,0,5.5,0,0
2025-09-12,DR004,Energy Drink 250mL,9,16,43,0,4.0,36,0
2025-09-12,F001,Bananas,11,55,43,0,3.2,0,1
2025-09-12,F002,Apples,9,32,23,0,4.5,0,0
2025-09-12,FR001,Ice Cream 1L,18,26,60,0,6.5,52,0
2025-09-12,FR002,Frozen Pizza,11,11,67,0,8.0,67,0
2025-09-12,H001,Toilet Paper,21,29,41,0,8.0,33,0
2025-09-12,H002,Laundry Detergent,17,32,15,0,12.0,0,0
2025-09-12,P001,Instant Noodles,22,27,49,1,1.42,44,0
2025-09-12,P002,Rice 1kg,27,37,10,0,3.5,0,0
2025-09-12,P004,Cereal,11,38,27,1,4.36,0,0
2025-09-12,PC001,Shampoo,12,32,20,0,9.5,0,0
2025-09-12,PC002,Toothpaste,10,57,47,0,4.5,0,0
2025-09-12,S001,Potato Chips,24,65,41,0,3.0,0,0
2025-09-12,S002,Chocolate Bar,9,15,51,0,2.8,45,0
2025-09-13,B001,White Bread,34,34,34,0,3.5,34,0
2025-09-13,B002,Wholemeal Bread,39,48,32,0,4.0,23,0
2025-09-13,D001,Milk 2L,23,23,62,0,4.5,62,0
2025-09-13,D002,Eggs (12 pack),26,26,42,0,7.5,42,0
2025-09-13,D003,Butter 500g,21,21,32,0,6.0,32,0
2025-09-13,D004,Cheese 500g,14,62,48,0,8.0,0,0
2025-09-13,DR001,Bottled Water 600mL,19,36,17,0,2.5,0,0
2025-09-13,DR002,Coke 1.5L,10,10,35,0,3.8,35,0
2025-09-13,DR003,Orange Juice 2L,16,16,35,0,5.5,35,0
2025-09-13,DR004,Energy Drink 250mL,12,43,31,0,4.0,0,0
2025-09-13,F001,Bananas,21,43,22,1,2.32,0,0
2025-09-13,F002,Apples,13,23,10,0,4.5,0,0
2025-09-13,FR001,Ice Cream 1L,36,60,23,1,4.71,0,1
2025-09-13,FR002,Frozen Pizza,24,67,41,0,8.0,0,2
2025-09-13,H001,Toilet Paper,29,41,12,0,8.0,0,0
2025-09-13,H002,Laundry Detergent,15,15,55,0,12.0,55,0
2025-09-13,P001,Instant Noodles,30,49,19,0,2.0,0,0
2025-09-13,P002,Rice 1kg,10,10,33,0,3.5,33,0
2025-09-13,P004,Cereal,18,27,48,0,5.0,39,0
2025-09-13,PC001,Shampoo,17,20,30,0,9.5,27,0
2025-09-13,PC002,Toothpaste,19,47,28,1,3.68,0,0
2025-09-13,S001,Potato Chips,35,41,37,0,3.0,31,0
2025-09-13,S002,Chocolate Bar,9,51,42,0,2.8,0,0
2025-09-14,B001,White Bread,34,34,62,0,3.5,62,0
2025-09-14,B002,Wholemeal Bread,32,32,35,0,4.0,35,0
2025-09-14,D001,Milk 2L,59,62,56,0,4.5,53,0
2025-09-14,D002,Eggs (12 pack),28,42,14,0,7.5,0,0
2025-09-14,D003,Butter 500g,32,32,53,1,5.21,53,0
2025-09-14,D004,Cheese 500g,11,48,36,1,5.95,0,1
2025-09-14,DR001,Bottled Water 600mL,17,17,38,0,2.5,38,0
2025-09-14,DR002,Coke 1.5L,15,35,20,1,3.23,0,0
2025-09-14,DR003,Orange Juice 2L,26,35,63,0,5.5,54,0
2025-09-14,DR004,Energy Drink 250mL,20,31,11,0,4.0,0,0
2025-09-14,F001,Bananas,20,22,53,0,3.2,51,0
2025-09-14,F002,Apples,10,10,41,1,3.45,41,0
2025-09-14,FR001,Ice Cream 1L,23,23,56,0,6.5,56,0
2025-09-14,FR002,Frozen Pizza,21,41,20,0,8.0,0,0
2025-09-14,H001,Toilet Paper,12,12,40,1,6.72,40,0
2025-09-14,H002,Laundry Detergent,16,55,39,0,12.0,0,0
2025-09-14,P001,Instant Noodles,19,19,50,0,2.0,50,0
2025-09-14,P002,Rice 1kg,33,33,58,0,3.5,58,0
2025-09-14,P004,Cereal,18,48,30,0,5.0,0,0
2025-09-14,PC001,Shampoo,10,30,20,0,9.5,0,0
2025-09-14,PC002,Toothpaste,14,28,14,0,4.5,0,0
2025-09-14,S001,Potato Chips,30,37,65,1,2.53,58,0
2025-09-14,S002,Chocolate Bar,6,42,36,0,2.8,0,0
2025-09-15,B001,White Bread,35,62,27,0,3.5,0,0
2025-09-15,B002,Wholemeal Bread,25,35,10,0,4.0,0,0
2025-09-15,D001,Milk 2L,27,56,29,0,4.5,0,0
2025-09-15,D002,Eggs (12 pack),14,14,34,0,7.5,34,0
2025-09-15,D003,Butter 500g,28,53,25,0,6.0,0,0
2025-09-15,D004,Cheese 500g,7,36,29,0,8.0,0,0
2025-09-15,DR001,Bottled Water 600mL,12,38,26,0,2.5,0,0
2025-09-15,DR002,Coke 1.5L,13,20,54,1,2.98,47,0
2025-09-15,DR003,Orange Juice 2L,16,63,47,0,5.5,0,0
2025-09-15,DR004,Energy Drink 250mL,10,11,35,1,3.0,34,0
2025-09-15,F001,Bananas,9,53,43,0,3.2,0,1
2025-09-15,F002,Apples,9,41,31,0,4.5,0,1
2025-09-15,FR001,Ice Cream 1L,19,56,37,0,6.5,0,0
2025-09-15,FR002,Frozen Pizza,13,20,63,1,5.67,56,0
2025-09-15,H001,Toilet Paper,17,40,23,1,6.58,0,0
2025-09-15,H002,Laundry Detergent,14,39,25,0,12.0,0,0
2025-09-15,P001,Instant Noodles,17,50,33,0,2.0,0,0
2025-09-15,P002,Rice 1kg,30,58,28,1,2.63,0,0
2025-09-15,P004,Cereal,8,30,22,0,5.0,0,0
2025-09-15,PC001,Shampoo,8,20,12,0,9.5,0,0
2025-09-15,PC002,Toothpaste,9,14,56,1,3.72,51,0
2025-09-15,S001,Potato Chips,28,65,37,0,3.0,0,0
2025-09-15,S002,Chocolate Bar,6,36,30,0,2.8,0,0
2025-09-16,B001,White Bread,27,27,44,0,3.5,44,0
2025-09-16,B002,Wholemeal Bread,10,10,41,0,4.0,41,0
2025-09-16,D001,Milk 2L,29,29,61,0,4.5,61,0
2025-09-16,D002,Eggs (12 pack),22,34,12,0,7.5,0,0
2025-09-16,D003,Butter 500g,24,25,30,0,6.0,29,0
2025-09-16,D004,Cheese 500g,10,29,19,1,6.11,0,0
2025-09-16,DR001,Bottled Water 600mL,11,26,15,0,2.5,0,0
2025-09-16,DR002,Coke 1.5L,12,54,42,0,3.8,0,0
2025-09-16,DR003,Orange Juice 2L,22,47,25,0,5.5,0,0
2025-09-16,DR004,Energy Drink 250mL,8,35,27,0,4.0,0,0
2025-09-16,F001,Bananas,11,43,32,0,3.2,0,0
2025-09-16,F002,Apples,9,31,22,0,4.5,0,0
2025-09-16,FR001,Ice Cream 1L,27,37,10,0,6.5,0,0
2025-09-16,FR002,Frozen Pizza,17,63,46,0,8.0,0,0
2025-09-16,H001,Toilet Paper,23,23,44,0,8.0,44,0
2025-09-16,H002,Laundry Detergent,10,25,15,1,9.64,0,0
2025-09-16,P001,Instant Noodles,15,33,18,0,2.0,0,0
2025-09-16,P002,Rice 1kg,19,28,39,1,2.99,30,0
2025-09-16,P004,Cereal,8,22,14,0,5.0,0,0
2025-09-16,PC001,Shampoo,7,12,39,0,9.5,34,0
2025-09-16,PC002,Toothpaste,8,56,48,0,4.5,0,0
2025-09-16,S001,Potato Chips,26,37,11,0,3.0,0,0
2025-09-16,S002,Chocolate Bar,6,30,24,0,2.8,0,0
2025-09-17,B001,White Bread,27,44,17,0,3.5,0,0
2025-09-17,B002,Wholemeal Bread,25,41,16,0,4.0,0,0
2025-09-17,D001,Milk 2L,44,61,17,0,4.5,0,0
2025-09-17,D002,Eggs (12 pack),12,12,40,0,7.5,40,0
2025-09-17,D003,Butter 500g,26,30,34,0,6.0,30,0
2025-09-17,D004,Cheese 500g,7,19,12,1,5.94,0,0
2025-09-17,DR001,Bottled Water 600mL,13,15,29,0,2.5,27,0
2025-09-17,DR002,Coke 1.5L,11,42,31,0,3.8,0,0
2025-09-17,DR003,Orange Juice 2L,16,25,50,0,5.5,41,0
2025-09-17,DR004,Energy Drink 250mL,10,27,17,1,3.03,0,0
2025-09-17,F001,Bananas,9,32,23,1,2.71,0,0
2025-09-17,F002,Apples,8,22,14,0,4.5,0,0
2025-09-17,FR001,Ice Cream 1L,10,10,59,0,6.5,59,0
2025-09-17,FR002,Frozen Pizza,15,46,30,0,8.0,0,1
2025-09-17,H001,Toilet Paper,14,44,30,0,8.0,0,0
2025-09-17,H002,Laundry Detergent,15,15,68,0,12.0,68,0
2025-09-17,P001,Instant Noodles,17,18,29,0,2.0,28,0
2025-09-17,P002,Rice 1kg,18,39,21,0,3.5,0,0
2025-09-17,P004,Cereal,12,14,52,0,5.0,50,0
2025-09-17,PC001,Shampoo,10,39,29,0,9.5,0,0
2025-09-17,PC002,Toothpaste,11,48,37,0,4.5,0,0
2025-09-17,S001,Potato Chips,11,11,35,1,2.14,35,0
2025-09-17,S002,Chocolate Bar,4,24,20,0,2.8,0,0
2025-09-18,B001,White Bread,17,17,64,0,3.5,64,0
2025-09-18,B002,Wholemeal Bread,16,16,42,0,4.0,42,0
2025-09-18,D001,Milk 2L,17,17,68,1,3.43,68,0
2025-09-18,D002,Eggs (12 pack),28,40,12,1,6.4,0,0
2025-09-18,D003,Butter 500g,23,34,11,0,6.0,0,0
2025-09-18,D004,Cheese 500g,8,12,56,0,8.0,52,0
2025-09-18,DR001,Bottled Water 600mL,9,29,20,1,2.16,0,0
2025-09-18,DR002,Coke 1.5L,9,31,22,1,2.96,0,0
2025-09-18,DR003,Orange Juice 2L,25,50,25,1,3.98,0,0
2025-09-18,DR004,Energy Drink 250mL,12,17,27,1,3.01,22,0
2025-09-18,F001,Bananas,12,23,11,0,3.2,0,0
2025-09-18,F002,Apples,5,14,40,0,4.5,31,0
2025-09-18,FR001,Ice Cream 1L,24,59,35,0,6.5,0,0
2025-09-18,FR002,Frozen Pizza,17,30,13,1,6.2,0,0
2025-09-18,H001,Toilet Paper,13,30,17,1,6.04,0,0
2025-09-18,H002,Laundry Detergent,14,68,54,0,12.0,0,0
2025-09-18,P001,Instant Noodles,19,29,10,0,2.0,0,0
2025-09-18,P002,Rice 1kg,21,21,54,0,3.5,54,0
2025-09-18,P004,Cereal,7,52,45,1,4.14,0,0
2025-09-18,PC001,Shampoo,11,29,18,0,9.5,0,0
2025-09-18,PC002,Toothpaste,13,37,24,0,4.5,0,0
2025-09-18,S001,Potato Chips,20,35,15,0,3.0,0,0
2025-09-18,S002,Chocolate Bar,5,20,15,1,2.47,0,0
2025-09-19,B001,White Bread,26,64,37,0,3.5,0,1
2025-09-19,B002,Wholemeal Bread,21,42,21,1,3.14,0,0
2025-09-19,D001,Milk 2L,35,68,32,0,4.5,0,1
2025-09-19,D002,Eggs (12 pack),12,12,39,1,6.06,39,0
2025-09-19,D003,Butter 500g,11,11,56,0,6.0,56,0
2025-09-19,D004,Cheese 500g,10,56,45,0,8.0,0,1
2025-09-19,DR001,Bottled Water 600mL,16,20,47,0,2.5,43,0
2025-09-19,DR002,Coke 1.5L,13,22,38,0,3.8,29,0
2025-09-19,DR003,Orange Juice 2L,25,25,39,0,5.5,39,0
2025-09-19,DR004,Energy Drink 250mL,11,27,16,0,4.0,0,0
2025-09-19,F001,Bananas,11,11,46,0,3.2,46,0
2025-09-19,F002,Apples,11,40,29,0,4.5,0,0
2025-09-19,FR001,Ice Cream 1L,19,35,16,1,5.14,0,0
2025-09-19,FR002,Frozen Pizza,13,13,68,0,8.0,68,0
2025-09-19,H001,Toilet Paper,17,17,40,0,8.0,40,0
2025-09-19,H002,Laundry Detergent,12,54,42,0,12.0,0,0
2025-09-19,P001,Instant Noodles,10,10,34,0,2.0,34,0
2025-09-19,P002,Rice 1kg,26,54,28,0,3.5,0,0
2025-09-19,P004,Cereal,14,45,31,0,5.0,0,0
2025-09-19,PC001,Shampoo,9,18,56,0,9.5,47,0
2025-09-19,PC002,Toothpaste,15,24,67,0,4.5,58,0
2025-09-19,S001,Potato Chips,15,15,43,0,3.0,43,0
2025-09-19,S002,Chocolate Bar,5,15,10,1,2.43,0,0
2025-09-20,B001,White Bread,37,37,54,0,3.5,54,0
2025-09-20,B002,Wholemeal Bread,21,21,65,0,4.0,65,0
2025-09-20,D001,Milk 2L,32,32,48,1,3.59,48,0
2025-09-20,D002,Eggs (12 pack),25,39,14,1,5.6,0,0
2025-09-20,D003,Butter 500g,27,56,29,0,6.0,0,0
2025-09-20,D004,Cheese 500g,11,45,33,0,8.0,0,1
2025-09-20,DR001,Bottled Water 600mL,37,47,10,0,2.5,0,0
2025-09-20,DR002,Coke 1.5L,16,38,22,0,3.8,0,0
2025-09-20,DR003,Orange Juice 2L,29,39,10,1,4.38,0,0
2025-09-20,DR004,Energy Drink 250mL,13,16,30,1,3.12,27,0
2025-09-20,F001,Bananas,18,46,27,0,3.2,0,1
2025-09-20,F002,Apples,11,29,18,0,4.5,0,0
2025-09-20,FR001,Ice Cream 1L,16,16,48,0,6.5,48,0
2025-09-20,FR002,Frozen Pizza,28,68,40,0,8.0,0,0
2025-09-20,H001,Toilet Paper,23,40,17,0,8.0,0,0
2025-09-20,H002,Laundry Detergent,27,42,15,1,9.27,0,0
2025-09-20,P001,Instant Noodles,29,34,59,0,2.0,54,0
2025-09-20,P002,Rice 1kg,28,28,34,0,3.5,34,0
2025-09-20,P004,Cereal,11,31,20,0,5.0,0,0
2025-09-20,PC001,Shampoo,15,56,41,0,9.5,0,0
2025-09-20,PC002,Toothpaste,18,67,49,0,4.5,0,0
2025-09-20,S001,Potato Chips,31,43,12,1,2.39,0,0
2025-09-20,S002,Chocolate Bar,9,10,28,0,2.8,27,0
2025-09-21,B001,White Bread,54,54,41,1,3.03,41,0
2025-09-21,B002,Wholemeal Bread,24,65,40,0,4.0,0,1
2025-09-21,D001,Milk 2L,46,48,53,0,4.5,51,0
2025-09-21,D002,Eggs (12 pack),14,14,41,0,7.5,41,0
2025-09-21,D003,Butter 500g,25,29,39,0,6.0,35,0
2025-09-21,D004,Cheese 500g,33,33,60,0,8.0,60,0
2025-09-21,DR001,Bottled Water 600mL,10,10,34,0,2.5,34,0
2025-09-21,DR002,Coke 1.5L,14,22,59,0,3.8,51,0
2025-09-21,DR003,Orange Juice 2L,10,10,32,0,5.5,32,0
2025-09-21,DR004,Energy Drink 250mL,14,30,16,0,4.0,0,0
2025-09-21,F001,Bananas,20,27,32,1,2.65,25,0
2025-09-21,F002,Apples,9,18,51,0,4.5,42,0
2025-09-21,FR001,Ice Cream 1L,31,48,17,0,6.5,0,0
2025-09-21,FR002,Frozen Pizza,19,40,21,0,8.0,0,0
2025-09-21,H001,Toilet Paper,17,17,36,0,8.0,36,0
2025-09-21,H002,Laundry Detergent,15,15,60,1,10.4,60,0
2025-09-21,P001,Instant Noodles,22,59,37,0,2.0,0,0
2025-09-21,P002,Rice 1kg,31,34,26,0,3.5,23,0
2025-09-21,P004,Cereal,19,20,47,1,4.01,46,0
2025-09-21,PC001,Shampoo,10,41,31,0,9.5,0,0
2025-09-21,PC002,Toothpaste,15,49,34,0,4.5,0,0
2025-09-21,S001,Potato Chips,12,12,63,0,3.0,63,0
2025-09-21,S002,Chocolate Bar,11,28,17,0,2.8,0,0
2025-09-22,B001,White Bread,41,41,65,0,3.5,65,0
2025-09-22,B002,Wholemeal Bread,17,40,23,0,4.0,0,0
2025-09-22,D001,Milk 2L,25,53,27,0,4.5,0,1
2025-09-22,D002,Eggs (12 pack),19,41,22,0,7.5,0,0
2025-09-22,D003,Butter 500g,26,39,13,1,4.63,0,0
2025-09-22,D004,Cheese 500g,7,60,53,0,8.0,0,0
2025-09-22,DR001,Bottled Water 600mL,10,34,24,0,2.5,0,0
2025-09-22,DR002,Coke 1.5L,8,59,51,0,3.8,0,0
2025-09-22,DR003,Orange Juice 2L,24,32,55,0,5.5,47,0
2025-09-22,DR004,Energy Drink 250mL,8,16,57,0,4.0,49,0
2025-09-22,F001,Bananas,10,32,22,0,3.2,0,0
2025-09-22,F002,Apples,9,51,41,0,4.5,0,1
2025-09-22,FR001,Ice Cream 1L,17,17,44,0,6.5,44,0
2025-09-22,FR002,Frozen Pizza,17,21,27,0,8.0,23,0
2025-09-22,H001,Toilet Paper,13,36,23,0,8.0,0,0
2025-09-22,H002,Laundry Detergent,15,60,45,1,8.62,0,0
2025-09-22,P001,Instant Noodles,24,37,13,0,2.0,0,0
2025-09-22,P002,Rice 1kg,24,26,28,0,3.5,26,0
2025-09-22,P004,Cereal,12,47,35,0,5.0,0,0
2025-09-22,PC001,Shampoo,10,31,21,0,9.5,0,0
2025-09-22,PC002,Toothpaste,8,34,26,0,4.5,0,0
2025-09-22,S001,Potato Chips,20,63,43,0,3.0,0,0
2025-09-22,S002,Chocolate Bar,7,17,10,0,2.8,0,0
2025-09-23,B001,White Bread,27,65,38,0,3.5,0,0
2025-09-23,B002,Wholemeal Bread,22,23,52,0,4.0,51,0
2025-09-23,D001,Milk 2L,25,27,58,0,4.5,56,0
2025-09-23,D002,Eggs (12 pack),17,22,31,0,7.5,26,0
2025-09-23,D003,Butter 500g,13,13,41,0,6.0,41,0
2025-09-23,D004,Cheese 500g,5,53,48,0,8.0,0,0
2025-09-23,DR001,Bottled Water 600mL,16,24,65,0,2.5,57,0
2025-09-23,DR002,Coke 1.5L,10,51,41,0,3.8,0,0
2025-09-23,DR003,Orange Juice 2L,23,55,31,0,5.5,0,1
2025-09-23,DR004,Energy Drink 250mL,13,57,44,0,4.0,0,0
2025-09-23,F001,Bananas,11,22,11,1,2.31,0,0
2025-09-23,F002,Apples,9,41,32,0,4.5,0,0
2025-09-23,FR001,Ice Cream 1L,19,44,25,0,6.5,0,0
2025-09-23,FR002,Frozen Pizza,17,27,10,1,6.59,0,0
2025-09-23,H001,Toilet Paper,23,23,46,0,8.0,46,0
2025-09-23,H002,Laundry Detergent,13,45,32,0,12.0,0,0
2025-09-23,P001,Instant Noodles,13,13,48,0,2.0,48,0
2025-09-23,P002,Rice 1kg,22,28,49,0,3.5,43,0
2025-09-23,P004,Cereal,7,35,28,0,5.0,0,0
2025-09-23,PC001,Shampoo,21,21,65,0,9.5,65,0
2025-09-23,PC002,Toothpaste,12,26,14,1,3.19,0,0
2025-09-23,S001,Potato Chips,26,43,17,0,3.0,0,0
2025-09-23,S002,Chocolate Bar,6,10,24,1,2.44,20,0
2025-09-24,B001,White Bread,34,38,63,0,3.5,59,0
2025-09-24,B002,Wholemeal Bread,18,52,33,0,4.0,0,1
2025-09-24,D001,Milk 2L,41,58,17,0,4.5,0,0
2025-09-24,D002,Eggs (12 pack),21,31,10,0,7.5,0,0
2025-09-24,D003,Butter 500g,16,41,25,1,4.32,0,0
2025-09-24,D004,Cheese 500g,7,48,41,0,8.0,0,0
2025-09-24,DR001,Bottled Water 600mL,14,65,51,0,2.5,0,0
2025-09-24,DR002,Coke 1.5L,13,41,28,0,3.8,0,0
2025-09-24,DR003,Orange Juice 2L,20,31,11,0,5.5,0,0
2025-09-24,DR004,Energy Drink 250mL,8,44,36,0,4.0,0,0
2025-09-24,F001,Bananas,11,11,67,1,2.52,67,0
2025-09-24,F002,Apples,8,32,24,0,4.5,0,0
2025-09-24,FR001,Ice Cream 1L,25,25,58,0,6.5,58,0
2025-09-24,FR002,Frozen Pizza,10,10,49,0,8.0,49,0
2025-09-24,H001,Toilet Paper,16,46,30,0,8.0,0,0
2025-09-24,H002,Laundry Detergent,14,32,18,1,8.64,0,0
2025-09-24,P001,Instant Noodles,18,48,30,0,2.0,0,0
2025-09-24,P002,Rice 1kg,19,49,30,0,3.5,0,0
2025-09-24,P004,Cereal,9,28,19,0,5.0,0,0
2025-09-24,PC001,Shampoo,7,65,58,0,9.5,0,0
2025-09-24,PC002,Toothpaste,12,14,28,0,4.5,26,0
2025-09-24,S001,Potato Chips,17,17,68,0,3.0,68,0
2025-09-24,S002,Chocolate Bar,5,24,19,0,2.8,0,0
2025-09-25,B001,White Bread,37,63,25,0,3.5,0,1
2025-09-25,B002,Wholemeal Bread,22,33,11,0,4.0,0,0
2025-09-25,D001,Milk 2L,17,17,30,0,4.5,30,0
2025-09-25,D002,Eggs (12 pack),10,10,53,0,7.5,53,0
2025-09-25,D003,Butter 500g,25,25,58,0,6.0,58,0
2025-09-25,D004,Cheese 500g,6,41,35,1,6.7,0,0
2025-09-25,DR001,Bottled Water 600mL,14,51,37,0,2.5,0,0
2025-09-25,DR002,Coke 1.5L,10,28,18,0,3.8,0,0
2025-09-25,DR003,Orange Juice 2L,11,11,40,0,5.5,40,0
2025-09-25,DR004,Energy Drink 250mL,9,36,27,0,4.0,0,0
2025-09-25,F001,Bananas,10,67,55,0,3.2,0,2
2025-09-25,F002,Apples,7,24,17,0,4.5,0,0
2025-09-25,FR001,Ice Cream 1L,18,58,39,0,6.5,0,1
2025-09-25,FR002,Frozen Pizza,16,49,32,0,8.0,0,1
2025-09-25,H001,Toilet Paper,19,30,11,0,8.0,0,0
2025-09-25,H002,Laundry Detergent,17,18,41,0,12.0,40,0
2025-09-25,P001,Instant Noodles,16,30,14,0,2.0,0,0
2025-09-25,P002,Rice 1kg,27,30,35,1,2.68,32,0
2025-09-25,P004,Cereal,11,19,41,1,3.81,33,0
2025-09-25,PC001,Shampoo,11,58,47,0,9.5,0,0
2025-09-25,PC002,Toothpaste,10,28,18,0,4.5,0,0
2025-09-25,S001,Potato Chips,18,68,50,0,3.0,0,0
2025-09-25,S002,Chocolate Bar,4,19,15,0,2.8,0,0
2025-09-26,B001,White Bread,25,25,38,0,3.5,38,0
2025-09-26,B002,Wholemeal Bread,11,11,54,0,4.0,54,0
2025-09-26,D001,Milk 2L,30,30,38,0,4.5,38,0
2025-09-26,D002,Eggs (12 pack),23,53,30,0,7.5,0,0
2025-09-26,D003,Butter 500g,20,58,38,0,6.0,0,0
2025-09-26,D004,Cheese 500g,12,35,23,0,8.0,0,0
2025-09-26,DR001,Bottled Water 600mL,14,37,23,0,2.5,0,0
2025-09-26,DR002,Coke 1.5L,12,18,43,1,2.86,37,0
2025-09-26,DR003,Orange Juice 2L,25,40,15,0,5.5,0,0
2025-09-26,DR004,Energy Drink 250mL,9,27,18,0,4.0,0,0
2025-09-26,F001,Bananas,14,55,41,1,2.31,0,0
2025-09-26,F002,Apples,11,17,52,0,4.5,46,0
2025-09-26,FR001,Ice Cream 1L,24,39,15,1,5.48,0,0
2025-09-26,FR002,Frozen Pizza,24,32,66,0,8.0,58,0
2025-09-26,H001,Toilet Paper,11,11,62,0,8.0,62,0
2025-09-26,H002,Laundry Detergent,22,41,19,0,12.0,0,0
2025-09-26,P001,Instant Noodles,14,14,65,0,2.0,65,0
2025-09-26,P002,Rice 1kg,27,35,66,0,3.5,58,0
2025-09-26,P004,Cereal,41,41,53,0,5.0,53,0
2025-09-26,PC001,Shampoo,8,47,39,0,9.5,0,0
2025-09-26,PC002,Toothpaste,10,18,57,0,4.5,49,0
2025-09-26,S001,Potato Chips,25,50,25,0,3.0,0,0
2025-09-26,S002,Chocolate Bar,7,15,32,1,1.97,24,0
2025-09-27,B001,White Bread,38,38,43,0,3.5,43,0
2025-09-27,B002,Wholemeal Bread,33,54,21,0,4.0,0,0
2025-09-27,D001,Milk 2L,38,38,61,0,4.5,61,0
2025-09-27,D002,Eggs (12 pack),30,30,44,0,7.5,44,0
2025-09-27,D003,Butter 500g,38,38,56,0,6.0,56,0
2025-09-27,D004,Cheese 500g,14,23,37,0,8.0,28,0
2025-09-27,DR001,Bottled Water 600mL,19,23,40,1,2.03,36,0
2025-09-27,DR002,Coke 1.5L,13,43,30,0,3.8,0,0
2025-09-27,DR003,Orange Juice 2L,15,15,36,0,5.5,36,0
2025-09-27,DR004,Energy Drink 250mL,17,18,37,0,4.0,36,0
2025-09-27,F001,Bananas,16,41,25,0,3.2,0,0
2025-09-27,F002,Apples,10,52,42,0,4.5,0,0
2025-09-27,FR001,Ice Cream 1L,15,15,62,0,6.5,62,0
2025-09-27,FR002,Frozen Pizza,28,66,38,0,8.0,0,0
2025-09-27,H001,Toilet Paper,24,62,38,0,8.0,0,0
2025-09-27,H002,Laundry Detergent,15,19,39,0,12.0,35,0
2025-09-27,P001,Instant Noodles,34,65,31,0,2.0,0,0
2025-09-27,P002,Rice 1kg,66,66,56,0,3.5,56,0
2025-09-27,P004,Cereal,16,53,37,0,5.0,0,0
2025-09-27,PC001,Shampoo,14,39,25,0,9.5,0,0
2025-09-27,PC002,Toothpaste,12,57,45,0,4.5,0,0
2025-09-27,S001,Potato Chips,25,25,32,0,3.0,32,0
2025-09-27,S002,Chocolate Bar,8,32,24,0,2.8,0,0
2025-09-28,B001,White Bread,43,43,52,0,3.5,52,0
2025-09-28,B002,Wholemeal Bread,21,21,31,0,4.0,31,0
2025-09-28,D001,Milk 2L,57,61,62,0,4.5,58,0
2025-09-28,D002,Eggs (12 pack),29,44,15,1,6.46,0,0
2025-09-28,D003,Butter 500g,44,56,12,0,6.0,0,0
2025-09-28,D004,Cheese 500g,37,37,31,1,6.59,31,0
2025-09-28,DR001,Bottled Water 600mL,17,40,23,0,2.5,0,0
2025-09-28,DR002,Coke 1.5L,19,30,11,1,3.21,0,0
2025-09-28,DR003,Orange Juice 2L,35,36,58,0,5.5,57,0
2025-09-28,DR004,Energy Drink 250mL,15,37,22,0,4.0,0,0
2025-09-28,F001,Bananas,16,25,62,0,3.2,53,0
2025-09-28,F002,Apples,10,42,32,0,4.5,0,0
2025-09-28,FR001,Ice Cream 1L,35,62,27,1,5.6,0,0
2025-09-28,FR002,Frozen Pizza,24,38,14,0,8.0,0,0
2025-09-28,H001,Toilet Paper,31,38,38,0,8.0,31,0
2025-09-28,H002,Laundry Detergent,24,39,15,0,12.0,0,0
2025-09-28,P001,Instant Noodles,24,31,47,0,2.0,40,0
2025-09-28,P002,Rice 1kg,35,56,21,0,3.5,0,0
2025-09-28,P004,Cereal,13,37,24,0,5.0,0,0
2025-09-28,PC001,Shampoo,17,25,40,0,9.5,32,0
2025-09-28,PC002,Toothpaste,14,45,31,0,4.5,0,0
2025-09-28,S001,Potato Chips,32,32,36,0,3.0,36,0
2025-09-28,S002,Chocolate Bar,10,24,14,0,2.8,0,0
2025-09-29,B001,White Bread,29,52,23,0,3.5,0,0
2025-09-29,B002,Wholemeal Bread,21,31,10,0,4.0,0,0
2025-09-29,D001,Milk 2L,33,62,29,0,4.5,0,0
2025-09-29,D002,Eggs (12 pack),15,15,50,0,7.5,50,0
2025-09-29,D003,Butter 500g,12,12,40,0,6.0,40,0
2025-09-29,D004,Cheese 500g,8,31,23,1,5.62,0,0
2025-09-29,DR001,Bottled Water 600mL,18,23,36,0,2.5,31,0
2025-09-29,DR002,Coke 1.5L,11,11,65,0,3.8,65,0
2025-09-29,DR003,Orange Juice 2L,15,58,42,1,4.37,0,1
2025-09-29,DR004,Energy Drink 250mL,13,22,54,0,4.0,45,0
2025-09-29,F001,Bananas,14,62,46,0,3.2,0,2
2025-09-29,F002,Apples,6,32,26,0,4.5,0,0
2025-09-29,FR001,Ice Cream 1L,18,27,67,1,5.55,58,0
2025-09-29,FR002,Frozen Pizza,14,14,33,0,8.0,33,0
2025-09-29,H001,Toilet Paper,20,38,18,0,8.0,0,0
2025-09-29,H002,Laundry Detergent,11,15,24,0,12.0,20,0
2025-09-29,P001,Instant Noodles,15,47,32,1,1.62,0,0
2025-09-29,P002,Rice 1kg,21,21,40,0,3.5,40,0
2025-09-29,P004,Cereal,7,24,17,0,5.0,0,0
2025-09-29,PC001,Shampoo,9,40,31,0,9.5,0,0
2025-09-29,PC002,Toothpaste,8,31,23,0,4.5,0,0
2025-09-29,S001,Potato Chips,18,36,18,0,3.0,0,0
2025-09-29,S002,Chocolate Bar,5,14,68,0,2.8,59,0
2025-09-30,B001,White Bread,23,23,68,0,3.5,68,0
2025-09-30,B002,Wholemeal Bread,10,10,34,0,4.0,34,0
2025-09-30,D001,Milk 2L,29,29,34,0,4.5,34,0
2025-09-30,D002,Eggs (12 pack),19,50,31,1,5.76,0,0
2025-09-30,D003,Butter 500g,17,40,23,1,4.82,0,0
2025-09-30,D004,Cheese 500g,6,23,17,0,8.0,0,0
2025-09-30,DR001,Bottled Water 600mL,11,36,25,0,2.5,0,0
2025-09-30,DR002,Coke 1.5L,11,65,54,0,3.8,0,0
2025-09-30,DR003,Orange Juice 2L,23,42,19,0,5.5,0,0
2025-09-30,DR004,Energy Drink 250mL,9,54,45,0,4.0,0,0
2025-09-30,F001,Bananas,12,46,34,0,3.2,0,0
2025-09-30,F002,Apples,6,26,20,0,4.5,0,0
2025-09-30,FR001,Ice Cream 1L,16,67,50,0,6.5,0,1
2025-09-30,FR002,Frozen Pizza,19,33,14,0,8.0,0,0
2025-09-30,H001,Toilet Paper,14,18,33,0,8.0,29,0
2025-09-30,H002,Laundry Detergent,13,24,11,0,12.0,0,0
2025-09-30,P001,Instant Noodles,14,32,18,0,2.0,0,0
2025-09-30,P002,Rice 1kg,25,40,15,0,3.5,0,0
2025-09-30,P004,Cereal,12,17,25,1,3.61,20,0
2025-09-30,PC001,Shampoo,8,31,23,0,9.5,0,0
2025-09-30,PC002,Toothpaste,12,23,11,0,4.5,0,0
2025-09-30,S001,Potato Chips,18,18,30,0,3.0,30,0
2025-09-30,S002,Chocolate Bar,5,68,63,0,2.8,0,0
2025-10-01,B001,White Bread,34,68,34,0,3.5,0,0
2025-10-01,B002,Wholemeal Bread,25,34,61,1,3.1,52,0
2025-10-01,D001,Milk 2L,34,34,45,0,4.5,45,0
2025-10-01,D002,Eggs (12 pack),24,31,58,1,6.28,51,0
2025-10-01,D003,Butter 500g,22,23,50,1,5.24,49,0
2025-10-01,D004,Cheese 500g,17,17,43,0,8.0,43,0
2025-10-01,DR001,Bottled Water 600mL,17,25,58,0,2.5,50,0
2025-10-01,DR002,Coke 1.5L,12,54,42,0,3.8,0,0
2025-10-01,DR003,Orange Juice 2L,19,19,38,0,5.5,38,0
2025-10-01,DR004,Energy Drink 250mL,13,45,32,0,4.0,0,0
2025-10-01,F001,Bananas,34,34,40,1,2.47,40,0
2025-10-01,F002,Apples,6,20,14,0,4.5,0,0
2025-10-01,FR001,Ice Cream 1L,16,50,34,0,6.5,0,0
2025-10-01,FR002,Frozen Pizza,14,14,39,0,8.0,39,0
2025-10-01,H001,Toilet Paper,14,33,19,1,7.07,0,0
2025-10-01,H002,Laundry Detergent,11,11,49,1,10.42,49,0
2025-10-01,P001,Instant Noodles,18,18,69,1,1.75,69,0
2025-10-01,P002,Rice 1kg,15,15,45,0,3.5,45,0
2025-10-01,P004,Cereal,9,25,16,0,5.0,0,0
2025-10-01,PC001,Shampoo,7,23,16,0,9.5,0,0
2025-10-01,PC002,Toothpaste,11,11,38,0,4.5,38,0
2025-10-01,S001,Potato Chips,17,30,13,0,3.0,0,0
2025-10-01,S002,Chocolate Bar,7,63,56,1,2.06,0,0
2025-10-02,B001,White Bread,34,34,46,0,3.5,46,0
2025-10-02,B002,Wholemeal Bread,24,61,37,0,4.0,0,0
2025-10-02,D001,Milk 2L,27,45,18,0,4.5,0,0
2025-10-02,D002,Eggs (12 pack),23,58,35,0,7.5,0,0
2025-10-02,D003,Butter 500g,24,50,26,0,6.0,0,0
2025-10-02,D004,Cheese 500g,9,43,33,0,8.0,0,1
2025-10-02,DR001,Bottled Water 600mL,15,58,43,0,2.5,0,0
2025-10-02,DR002,Coke 1.5L,12,42,30,1,3.15,0,0
2025-10-02,DR003,Orange Juice 2L,20,38,18,0,5.5,0,0
2025-10-02,DR004,Energy Drink 250mL,9,32,23,0,4.0,0,0
2025-10-02,F001,Bananas,13,40,26,0,3.2,0,1
2025-10-02,F002,Apples,6,14,61,0,4.5,53,0
2025-10-02,FR001,Ice Cream 1L,34,34,67,1,4.95,67,0
2025-10-02,FR002,Frozen Pizza,13,39,26,1,6.41,0,0
2025-10-02,H001,Toilet Paper,15,19,58,0,8.0,54,0
2025-10-02,H002,Laundry Detergent,17,49,32,0,12.0,0,0
2025-10-02,P001,Instant Noodles,21,69,48,0,2.0,0,0
2025-10-02,P002,Rice 1kg,22,45,23,0,3.5,0,0
2025-10-02,P004,Cereal,9,16,36,0,5.0,29,0
2025-10-02,PC001,Shampoo,7,16,59,0,9.5,50,0
2025-10-02,PC002,Toothpaste,8,38,30,1,3.55,0,0
2025-10-02,S001,Potato Chips,13,13,63,0,3.0,63,0
2025-10-02,S002,Chocolate Bar,7,56,49,0,2.8,0,0
2025-10-03,B001,White Bread,46,46,46,0,3.5,46,0
2025-10-03,B002,Wholemeal Bread,19,37,18,0,4.0,0,0
2025-10-03,D001,Milk 2L,18,18,66,1,3.3,66,0
2025-10-03,D002,Eggs (12 pack),32,35,53,0,7.5,50,0
2025-10-03,D003,Butter 500g,26,26,40,0,6.0,40,0
2025-10-03,D004,Cheese 500g,12,33,21,0,8.0,0,0
2025-10-03,DR001,Bottled Water 600mL,13,43,30,0,2.5,0,0
2025-10-03,DR002,Coke 1.5L,16,30,14,0,3.8,0,0
2025-10-03,DR003,Orange Juice 2L,18,18,34,0,5.5,34,0
2025-10-03,DR004,Energy Drink 250mL,14,23,63,0,4.0,54,0
2025-10-03,F001,Bananas,15,26,11,0,3.2,0,0
2025-10-03,F002,Apples,9,61,52,0,4.5,0,0
2025-10-03,FR001,Ice Cream 1L,67,67,65,0,6.5,65,0
2025-10-03,FR002,Frozen Pizza,23,26,55,0,8.0,52,0
2025-10-03,H001,Toilet Paper,17,58,41,0,8.0,0,0
2025-10-03,H002,Laundry Detergent,20,32,12,0,12.0,0,0
2025-10-03,P001,Instant Noodles,29,48,19,1,1.68,0,0
2025-10-03,P002,Rice 1kg,22,23,45,0,3.5,44,0
2025-10-03,P004,Cereal,13,36,23,0,5.0,0,0
2025-10-03,PC001,Shampoo,13,59,46,0,9.5,0,0
2025-10-03,PC002,Toothpaste,14,30,16,0,4.5,0,0
2025-10-03,S001,Potato Chips,30,63,33,0,3.0,0,0
2025-10-03,S002,Chocolate Bar,6,49,43,0,2.8,0,0
2025-10-04,B001,White Bread,37,46,34,0,3.5,25,0
2025-10-04,B002,Wholemeal Bread,18,18,66,0,4.0,66,0
2025-10-04,D001,Milk 2L,59,66,45,0,4.5,38,0
2025-10-04,D002,Eggs (12 pack),38,53,15,0,7.5,0,0
2025-10-04,D003,Butter 500g,39,40,21,0,6.0,20,0
2025-10-04,D004,Cheese 500g,14,21,64,0,8.0,57,0
2025-10-04,DR001,Bottled Water 600mL,20,30,10,0,2.5,0,0
2025-10-04,DR002,Coke 1.5L,14,14,64,0,3.8,64,0
2025-10-04,DR003,Orange Juice 2L,30,34,39,0,5.5,35,0
2025-10-04,DR004,Energy Drink 250mL,17,63,46,0,4.0,0,0
2025-10-04,F001,Bananas,11,11,56,0,3.2,56,0
2025-10-04,F002,Apples,8,52,43,0,4.5,0,1
2025-10-04,FR001,Ice Cream 1L,29,65,36,0,6.5,0,0
2025-10-04,FR002,Frozen Pizza,22,55,33,0,8.0,0,0
2025-10-04,H001,Toilet Paper,34,41,50,0,8.0,43,0
2025-10-04,H002,Laundry Detergent,12,12,46,0,12.0,46,0
2025-10-04,P001,Instant Noodles,19,19,59,0,2.0,59,0
2025-10-04,P002,Rice 1kg,43,45,51,0,3.5,49,0
2025-10-04,P004,Cereal,17,23,34,0,5.0,28,0
2025-10-04,PC001,Shampoo,11,46,35,0,9.5,0,0
2025-10-04,PC002,Toothpaste,16,16,45,1,3.72,45,0
2025-10-04,S001,Potato Chips,29,33,52,0,3.0,48,0
2025-10-04,S002,Chocolate Bar,7,43,36,1,2.28,0,0
2025-10-05,B001,White Bread,34,34,38,0,3.5,38,0
2025-10-05,B002,Wholemeal Bread,24,66,41,0,4.0,0,1
2025-10-05,D001,Milk 2L,45,45,31,0,4.5,31,0
2025-10-05,D002,Eggs (12 pack),15,15,55,0,7.5,55,0
2025-10-05,D003,Butter 500g,21,21,46,0,6.0,46,0
2025-10-05,D004,Cheese 500g,13,64,49,0,8.0,0,2
2025-10-05,DR001,Bottled Water 600mL,10,10,61,1,1.96,61,0
2025-10-05,DR002,Coke 1.5L,13,64,51,0,3.8,0,0
2025-10-05,DR003,Orange Juice 2L,29,39,10,0,5.5,0,0
2025-10-05,DR004,Energy Drink 250mL,11,46,35,1,3.13,0,0
2025-10-05,F001,Bananas,18,56,37,0,3.2,0,1
2025-10-05,F002,Apples,8,43,34,0,4.5,0,1
2025-10-05,FR001,Ice Cream 1L,35,36,35,0,6.5,34,0
2025-10-05,FR002,Frozen Pizza,28,33,56,0,8.0,51,0
2025-10-05,H001,Toilet Paper,27,50,23,0,8.0,0,0
2025-10-05,H002,Laundry Detergent,19,46,27,1,8.54,0,0
2025-10-05,P001,Instant Noodles,33,59,26,0,2.0,0,0
2025-10-05,P002,Rice 1kg,28,51,23,0,3.5,0,0
2025-10-05,P004,Cereal,15,34,19,0,5.0,0,0
2025-10-05,PC001,Shampoo,12,35,23,0,9.5,0,0
2025-10-05,PC002,Toothpaste,13,45,32,0,4.5,0,0
2025-10-05,S001,Potato Chips,52,52,59,0,3.0,59,0
2025-10-05,S002,Chocolate Bar,10,36,26,1,2.09,0,0
2025-10-06,B001,White Bread,37,38,29,1,2.78,28,0
2025-10-06,B002,Wholemeal Bread,16,41,24,0,4.0,0,1
2025-10-06,D001,Milk 2L,30,31,44,0,4.5,43,0
2025-10-06,D002,Eggs (12 pack),18,55,36,0,7.5,0,1
2025-10-06,D003,Butter 500g,30,46,16,1,4.69,0,0
2025-10-06,D004,Cheese 500g,8,49,40,0,8.0,0,1
2025-10-06,DR001,Bottled Water 600mL,15,61,46,0,2.5,0,0
2025-10-06,DR002,Coke 1.5L,11,51,40,1,3.24,0,0
2025-10-06,DR003,Orange Juice 2L,10,10,54,1,4.47,54,0
2025-10-06,DR004,Energy Drink 250mL,12,35,23,0,4.0,0,0
2025-10-06,F001,Bananas,12,37,25,0,3.2,0,0
2025-10-06,F002,Apples,6,34,28,0,4.5,0,0
2025-10-06,FR001,Ice Cream 1L,27,35,42,0,6.5,34,0
2025-10-06,FR002,Frozen Pizza,13,56,43,0,8.0,0,0
2025-10-06,H001,Toilet Paper,21,23,27,1,7.18,25,0
2025-10-06,H002,Laundry Detergent,15,27,12,0,12.0,0,0
2025-10-06,P001,Instant Noodles,23,26,38,0,2.0,35,0
2025-10-06,P002,Rice 1kg,21,23,52,1,3.03,50,0
2025-10-06,P004,Cereal,10,19,54,0,5.0,45,0
2025-10-06,PC001,Shampoo,8,23,15,0,9.5,0,0
2025-10-06,PC002,Toothpaste,8,32,24,0,4.5,0,0
2025-10-06,S001,Potato Chips,16,59,43,0,3.0,0,0
2025-10-06,S002,Chocolate Bar,4,26,22,0,2.8,0,0
2025-10-07,B001,White Bread,29,29,40,0,3.5,40,0
2025-10-07,B002,Wholemeal Bread,24,24,68,0,4.0,68,0
2025-10-07,D001,Milk 2L,30,44,14,0,4.5,0,0
2025-10-07,D002,Eggs (12 pack),36,36,57,0,7.5,57,0
2025-10-07,D003,Butter 500g,16,16,49,0,6.0,49,0
2025-10-07,D004,Cheese 500g,8,40,32,0,8.0,0,0
2025-10-07,DR001,Bottled Water 600mL,11,46,35,0,2.5,0,0
2025-10-07,DR002,Coke 1.5L,11,40,29,1,2.69,0,0
2025-10-07,DR003,Orange Juice 2L,20,54,34,0,5.5,0,0
2025-10-07,DR004,Energy Drink 250mL,9,23,14,0,4.0,0,0
2025-10-07,F001,Bananas,8,25,17,0,3.2,0,0
2025-10-07,F002,Apples,6,28,22,1,3.81,0,0
2025-10-07,FR001,Ice Cream 1L,42,42,61,1,5.71,61,0
2025-10-07,FR002,Frozen Pizza,16,43,27,0,8.0,0,0
2025-10-07,H001,Toilet Paper,20,27,33,1,6.82,26,0
2025-10-07,H002,Laundry Detergent,12,12,61,0,12.0,61,0
2025-10-07,P001,Instant Noodles,22,38,16,0,2.0,0,0
2025-10-07,P002,Rice 1kg,30,52,22,0,3.5,0,0
2025-10-07,P004,Cereal,11,54,43,0,5.0,0,0
2025-10-07,PC001,Shampoo,8,15,39,0,9.5,32,0
2025-10-07,PC002,Toothpaste,13,24,11,0,4.5,0,0
2025-10-07,S001,Potato Chips,18,43,25,0,3.0,0,0
2025-10-07,S002,Chocolate Bar,6,22,16,0,2.8,0,0
2025-10-08,B001,White Bread,34,40,61,0,3.5,55,0
2025-10-08,B002,Wholemeal Bread,17,68,49,1,3.11,0,2
2025-10-08,D001,Milk 2L,14,14,34,0,4.5,34,0
2025-10-08,D002,Eggs (12 pack),20,57,37,0,7.5,0,0
2025-10-08,D003,Butter 500g,25,49,24,0,6.0,0,0
2025-10-08,D004,Cheese 500g,9,32,23,0,8.0,0,0
2025-10-08,DR001,Bottled Water 600mL,15,35,20,0,2.5,0,0
2025-10-08,DR002,Coke 1.5L,8,29,21,0,3.8,0,0
2025-10-08,DR003,Orange Juice 2L,17,34,17,0,5.5,0,0
2025-10-08,DR004,Energy Drink 250mL,14,14,50,0,4.0,50,0
2025-10-08,F001,Bananas,14,17,57,0,3.2,54,0
2025-10-08,F002,Apples,7,22,15,0,4.5,0,0
2025-10-08,FR001,Ice Cream 1L,18,61,42,0,6.5,0,1
2025-10-08,FR002,Frozen Pizza,11,27,16,0,8.0,0,0
2025-10-08,H001,Toilet Paper,14,33,19,0,8.0,0,0
2025-10-08,H002,Laundry Detergent,11,61,50,1,9.59,0,0
2025-10-08,P001,Instant Noodles,14,16,59,0,2.0,57,0
2025-10-08,P002,Rice 1kg,22,22,49,0,3.5,49,0
2025-10-08,P004,Cereal,8,43,35,0,5.0,0,0
2025-10-08,PC001,Shampoo,8,39,31,0,9.5,0,0
2025-10-08,PC002,Toothpaste,8,11,60,0,4.5,57,0
2025-10-08,S001,Potato Chips,25,25,64,1,2.15,64,0
2025-10-08,S002,Chocolate Bar,5,16,11,0,2.8,0,0
2025-10-09,B001,White Bread,35,61,26,1,2.71,0,0
2025-10-09,B002,Wholemeal Bread,18,49,30,0,4.0,0,1
2025-10-09,D001,Milk 2L,29,34,33,0,4.5,28,0
2025-10-09,D002,Eggs (12 pack),23,37,14,0,7.5,0,0
2025-10-09,D003,Butter 500g,24,24,66,0,6.0,66,0
2025-10-09,D004,Cheese 500g,9,23,14,0,8.0,0,0
2025-10-09,DR001,Bottled Water 600mL,9,20,11,0,2.5,0,0
2025-10-09,DR002,Coke 1.5L,9,21,12,0,3.8,0,0
2025-10-09,DR003,Orange Juice 2L,16,17,27,0,5.5,26,0
2025-10-09,DR004,Energy Drink 250mL,9,50,41,0,4.0,0,0
2025-10-09,F001,Bananas,8,57,49,0,3.2,0,0
2025-10-09,F002,Apples,6,15,38,0,4.5,29,0
2025-10-09,FR001,Ice Cream 1L,19,42,23,0,6.5,0,0
2025-10-09,FR002,Frozen Pizza,14,16,44,0,8.0,42,0
2025-10-09,H001,Toilet Paper,15,19,28,0,8.0,24,0
2025-10-09,H002,Laundry Detergent,19,50,31,0,12.0,0,0
2025-10-09,P001,Instant Noodles,22,59,37,0,2.0,0,0
2025-10-09,P002,Rice 1kg,29,49,20,0,3.5,0,0
2025-10-09,P004,Cereal,11,35,24,0,5.0,0,0
2025-10-09,PC001,Shampoo,9,31,22,0,9.5,0,0
2025-10-09,PC002,Toothpaste,10,60,50,0,4.5,0,0
2025-10-09,S001,Potato Chips,16,64,48,0,3.0,0,0
2025-10-09,S002,Chocolate Bar,5,11,33,0,2.8,27,0
2025-10-10,B001,White Bread,26,26,52,0,3.5,52,0
2025-10-10,B002,Wholemeal Bread,28,30,41,0,4.0,39,0
2025-10-10,D001,Milk 2L,33,33,47,0,4.5,47,0
2025-10-10,D002,Eggs (12 pack),14,14,33,0,7.5,33,0
2025-10-10,D003,Butter 500g,33,66,32,0,6.0,0,1
2025-10-10,D004,Cheese 500g,10,14,50,0,8.0,46,0
2025-10-10,DR001,Bottled Water 600mL,11,11,54,1,1.83,54,0
2025-10-10,DR002,Coke 1.5L,12,12,32,0,3.8,32,0
2025-10-10,DR003,Orange Juice 2L,23,27,34,0,5.5,30,0
2025-10-10,DR004,Energy Drink 250mL,15,41,26,0,4.0,0,0
2025-10-10,F001,Bananas,49,49,62,0,3.2,62,0
2025-10-10,F002,Apples,10,38,28,0,4.5,0,0
2025-10-10,FR001,Ice Cream 1L,23,23,44,0,6.5,44,0
2025-10-10,FR002,Frozen Pizza,18,44,26,0,8.0,0,0
2025-10-10,H001,Toilet Paper,28,28,55,0,8.0,55,0
2025-10-10,H002,Laundry Detergent,22,31,31,0,12.0,22,0
2025-10-10,P001,Instant Noodles,20,37,17,1,1.61,0,0
2025-10-10,P002,Rice 1kg,20,20,53,0,3.5,53,0
2025-10-10,P004,Cereal,11,24,13,0,5.0,0,0
2025-10-10,PC001,Shampoo,10,22,12,0,9.5,0,0
2025-10-10,PC002,Toothpaste,13,50,37,0,4.5,0,0
2025-10-10,S001,Potato Chips,31,48,17,0,3.0,0,0
2025-10-10,S002,Chocolate Bar,6,33,27,0,2.8,0,0
2025-10-11,B001,White Bread,52,52,65,1,2.57,65,0
2025-10-11,B002,Wholemeal Bread,28,41,13,0,4.0,0,0
2025-10-11,D001,Milk 2L,47,47,47,1,3.41,47,0
2025-10-11,D002,Eggs (12 pack),28,33,39,0,7.5,34,0
2025-10-11,D003,Butter 500g,27,32,54,0,6.0,49,0
2025-10-11,D004,Cheese 500g,9,50,41,1,6.57,0,0
2025-10-11,DR001,Bottled Water 600mL,43,54,11,1,2.12,0,0
2025-10-11,DR002,Coke 1.5L,12,32,20,1,3.32,0,0
2025-10-11,DR003,Orange Juice 2L,34,34,53,0,5.5,53,0
2025-10-11,DR004,Energy Drink 250mL,14,26,12,0,4.0,0,0
2025-10-11,F001,Bananas,17,62,43,0,3.2,0,2
2025-10-11,F002,Apples,10,28,18,0,4.5,0,0
2025-10-11,FR001,Ice Cream 1L,34,44,10,0,6.5,0,0
2025-10-11,FR002,Frozen Pizza,22,26,37,0,8.0,33,0
2025-10-11,H001,Toilet Paper,20,55,35,0,8.0,0,0
2025-10-11,H002,Laundry Detergent,16,31,15,0,12.0,0,0
2025-10-11,P001,Instant Noodles,17,17,65,1,1.6,65,0
2025-10-11,P002,Rice 1kg,53,53,37,1,3.12,37,0
2025-10-11,P004,Cereal,13,13,30,0,5.0,30,0
2025-10-11,PC001,Shampoo,10,12,41,0,9.5,39,0
2025-10-11,PC002,Toothpaste,18,37,19,0,4.5,0,0
2025-10-11,S001,Potato Chips,17,17,57,0,3.0,57,0
2025-10-11,S002,Chocolate Bar,6,27,21,0,2.8,0,0
2025-10-12,B001,White Bread,34,65,31,0,3.5,0,0
2025-10-12,B002,Wholemeal Bread,13,13,64,0,4.0,64,0
2025-10-12,D001,Milk 2L,47,47,38,1,3.65,38,0
2025-10-12,D002,Eggs (12 pack),39,39,65,0,7.5,65,0
2025-10-12,D003,Butter 500g,45,54,59,0,6.0,50,0
2025-10-12,D004,Cheese 500g,14,41,27,0,8.0,0,0
2025-10-12,DR001,Bottled Water 600mL,11,11,54,0,2.5,54,0
2025-10-12,DR002,Coke 1.5L,20,20,46,0,3.8,46,0
2025-10-12,DR003,Orange Juice 2L,24,53,29,0,5.5,0,0
2025-10-12,DR004,Energy Drink 250mL,12,12,45,0,4.0,45,0
2025-10-12,F001,Bananas,13,43,30,0,3.2,0,0
2025-10-12,F002,Apples,10,18,58,0,4.5,50,0
2025-10-12,FR001,Ice Cream 1L,10,10,42,0,6.5,42,0
2025-10-12,FR002,Frozen Pizza,21,37,16,0,8.0,0,0
2025-10-12,H001,Toilet Paper,27,35,61,0,8.0,53,0
2025-10-12,H002,Laundry Detergent,15,15,49,1,9.75,49,0
2025-10-12,P001,Instant Noodles,36,65,29,0,2.0,0,0
2025-10-12,P002,Rice 1kg,35,37,36,0,3.5,34,0
2025-10-12,P004,Cereal,11,30,19,0,5.0,0,0
2025-10-12,PC001,Shampoo,14,41,27,0,9.5,0,0
2025-10-12,PC002,Toothpaste,11,19,51,0,4.5,43,0
2025-10-12,S001,Potato Chips,41,57,16,0,3.0,0,0
2025-10-12,S002,Chocolate Bar,10,21,11,0,2.8,0,0
2025-10-13,B001,White Bread,31,31,63,0,3.5,63,0
2025-10-13,B002,Wholemeal Bread,23,64,40,0,4.0,0,1
2025-10-13,D001,Milk 2L,24,38,14,0,4.5,0,0
2025-10-13,D002,Eggs (12 pack),29,65,36,0,7.5,0,0
2025-10-13,D003,Butter 500g,23,59,35,0,6.0,0,1
2025-10-13,D004,Cheese 500g,8,27,19,0,8.0,0,0
2025-10-13,DR001,Bottled Water 600mL,13,54,41,0,2.5,0,0
2025-10-13,DR002,Coke 1.5L,11,46,35,0,3.8,0,0
2025-10-13,DR003,Orange Juice 2L,21,29,44,1,4.03,36,0
2025-10-13,DR004,Energy Drink 250mL,12,45,33,1,3.58,0,0
2025-10-13,F001,Bananas,8,30,22,0,3.2,0,0
2025-10-13,F002,Apples,9,58,48,0,4.5,0,1
2025-10-13,FR001,Ice Cream 1L,28,42,14,1,5.39,0,0
2025-10-13,FR002,Frozen Pizza,11,16,35,0,8.0,30,0
2025-10-13,H001,Toilet Paper,20,61,41,0,8.0,0,0
2025-10-13,H002,Laundry Detergent,14,49,35,0,12.0,0,0
2025-10-13,P001,Instant Noodles,15,29,14,1,1.54,0,0
2025-10-13,P002,Rice 1kg,28,36,59,0,3.5,51,0
2025-10-13,P004,Cereal,7,19,12,0,5.0,0,0
2025-10-13,PC001,Shampoo,7,27,20,0,9.5,0,0
2025-10-13,PC002,Toothpaste,9,51,42,0,4.5,0,0
2025-10-13,S001,Potato Chips,16,16,59,1,2.18,59,0
2025-10-13,S002,Chocolate Bar,7,11,55,0,2.8,51,0
2025-10-14,B001,White Bread,24,63,38,0,3.5,0,1
2025-10-14,B002,Wholemeal Bread,21,40,19,0,4.0,0,0
2025-10-14,D001,Milk 2L,14,14,31,0,4.5,31,0
2025-10-14,D002,Eggs (12 pack),36,36,42,0,7.5,42,0
2025-10-14,D003,Butter 500g,22,35,13,1,5.28,0,0
2025-10-14,D004,Cheese 500g,10,19,29,0,8.0,20,0
2025-10-14,DR001,Bottled Water 600mL,16,41,25,0,2.5,0,0
2025-10-14,DR002,Coke 1.5L,13,35,22,0,3.8,0,0
2025-10-14,DR003,Orange Juice 2L,27,44,17,0,5.5,0,0
2025-10-14,DR004,Energy Drink 250mL,12,33,21,0,4.0,0,0
2025-10-14,F001,Bananas,22,22,57,0,3.2,57,0
2025-10-14,F002,Apples,7,48,41,0,4.5,0,0
2025-10-14,FR001,Ice Cream 1L,14,14,40,0,6.5,40,0
2025-10-14,FR002,Frozen Pizza,19,35,16,0,8.0,0,0
2025-10-14,H001,Toilet Paper,22,41,19,0,8.0,0,0
2025-10-14,H002,Laundry Detergent,16,35,19,0,12.0,0,0
2025-10-14,P001,Instant Noodles,14,14,40,0,2.0,40,0
2025-10-14,P002,Rice 1kg,23,59,36,1,2.48,0,0
2025-10-14,P004,Cereal,12,12,49,0,5.0,49,0
2025-10-14,PC001,Shampoo,7,20,13,0,9.5,0,0
2025-10-14,PC002,Toothpaste,8,42,34,0,4.5,0,0
2025-10-14,S001,Potato Chips,26,59,33,0,3.0,0,0
2025-10-14,S002,Chocolate Bar,5,55,50,0,2.8,0,0
2025-10-15,B001,White Bread,20,38,18,0,3.5,0,0
2025-10-15,B002,Wholemeal Bread,18,19,60,1,3.12,59,0
2025-10-15,D001,Milk 2L,31,31,65,0,4.5,65,0
2025-10-15,D002,Eggs (12 pack),19,42,23,0,7.5,0,0
2025-10-15,D003,Butter 500g,13,13,38,0,6.0,38,0
2025-10-15,D004,Cheese 500g,6,29,23,0,8.0,0,0
2025-10-15,DR001,Bottled Water 600mL,15,25,10,0,2.5,0,0
2025-10-15,DR002,Coke 1.5L,9,22,13,0,3.8,0,0
2025-10-15,DR003,Orange Juice 2L,15,17,45,0,5.5,43,0
2025-10-15,DR004,Energy Drink 250mL,11,21,10,0,4.0,0,0
2025-10-15,F001,Bananas,11,57,45,1,2.46,0,1
2025-10-15,F002,Apples,8,41,33,0,4.5,0,0
2025-10-15,FR001,Ice Cream 1L,18,40,22,0,6.5,0,0
2025-10-15,FR002,Frozen Pizza,16,16,49,0,8.0,49,0
2025-10-15,H001,Toilet Paper,15,19,33,0,8.0,29,0
2025-10-15,H002,Laundry Detergent,14,19,63,0,12.0,58,0
2025-10-15,P001,Instant Noodles,24,40,16,0,2.0,0,0
2025-10-15,P002,Rice 1kg,23,36,13,0,3.5,0,0
2025-10-15,P004,Cereal,9,49,40,0,5.0,0,0
2025-10-15,PC001,Shampoo,10,13,33,0,9.5,30,0
2025-10-15,PC002,Toothpaste,11,34,23,0,4.5,0,0
2025-10-15,S001,Potato Chips,21,33,12,0,3.0,0,0
2025-10-15,S002,Chocolate Bar,7,50,43,0,2.8,0,0
2025-10-16,B001,White Bread,18,18,41,0,3.5,41,0
2025-10-16,B002,Wholemeal Bread,17,60,42,0,4.0,0,1
2025-10-16,D001,Milk 2L,42,65,23,0,4.5,0,0
2025-10-16,D002,Eggs (12 pack),21,23,39,0,7.5,37,0
2025-10-16,D003,Butter 500g,23,38,15,1,4.5,0,0
2025-10-16,D004,Cheese 500g,7,23,16,0,8.0,0,0
2025-10-16,DR001,Bottled Water 600mL,10,10,59,0,2.5,59,0
2025-10-16,DR002,Coke 1.5L,11,13,30,0,3.8,28,0
2025-10-16,DR003,Orange Juice 2L,17,45,28,0,5.5,0,0
2025-10-16,DR004,Energy Drink 250mL,9,10,51,0,4.0,50,0
2025-10-16,F001,Bananas,8,45,37,0,3.2,0,0
2025-10-16,F002,Apples,8,33,25,0,4.5,0,0
2025-10-16,FR001,Ice Cream 1L,17,22,59,0,6.5,54,0
2025-10-16,FR002,Frozen Pizza,14,49,34,0,8.0,0,1
2025-10-16,H001,Toilet Paper,17,33,16,1,6.41,0,0
2025-10-16,H002,Laundry Detergent,16,63,47,1,9.36,0,0
2025-10-16,P001,Instant Noodles,15,16,23,0,2.0,22,0
2025-10-16,P002,Rice 1kg,13,13,35,0,3.5,35,0
2025-10-16,P004,Cereal,12,40,28,0,5.0,0,0
2025-10-16,PC001,Shampoo,8,33,25,1,7.49,0,0
2025-10-16,PC002,Toothpaste,10,23,13,0,4.5,0,0
2025-10-16,S001,Potato Chips,12,12,42,0,3.0,42,0
2025-10-16,S002,Chocolate Bar,7,43,36,0,2.8,0,0
2025-10-17,B001,White Bread,33,41,63,0,3.5,55,0
2025-10-17,B002,Wholemeal Bread,30,42,12,0,4.0,0,0
2025-10-17,D001,Milk 2L,23,23,49,0,4.5,49,0
2025-10-17,D002,Eggs (12 pack),25,39,14,0,7.5,0,0
2025-10-17,D003,Butter 500g,15,15,37,0,6.0,37,0
2025-10-17,D004,Cheese 500g,10,16,62,0,8.0,56,0
2025-10-17,DR001,Bottled Water 600mL,17,59,42,0,2.5,0,0
2025-10-17,DR002,Coke 1.5L,14,30,16,0,3.8,0,0
2025-10-17,DR003,Orange Juice 2L,23,28,39,0,5.5,34,0
2025-10-17,DR004,Energy Drink 250mL,10,51,41,0,4.0,0,0
2025-10-17,F001,Bananas,13,37,24,0,3.2,0,0
2025-10-17,F002,Apples,8,25,17,0,4.5,0,0
2025-10-17,FR001,Ice Cream 1L,32,59,26,0,6.5,0,1
2025-10-17,FR002,Frozen Pizza,13,34,21,1,6.25,0,0
2025-10-17,H001,Toilet Paper,16,16,44,0,8.0,44,0
2025-10-17,H002,Laundry Detergent,15,47,32,0,12.0,0,0
2025-10-17,P001,Instant Noodles,20,23,60,0,2.0,57,0
2025-10-17,P002,Rice 1kg,29,35,33,0,3.5,27,0
2025-10-17,P004,Cereal,13,28,15,0,5.0,0,0
2025-10-17,PC001,Shampoo,12,25,13,1,6.87,0,0
2025-10-17,PC002,Toothpaste,13,13,37,0,4.5,37,0
2025-10-17,S001,Potato Chips,22,42,20,0,3.0,0,0
2025-10-17,S002,Chocolate Bar,8,36,28,0,2.8,0,0
2025-10-18,B001,White Bread,42,63,20,1,2.74,0,1
2025-10-18,B002,Wholemeal Bread,12,12,42,0,4.0,42,0
2025-10-18,D001,Milk 2L,49,49,50,0,4.5,50,0
2025-10-18,D002,Eggs (12 pack),14,14,35,1,6.11,35,0
2025-10-18,D003,Butter 500g,37,37,67,0,6.0,67,0
2025-10-18,D004,Cheese 500g,9,62,53,0,8.0,0,0
2025-10-18,DR001,Bottled Water 600mL,21,42,21,0,2.5,0,0
2025-10-18,DR002,Coke 1.5L,13,16,60,0,3.8,57,0
2025-10-18,DR003,Orange Juice 2L,33,39,43,0,5.5,37,0
2025-10-18,DR004,Energy Drink 250mL,20,41,21,1,3.57,0,0
2025-10-18,F001,Bananas,15,24,57,0,3.2,48,0
2025-10-18,F002,Apples,14,17,36,0,4.5,33,0
2025-10-18,FR001,Ice Cream 1L,26,26,30,0,6.5,30,0
2025-10-18,FR002,Frozen Pizza,21,21,49,1,5.82,49,0
2025-10-18,H001,Toilet Paper,29,44,15,0,8.0,0,0
2025-10-18,H002,Laundry Detergent,21,32,11,0,12.0,0,0
2025-10-18,P001,Instant Noodles,23,60,37,0,2.0,0,0
2025-10-18,P002,Rice 1kg,33,33,57,0,3.5,57,0
2025-10-18,P004,Cereal,12,15,24,0,5.0,21,0
2025-10-18,PC001,Shampoo,13,13,52,0,9.5,52,0
2025-10-18,PC002,Toothpaste,20,37,17,0,4.5,0,0
2025-10-18,S001,Potato Chips,20,20,61,0,3.0,61,0
2025-10-18,S002,Chocolate Bar,9,28,19,0,2.8,0,0
2025-10-19,B001,White Bread,20,20,36,0,3.5,36,0
2025-10-19,B002,Wholemeal Bread,24,42,18,1,3.59,0,0
2025-10-19,D001,Milk 2L,50,50,50,0,4.5,50,0
2025-10-19,D002,Eggs (12 pack),29,35,56,1,5.29,50,0
2025-10-19,D003,Butter 500g,30,67,37,0,6.0,0,0
2025-10-19,D004,Cheese 500g,10,53,43,0,8.0,0,0
2025-10-19,DR001,Bottled Water 600mL,19,21,34,1,2.16,32,0
2025-10-19,DR002,Coke 1.5L,13,60,47,0,3.8,0,0
2025-10-19,DR003,Orange Juice 2L,33,43,10,0,5.5,0,0
2025-10-19,DR004,Energy Drink 250mL,18,21,25,0,4.0,22,0
2025-10-19,F001,Bananas,21,57,35,0,3.2,0,1
2025-10-19,F002,Apples,11,36,24,0,4.5,0,1
2025-10-19,FR001,Ice Cream 1L,30,30,49,0,6.5,49,0
2025-10-19,FR002,Frozen Pizza,17,49,32,0,8.0,0,0
2025-10-19,H001,Toilet Paper,15,15,38,0,8.0,38,0
2025-10-19,H002,Laundry Detergent,11,11,37,0,12.0,37,0
2025-10-19,P001,Instant Noodles,28,37,68,0,2.0,59,0
2025-10-19,P002,Rice 1kg,33,57,24,0,3.5,0,0
2025-10-19,P004,Cereal,17,24,41,0,5.0,34,0
2025-10-19,PC001,Shampoo,10,52,42,0,9.5,0,0
2025-10-19,PC002,Toothpaste,14,17,24,0,4.5,21,0
2025-10-19,S001,Potato Chips,41,61,20,1,2.48,0,0
2025-10-19,S002,Chocolate Bar,8,19,11,0,2.8,0,0
2025-10-20,B001,White Bread,21,36,15,0,3.5,0,0
2025-10-20,B002,Wholemeal Bread,16,18,53,0,4.0,51,0
2025-10-20,D001,Milk 2L,25,50,25,0,4.5,0,0
2025-10-20,D002,Eggs (12 pack),21,56,35,1,6.28,0,0
2025-10-20,D003,Butter 500g,20,37,17,0,6.0,0,0
2025-10-20,D004,Cheese 500g,7,43,36,0,8.0,0,0
2025-10-20,DR001,Bottled Water 600mL,16,34,18,0,2.5,0,0
2025-10-20,DR002,Coke 1.5L,11,47,36,0,3.8,0,0
2025-10-20,DR003,Orange Juice 2L,10,10,37,0,5.5,37,0
2025-10-20,DR004,Energy Drink 250mL,12,25,13,0,4.0,0,0
2025-10-20,F001,Bananas,12,35,23,0,3.2,0,0
2025-10-20,F002,Apples,8,24,16,1,3.5,0,0
2025-10-20,FR001,Ice Cream 1L,23,49,26,0,6.5,0,0
2025-10-20,FR002,Frozen Pizza,15,32,17,0,8.0,0,0
2025-10-20,H001,Toilet Paper,16,38,22,0,8.0,0,0
2025-10-20,H002,Laundry Detergent,15,37,22,1,10.27,0,0
2025-10-20,P001,Instant Noodles,13,68,55,0,2.0,0,0
2025-10-20,P002,Rice 1kg,21,24,24,0,3.5,21,0
2025-10-20,P004,Cereal,12,41,29,0,5.0,0,0
2025-10-20,PC001,Shampoo,11,42,31,0,9.5,0,0
2025-10-20,PC002,Toothpaste,10,24,14,0,4.5,0,0
2025-10-20,S001,Potato Chips,19,20,52,1,2.68,51,0
2025-10-20,S002,Chocolate Bar,7,11,29,0,2.8,25,0
2025-10-21,B001,White Bread,15,15,62,0,3.5,62,0
2025-10-21,B002,Wholemeal Bread,25,53,28,0,4.0,0,0
2025-10-21,D001,Milk 2L,25,25,68,0,4.5,68,0
2025-10-21,D002,Eggs (12 pack),21,35,14,0,7.5,0,0
2025-10-21,D003,Butter 500g,17,17,43,0,6.0,43,0
2025-10-21,D004,Cheese 500g,6,36,29,1,7.08,0,1
2025-10-21,DR001,Bottled Water 600mL,10,18,30,0,2.5,22,0
2025-10-21,DR002,Coke 1.5L,8,36,28,0,3.8,0,0
2025-10-21,DR003,Orange Juice 2L,25,37,12,0,5.5,0,0
2025-10-21,DR004,Energy Drink 250mL,10,13,37,0,4.0,34,0
2025-10-21,F001,Bananas,11,23,12,0,3.2,0,0
2025-10-21,F002,Apples,8,16,46,0,4.5,38,0
2025-10-21,FR001,Ice Cream 1L,24,26,22,0,6.5,20,0
2025-10-21,FR002,Frozen Pizza,12,17,47,0,8.0,42,0
2025-10-21,H001,Toilet Paper,15,22,49,0,8.0,42,0
2025-10-21,H002,Laundry Detergent,18,22,50,0,12.0,46,0
2025-10-21,P001,Instant Noodles,17,55,38,1,1.5,0,0
2025-10-21,P002,Rice 1kg,19,24,35,0,3.5,30,0
2025-10-21,P004,Cereal,10,29,19,0,5.0,0,0
2025-10-21,PC001,Shampoo,10,31,21,0,9.5,0,0
2025-10-21,PC002,Toothpaste,9,14,26,0,4.5,21,0
2025-10-21,S001,Potato Chips,20,52,32,0,3.0,0,0
2025-10-21,S002,Chocolate Bar,6,29,23,0,2.8,0,0
2025-10-22,B001,White Bread,22,62,39,0,3.5,0,1
2025-10-22,B002,Wholemeal Bread,28,28,42,0,4.0,42,0
2025-10-22,D001,Milk 2L,30,68,38,0,4.5,0,0
2025-10-22,D002,Eggs (12 pack),14,14,47,0,7.5,47,0
2025-10-22,D003,Butter 500g,23,43,20,0,6.0,0,0
2025-10-22,D004,Cheese 500g,6,29,23,1,6.48,0,0
2025-10-22,DR001,Bottled Water 600mL,13,30,17,0,2.5,0,0
2025-10-22,DR002,Coke 1.5L,9,28,19,0,3.8,0,0
2025-10-22,DR003,Orange Juice 2L,12,12,35,0,5.5,35,0
2025-10-22,DR004,Energy Drink 250mL,10,37,27,0,4.0,0,0
2025-10-22,F001,Bananas,12,12,54,0,3.2,54,0
2025-10-22,F002,Apples,7,46,39,0,4.5,0,0
2025-10-22,FR001,Ice Cream 1L,20,22,45,1,5.19,43,0
2025-10-22,FR002,Frozen Pizza,11,47,35,0,8.0,0,1
2025-10-22,H001,Toilet Paper,20,49,29,0,8.0,0,0
2025-10-22,H002,Laundry Detergent,12,50,38,0,12.0,0,0
2025-10-22,P001,Instant Noodles,15,38,23,0,2.0,0,0
2025-10-22,P002,Rice 1kg,29,35,52,1,2.48,46,0
2025-10-22,P004,Cereal,8,19,11,0,5.0,0,0
2025-10-22,PC001,Shampoo,8,21,13,0,9.5,0,0
2025-10-22,PC002,Toothpaste,11,26,15,0,4.5,0,0
2025-10-22,S001,Potato Chips,21,32,11,0,3.0,0,0
2025-10-22,S002,Chocolate Bar,5,23,18,0,2.8,0,0
2025-10-23,B001,White Bread,28,39,11,1,2.91,0,0
2025-10-23,B002,Wholemeal Bread,42,42,53,0,4.0,53,0
2025-10-23,D001,Milk 2L,38,38,59,0,4.5,59,0
2025-10-23,D002,Eggs (12 pack),20,47,27,0,7.5,0,0
2025-10-23,D003,Butter 500g,20,20,59,0,6.0,59,0
2025-10-23,D004,Cheese 500g,7,23,16,0,8.0,0,0
2025-10-23,DR001,Bottled Water 600mL,13,17,49,0,2.5,45,0
2025-10-23,DR002,Coke 1.5L,12,19,62,0,3.8,55,0
2025-10-23,DR003,Orange Juice 2L,23,35,12,0,5.5,0,0
2025-10-23,DR004,Energy Drink 250mL,8,27,19,0,4.0,0,0
2025-10-23,F001,Bananas,7,54,47,0,3.2,0,0
2025-10-23,F002,Apples,6,39,32,0,4.5,0,1
2025-10-23,FR001,Ice Cream 1L,22,45,22,1,5.05,0,1
2025-10-23,FR002,Frozen Pizza,35,35,39,0,8.0,39,0
2025-10-23,H001,Toilet Paper,29,29,47,0,8.0,47,0
2025-10-23,H002,Laundry Detergent,11,38,27,0,12.0,0,0
2025-10-23,P001,Instant Noodles,23,23,34,0,2.0,34,0
2025-10-23,P002,Rice 1kg,22,52,30,0,3.5,0,0
2025-10-23,P004,Cereal,11,11,56,0,5.0,56,0
2025-10-23,PC001,Shampoo,7,13,37,0,9.5,31,0
2025-10-23,PC002,Toothpaste,11,15,55,0,4.5,51,0
2025-10-23,S001,Potato Chips,11,11,51,0,3.0,51,0
2025-10-23,S002,Chocolate Bar,6,18,12,0,2.8,0,0
2025-10-24,B001,White Bread,11,11,69,0,3.5,69,0
2025-10-24,B002,Wholemeal Bread,25,53,28,0,4.0,0,0
2025-10-24,D001,Milk 2L,35,59,24,0,4.5,0,0
2025-10-24,D002,Eggs (12 pack),20,27,63,0,7.5,56,0
2025-10-24,D003,Butter 500g,34,59,24,0,6.0,0,1
2025-10-24,D004,Cheese 500g,6,16,10,0,8.0,0,0
2025-10-24,DR001,Bottled Water 600mL,12,49,37,0,2.5,0,0
2025-10-24,DR002,Coke 1.5L,9,62,53,0,3.8,0,0
2025-10-24,DR003,Orange Juice 2L,12,12,56,0,5.5,56,0
2025-10-24,DR004,Energy Drink 250mL,9,19,10,0,4.0,0,0
2025-10-24,F001,Bananas,11,47,36,0,3.2,0,0
2025-10-24,F002,Apples,7,32,25,0,4.5,0,0
2025-10-24,FR001,Ice Cream 1L,22,22,61,0,6.5,61,0
2025-10-24,FR002,Frozen Pizza,19,39,20,0,8.0,0,0
2025-10-24,H001,Toilet Paper,24,47,23,0,8.0,0,0
2025-10-24,H002,Laundry Detergent,18,27,48,0,12.0,39,0
2025-10-24,P001,Instant Noodles,20,34,14,0,2.0,0,0
2025-10-24,P002,Rice 1kg,22,30,34,1,2.45,26,0
2025-10-24,P004,Cereal,12,56,44,0,5.0,0,0
2025-10-24,PC001,Shampoo,8,37,29,0,9.5,0,0
2025-10-24,PC002,Toothpaste,11,55,44,0,4.5,0,0
2025-10-24,S001,Potato Chips,25,51,26,0,3.0,0,0
2025-10-24,S002,Chocolate Bar,6,12,49,0,2.8,43,0
2025-10-25,B001,White Bread,47,69,22,0,3.5,0,0
2025-10-25,B002,Wholemeal Bread,28,28,52,0,4.0,52,0
2025-10-25,D001,Milk 2L,24,24,65,0,4.5,65,0
2025-10-25,D002,Eggs (12 pack),27,63,36,0,7.5,0,0
2025-10-25,D003,Butter 500g,24,24,60,0,6.0,60,0
2025-10-25,D004,Cheese 500g,10,10,56,0,8.0,56,0
2025-10-25,DR001,Bottled Water 600mL,17,37,20,0,2.5,0,0
2025-10-25,DR002,Coke 1.5L,12,53,41,0,3.8,0,0
2025-10-25,DR003,Orange Juice 2L,56,56,67,0,5.5,67,0
2025-10-25,DR004,Energy Drink 250mL,10,10,65,0,4.0,65,0
2025-10-25,F001,Bananas,20,36,16,0,3.2,0,0
2025-10-25,F002,Apples,13,25,12,0,4.5,0,0
2025-10-25,FR001,Ice Cream 1L,26,61,35,0,6.5,0,0
2025-10-25,FR002,Frozen Pizza,17,20,52,0,8.0,49,0
2025-10-25,H001,Toilet Paper,23,23,42,0,8.0,42,0
2025-10-25,H002,Laundry Detergent,21,48,27,0,12.0,0,0
2025-10-25,P001,Instant Noodles,14,14,41,0,2.0,41,0
2025-10-25,P002,Rice 1kg,31,34,30,0,3.5,27,0
2025-10-25,P004,Cereal,16,44,28,0,5.0,0,0
2025-10-25,PC001,Shampoo,15,29,14,0,9.5,0,0
2025-10-25,PC002,Toothpaste,19,44,25,1,3.83,0,0
2025-10-25,S001,Potato Chips,26,26,32,0,3.0,32,0
2025-10-25,S002,Chocolate Bar,7,49,42,0,2.8,0,0
2025-10-26,B001,White Bread,22,22,66,0,3.5,66,0
2025-10-26,B002,Wholemeal Bread,35,52,17,0,4.0,0,0
2025-10-26,D001,Milk 2L,53,65,12,0,4.5,0,0
2025-10-26,D002,Eggs (12 pack),29,36,42,0,7.5,35,0
2025-10-26,D003,Butter 500g,46,60,14,0,6.0,0,0
2025-10-26,D004,Cheese 500g,14,56,41,0,8.0,0,1
2025-10-26,DR001,Bottled Water 600mL,20,20,38,0,2.5,38,0
2025-10-26,DR002,Coke 1.5L,13,41,28,0,3.8,0,0
2025-10-26,DR003,Orange Juice 2L,23,67,43,0,5.5,0,1
2025-10-26,DR004,Energy Drink 250mL,19,65,46,0,4.0,0,0
2025-10-26,F001,Bananas,16,16,50,0,3.2,50,0
2025-10-26,F002,Apples,12,12,39,0,4.5,39,0
2025-10-26,FR001,Ice Cream 1L,33,35,31,0,6.5,29,0
2025-10-26,FR002,Frozen Pizza,23,52,28,1,5.61,0,1
2025-10-26,H001,Toilet Paper,30,42,12,1,6.06,0,0
2025-10-26,H002,Laundry Detergent,24,27,43,0,12.0,40,0
2025-10-26,P001,Instant Noodles,35,41,56,0,2.0,50,0
2025-10-26,P002,Rice 1kg,30,30,46,0,3.5,46,0
2025-10-26,P004,Cereal,16,28,12,1,3.5,0,0
2025-10-26,PC001,Shampoo,12,14,60,0,9.5,58,0
2025-10-26,PC002,Toothpaste,13,25,12,0,4.5,0,0
2025-10-26,S001,Potato Chips,29,32,35,0,3.0,32,0
2025-10-26,S002,Chocolate Bar,10,42,32,0,2.8,0,0
2025-10-27,B001,White Bread,12,66,54,0,3.5,0,0
2025-10-27,B002,Wholemeal Bread,10,17,27,0,4.0,20,0
2025-10-27,D001,Milk 2L,12,12,52,0,4.5,52,0
2025-10-27,D002,Eggs (12 pack),13,42,29,1,6.58,0,0
2025-10-27,D003,Butter 500g,14,14,63,0,6.0,63,0
2025-10-27,D004,Cheese 500g,5,41,36,0,8.0,0,0
2025-10-27,DR001,Bottled Water 600mL,4,38,34,1,1.94,0,0
2025-10-27,DR002,Coke 1.5L,5,28,23,1,3.26,0,0
2025-10-27,DR003,Orange Juice 2L,13,43,29,0,5.5,0,1
2025-10-27,DR004,Energy Drink 250mL,6,46,40,0,4.0,0,0
2025-10-27,F001,Bananas,5,50,44,0,3.2,0,1
2025-10-27,F002,Apples,4,39,34,0,4.5,0,1
2025-10-27,FR001,Ice Cream 1L,10,31,21,0,6.5,0,0
2025-10-27,FR002,Frozen Pizza,8,28,20,0,8.0,0,0
2025-10-27,H001,Toilet Paper,6,12,55,1,5.9,49,0
2025-10-27,H002,Laundry Detergent,5,43,38,1,10.29,0,0
2025-10-27,P001,Instant Noodles,11,56,45,0,2.0,0,0
2025-10-27,P002,Rice 1kg,12,46,34,0,3.5,0,0
2025-10-27,P004,Cereal,4,12,59,0,5.0,51,0
2025-10-27,PC001,Shampoo,5,60,55,0,9.5,0,0
2025-10-27,PC002,Toothpaste,3,12,38,0,4.5,29,0
2025-10-27,S001,Potato Chips,9,35,26,0,3.0,0,0
2025-10-27,S002,Chocolate Bar,3,32,29,0,2.8,0,0
2025-10-28,B001,White Bread,46,54,30,0,3.5,22,0
2025-10-28,B002,Wholemeal Bread,20,27,53,0,4.0,46,0
2025-10-28,D001,Milk 2L,35,52,17,1,3.34,0,0
2025-10-28,D002,Eggs (12 pack),29,29,34,0,7.5,34,0
2025-10-28,D003,Butter 500g,22,63,40,0,6.0,0,1
2025-10-28,D004,Cheese 500g,8,36,28,0,8.0,0,0
2025-10-28,DR001,Bottled Water 600mL,14,34,20,0,2.5,0,0
2025-10-28,DR002,Coke 1.5L,11,23,12,0,3.8,0,0
2025-10-28,DR003,Orange Juice 2L,29,29,57,0,5.5,57,0
2025-10-28,DR004,Energy Drink 250mL,16,40,24,0,4.0,0,0
2025-10-28,F001,Bananas,18,44,26,0,3.2,0,0
2025-10-28,F002,Apples,11,34,23,0,4.5,0,0
2025-10-28,FR001,Ice Cream 1L,21,21,36,0,6.5,36,0
2025-10-28,FR002,Frozen Pizza,20,20,36,0,8.0,36,0
2025-10-28,H001,Toilet Paper,26,55,29,0,8.0,0,0
2025-10-28,H002,Laundry Detergent,16,38,22,0,12.0,0,0
2025-10-28,P001,Instant Noodles,26,45,19,1,1.42,0,0
2025-10-28,P002,Rice 1kg,31,34,55,0,3.5,52,0
2025-10-28,P004,Cereal,12,59,47,0,5.0,0,0
2025-10-28,PC001,Shampoo,13,55,42,0,9.5,0,0
2025-10-28,PC002,Toothpaste,12,38,26,0,4.5,0,0
2025-10-28,S001,Potato Chips,26,26,59,0,3.0,59,0
2025-10-28,S002,Chocolate Bar,8,29,21,0,2.8,0,0
2025-10-29,B001,White Bread,30,30,53,0,3.5,53,0
2025-10-29,B002,Wholemeal Bread,20,53,33,0,4.0,0,0
2025-10-29,D001,Milk 2L,17,17,46,0,4.5,46,0
2025-10-29,D002,Eggs (12 pack),17,34,17,0,7.5,0,0
2025-10-29,D003,Butter 500g,19,40,21,0,6.0,0,0
2025-10-29,D004,Cheese 500g,6,28,22,0,8.0,0,0
2025-10-29,DR001,Bottled Water 600mL,11,20,53,1,1.75,44,0
2025-10-29,DR002,Coke 1.5L,10,12,42,0,3.8,40,0
2025-10-29,DR003,Orange Juice 2L,19,57,37,0,5.5,0,1
2025-10-29,DR004,Energy Drink 250mL,24,24,48,0,4.0,48,0
2025-10-29,F001,Bananas,12,26,14,0,3.2,0,0
2025-10-29,F002,Apples,8,23,15,0,4.5,0,0
2025-10-29,FR001,Ice Cream 1L,17,36,19,1,5.77,0,0
2025-10-29,FR002,Frozen Pizza,15,36,21,0,8.0,0,0
2025-10-29,H001,Toilet Paper,20,29,54,1,6.3,45,0
2025-10-29,H002,Laundry Detergent,16,22,61,0,12.0,55,0
2025-10-29,P001,Instant Noodles,19,19,30,0,2.0,30,0
2025-10-29,P002,Rice 1kg,26,55,29,0,3.5,0,0
2025-10-29,P004,Cereal,12,47,35,0,5.0,0,0
2025-10-29,PC001,Shampoo,10,42,32,0,9.5,0,0
2025-10-29,PC002,Toothpaste,13,26,13,0,4.5,0,0
2025-10-29,S001,Potato Chips,20,59,39,0,3.0,0,0
2025-10-29,S002,Chocolate Bar,5,21,16,0,2.8,0,0
2025-10-30,B001,White Bread,23,53,29,0,3.5,0,1
2025-10-30,B002,Wholemeal Bread,15,33,18,0,4.0,0,0
2025-10-30,D001,Milk 2L,38,46,39,1,3.86,31,0
2025-10-30,D002,Eggs (12 pack),17,17,34,0,7.5,34,0
2025-10-30,D003,Butter 500g,17,21,50,0,6.0,46,0
2025-10-30,D004,Cheese 500g,9,22,13,0,8.0,0,0
2025-10-30,DR001,Bottled Water 600mL,14,53,39,0,2.5,0,0
2025-10-30,DR002,Coke 1.5L,10,42,32,0,3.8,0,0
2025-10-30,DR003,Orange Juice 2L,24,37,13,0,5.5,0,0
2025-10-30,DR004,Energy Drink 250mL,8,48,40,0,4.0,0,0
2025-10-30,F001,Bananas,7,14,34,0,3.2,27,0
2025-10-30,F002,Apples,6,15,29,0,4.5,20,0
2025-10-30,FR001,Ice Cream 1L,19,19,64,0,6.5,64,0
2025-10-30,FR002,Frozen Pizza,12,21,44,0,8.0,35,0
2025-10-30,H001,Toilet Paper,17,54,37,0,8.0,0,0
2025-10-30,H002,Laundry Detergent,11,61,50,0,12.0,0,0
2025-10-30,P001,Instant Noodles,18,30,12,0,2.0,0,0
2025-10-30,P002,Rice 1kg,29,29,69,0,3.5,69,0
2025-10-30,P004,Cereal,9,35,26,0,5.0,0,0
2025-10-30,PC001,Shampoo,7,32,25,0,9.5,0,0
2025-10-30,PC002,Toothpaste,10,13,42,0,4.5,39,0
2025-10-30,S001,Potato Chips,24,39,15,0,3.0,0,0
2025-10-30,S002,Chocolate Bar,6,16,10,0,2.8,0,0
2025-10-31,B001,White Bread,29,29,48,1,2.67,48,0
2025-10-31,B002,Wholemeal Bread,18,18,65,1,3.16,65,0
2025-10-31,D001,Milk 2L,39,39,30,0,4.5,30,0
2025-10-31,D002,Eggs (12 pack),25,34,46,0,7.5,37,0
2025-10-31,D003,Butter 500g,34,50,16,0,6.0,0,0
2025-10-31,D004,Cheese 500g,10,13,42,0,8.0,39,0
2025-10-31,DR001,Bottled Water 600mL,12,39,27,0,2.5,0,0
2025-10-31,DR002,Coke 1.5L,14,32,18,0,3.8,0,0
2025-10-31,DR003,Orange Juice 2L,13,13,34,0,5.5,34,0
2025-10-31,DR004,Energy Drink 250mL,11,40,29,0,4.0,0,0
2025-10-31,F001,Bananas,13,34,21,0,3.2,0,0
2025-10-31,F002,Apples,11,29,18,0,4.5,0,0
2025-10-31,FR001,Ice Cream 1L,32,64,31,0,6.5,0,1
2025-10-31,FR002,Frozen Pizza,18,44,25,0,8.0,0,1
2025-10-31,H001,Toilet Paper,27,37,10,0,8.0,0,0
2025-10-31,H002,Laundry Detergent,16,50,34,0,12.0,0,0
2025-10-31,P001,Instant Noodles,12,12,42,1,1.71,42,0
2025-10-31,P002,Rice 1kg,36,69,33,0,3.5,0,0
2025-10-31,P004,Cereal,14,26,12,0,5.0,0,0
2025-10-31,PC001,Shampoo,8,25,17,0,9.5,0,0
2025-10-31,PC002,Toothpaste,12,42,30,0,4.5,0,0
2025-10-31,S001,Potato Chips,15,15,39,1,2.54,39,0
2025-10-31,S002,Chocolate Bar,9,10,29,1,1.98,28,0
2025-11-01,B001,White Bread,45,48,42,0,3.5,39,0
2025-11-01,B002,Wholemeal Bread,22,65,42,1,3.2,0,1
2025-11-01,D001,Milk 2L,30,30,62,0,4.5,62,0
2025-11-01,D002,Eggs (12 pack),39,46,29,1,6.08,22,0
2025-11-01,D003,Butter 500g,16,16,45,1,4.37,45,0
2025-11-01,D004,Cheese 500g,11,42,31,0,8.0,0,0
2025-11-01,DR001,Bottled Water 600mL,25,27,30,1,2.22,28,0
2025-11-01,DR002,Coke 1.5L,11,18,49,0,3.8,42,0
2025-11-01,DR003,Orange Juice 2L,34,34,57,0,5.5,57,0
2025-11-01,DR004,Energy Drink 250mL,15,29,14,0,4.0,0,0
2025-11-01,F001,Bananas,14,21,46,1,2.62,39,0
2025-11-01,F002,Apples,14,18,24,0,4.5,20,0
2025-11-01,FR001,Ice Cream 1L,31,31,42,0,6.5,42,0
2025-11-01,FR002,Frozen Pizza,25,25,48,0,8.0,48,0
2025-11-01,H001,Toilet Paper,10,10,43,0,8.0,43,0
2025-11-01,H002,Laundry Detergent,28,34,45,0,12.0,39,0
2025-11-01,P001,Instant Noodles,20,42,22,0,2.0,0,0
2025-11-01,P002,Rice 1kg,29,33,54,0,3.5,50,0
2025-11-01,P004,Cereal,12,12,41,0,5.0,41,0
2025-11-01,PC001,Shampoo,13,17,54,0,9.5,50,0
2025-11-01,PC002,Toothpaste,20,30,10,0,4.5,0,0
2025-11-01,S001,Potato Chips,25,39,14,0,3.0,0,0
2025-11-01,S002,Chocolate Bar,8,29,21,0,2.8,0,0
2025-11-02,B001,White Bread,42,42,39,0,3.5,39,0
2025-11-02,B002,Wholemeal Bread,28,42,14,0,4.0,0,0
2025-11-02,D001,Milk 2L,62,62,43,0,4.5,43,0
2025-11-02,D002,Eggs (12 pack),29,29,47,0,7.5,47,0
2025-11-02,D003,Butter 500g,31,45,14,0,6.0,0,0
2025-11-02,D004,Cheese 500g,14,31,17,0,8.0,0,0
2025-11-02,DR001,Bottled Water 600mL,16,30,14,0,2.5,0,0
2025-11-02,DR002,Coke 1.5L,14,49,35,1,3.24,0,0
2025-11-02,DR003,Orange Juice 2L,30,57,27,1,4.79,0,0
2025-11-02,DR004,Energy Drink 250mL,13,14,39,0,4.0,38,0
2025-11-02,F001,Bananas,17,46,29,0,3.2,0,0
2025-11-02,F002,Apples,10,24,14,0,4.5,0,0
2025-11-02,FR001,Ice Cream 1L,42,42,49,0,6.5,49,0
2025-11-02,FR002,Frozen Pizza,17,48,30,0,8.0,0,1
2025-11-02,H001,Toilet Paper,33,43,10,0,8.0,0,0
2025-11-02,H002,Laundry Detergent,17,45,28,0,12.0,0,0
2025-11-02,P001,Instant Noodles,22,22,63,0,2.0,63,0
2025-11-02,P002,Rice 1kg,32,54,22,0,3.5,0,0
2025-11-02,P004,Cereal,17,41,24,0,5.0,0,0
2025-11-02,PC001,Shampoo,12,54,42,0,9.5,0,0
2025-11-02,PC002,Toothpaste,10,10,30,0,4.5,30,0
2025-11-02,S001,Potato Chips,14,14,39,0,3.0,39,0
2025-11-02,S002,Chocolate Bar,7,21,14,0,2.8,0,0
2025-11-03,B001,White Bread,31,39,38,0,3.5,30,0
2025-11-03,B002,Wholemeal Bread,14,14,49,0,4.0,49,0
2025-11-03,D001,Milk 2L,29,43,14,1,3.2,0,0
2025-11-03,D002,Eggs (12 pack),29,47,18,0,7.5,0,0
2025-11-03,D003,Butter 500g,14,14,58,0,6.0,58,0
2025-11-03,D004,Cheese 500g,9,17,46,0,8.0,38,0
2025-11-03,DR001,Bottled Water 600mL,14,14,58,0,2.5,58,0
2025-11-03,DR002,Coke 1.5L,12,35,23,0,3.8,0,0
2025-11-03,DR003,Orange Juice 2L,27,27,37,0,5.5,37,0
2025-11-03,DR004,Energy Drink 250mL,12,39,27,0,4.0,0,0
2025-11-03,F001,Bananas,9,29,20,0,3.2,0,0
2025-11-03,F002,Apples,9,14,34,0,4.5,29,0
2025-11-03,FR001,Ice Cream 1L,19,49,30,0,6.5,0,0
2025-11-03,FR002,Frozen Pizza,18,30,12,0,8.0,0,0
2025-11-03,H001,Toilet Paper,10,10,67,0,8.0,67,0
2025-11-03,H002,Laundry Detergent,28,28,33,0,12.0,33,0
2025-11-03,P001,Instant Noodles,24,63,39,1,1.51,0,0
2025-11-03,P002,Rice 1kg,22,22,33,0,3.5,33,0
2025-11-03,P004,Cereal,7,24,17,0,5.0,0,0
2025-11-03,PC001,Shampoo,7,42,35,0,9.5,0,0
2025-11-03,PC002,Toothpaste,7,30,23,0,4.5,0,0
2025-11-03,S001,Potato Chips,23,39,16,0,3.0,0,0
2025-11-03,S002,Chocolate Bar,4,14,10,0,2.8,0,0
2025-11-04,B001,White Bread,33,38,32,0,3.5,27,0
2025-11-04,B002,Wholemeal Bread,25,49,24,1,3.53,0,0
2025-11-04,D001,Milk 2L,14,14,55,0,4.5,55,0
2025-11-04,D002,Eggs (12 pack),18,18,31,0,7.5,31,0
2025-11-04,D003,Butter 500g,26,58,32,0,6.0,0,0
2025-11-04,D004,Cheese 500g,8,46,38,0,8.0,0,0
2025-11-04,DR001,Bottled Water 600mL,14,58,44,0,2.5,0,0
2025-11-04,DR002,Coke 1.5L,10,23,13,0,3.8,0,0
2025-11-04,DR003,Orange Juice 2L,19,37,18,0,5.5,0,0
2025-11-04,DR004,Energy Drink 250mL,9,27,18,1,3.33,0,0
2025-11-04,F001,Bananas,14,20,51,0,3.2,45,0
2025-11-04,F002,Apples,9,34,25,0,4.5,0,0
2025-11-04,FR001,Ice Cream 1L,24,30,31,0,6.5,25,0
2025-11-04,FR002,Frozen Pizza,12,12,65,0,8.0,65,0
2025-11-04,H001,Toilet Paper,14,67,53,1,6.42,0,0
2025-11-04,H002,Laundry Detergent,11,33,22,0,12.0,0,0
2025-11-04,P001,Instant Noodles,23,39,16,0,2.0,0,0
2025-11-04,P002,Rice 1kg,27,33,26,0,3.5,20,0
2025-11-04,P004,Cereal,12,17,48,0,5.0,43,0
2025-11-04,PC001,Shampoo,7,35,28,0,9.5,0,0
2025-11-04,PC002,Toothpaste,7,23,16,1,3.8,0,0
2025-11-04,S001,Potato Chips,16,16,58,0,3.0,58,0
2025-11-04,S002,Chocolate Bar,6,10,36,0,2.8,32,0
2025-11-05,B001,White Bread,23,32,64,1,2.93,55,0
2025-11-05,B002,Wholemeal Bread,22,24,58,0,4.0,56,0
2025-11-05,D001,Milk 2L,35,55,20,0,4.5,0,0
2025-11-05,D002,Eggs (12 pack),17,31,14,0,7.5,0,0
2025-11-05,D003,Butter 500g,21,32,11,1,4.45,0,0
2025-11-05,D004,Cheese 500g,7,38,31,0,8.0,0,0
2025-11-05,DR001,Bottled Water 600mL,17,44,27,0,2.5,0,0
2025-11-05,DR002,Coke 1.5L,8,13,57,0,3.8,52,0
2025-11-05,DR003,Orange Juice 2L,18,18,42,0,5.5,42,0
2025-11-05,DR004,Energy Drink 250mL,10,18,66,0,4.0,58,0
2025-11-05,F001,Bananas,12,51,38,0,3.2,0,1
2025-11-05,F002,Apples,6,25,19,0,4.5,0,0
2025-11-05,FR001,Ice Cream 1L,17,31,14,0,6.5,0,0
2025-11-05,FR002,Frozen Pizza,15,65,50,0,8.0,0,0
2025-11-05,H001,Toilet Paper,22,53,31,0,8.0,0,0
2025-11-05,H002,Laundry Detergent,10,22,12,1,9.33,0,0
2025-11-05,P001,Instant Noodles,15,16,28,0,2.0,27,0
2025-11-05,P002,Rice 1kg,20,26,44,0,3.5,38,0
2025-11-05,P004,Cereal,7,48,41,1,3.72,0,0
2025-11-05,PC001,Shampoo,9,28,19,0,9.5,0,0
2025-11-05,PC002,Toothpaste,12,16,46,0,4.5,42,0
2025-11-05,S001,Potato Chips,21,58,37,0,3.0,0,0
2025-11-05,S002,Chocolate Bar,7,36,29,0,2.8,0,0
2025-11-06,B001,White Bread,36,64,28,1,2.79,0,0
2025-11-06,B002,Wholemeal Bread,25,58,32,0,4.0,0,1
2025-11-06,D001,Milk 2L,20,20,53,1,3.2,53,0
2025-11-06,D002,Eggs (12 pack),14,14,60,0,7.5,60,0
2025-11-06,D003,Butter 500g,11,11,35,0,6.0,35,0
2025-11-06,D004,Cheese 500g,8,31,23,0,8.0,0,0
2025-11-06,DR001,Bottled Water 600mL,16,27,11,0,2.5,0,0
2025-11-06,DR002,Coke 1.5L,8,57,49,0,3.8,0,0
2025-11-06,DR003,Orange Juice 2L,27,42,15,0,5.5,0,0
2025-11-06,DR004,Energy Drink 250mL,8,66,58,0,4.0,0,0
2025-11-06,F001,Bananas,38,38,44,0,3.2,44,0
2025-11-06,F002,Apples,6,19,13,1,3.58,0,0
2025-11-06,FR001,Ice Cream 1L,14,14,53,0,6.5,53,0
2025-11-06,FR002,Frozen Pizza,14,50,35,0,8.0,0,1
2025-11-06,H001,Toilet Paper,20,31,11,0,8.0,0,0
2025-11-06,H002,Laundry Detergent,12,12,40,1,10.55,40,0
2025-11-06,P001,Instant Noodles,19,28,50,0,2.0,41,0
2025-11-06,P002,Rice 1kg,29,44,15,1,2.8,0,0
2025-11-06,P004,Cereal,10,41,31,0,5.0,0,0
2025-11-06,PC001,Shampoo,9,19,10,0,9.5,0,0
2025-11-06,PC002,Toothpaste,10,46,36,0,4.5,0,0
2025-11-06,S001,Potato Chips,26,37,11,0,3.0,0,0
2025-11-06,S002,Chocolate Bar,5,29,24,0,2.8,0,0
2025-11-07,B001,White Bread,28,28,51,0,3.5,51,0
2025-11-07,B002,Wholemeal Bread,28,32,33,0,4.0,29,0
2025-11-07,D001,Milk 2L,43,53,10,0,4.5,0,0
2025-11-07,D002,Eggs (12 pack),35,60,24,0,7.5,0,1
2025-11-07,D003,Butter 500g,31,35,45,0,6.0,41,0
2025-11-07,D004,Cheese 500g,23,23,33,0,8.0,33,0
2025-11-07,DR001,Bottled Water 600mL,11,11,63,0,2.5,63,0
2025-11-07,DR002,Coke 1.5L,14,49,35,0,3.8,0,0
2025-11-07,DR003,Orange Juice 2L,15,15,38,0,5.5,38,0
2025-11-07,DR004,Energy Drink 250mL,14,58,44,0,4.0,0,0
2025-11-07,F001,Bananas,11,44,33,0,3.2,0,0
2025-11-07,F002,Apples,9,13,32,0,4.5,28,0
2025-11-07,FR001,Ice Cream 1L,26,53,26,0,6.5,0,1
2025-11-07,FR002,Frozen Pizza,24,35,11,1,6.15,0,0
2025-11-07,H001,Toilet Paper,11,11,31,1,6.48,31,0
2025-11-07,H002,Laundry Detergent,22,40,18,0,12.0,0,0
2025-11-07,P001,Instant Noodles,24,50,26,0,2.0,0,0
2025-11-07,P002,Rice 1kg,15,15,53,0,3.5,53,0
2025-11-07,P004,Cereal,10,31,21,0,5.0,0,0
2025-11-07,PC001,Shampoo,10,10,36,0,9.5,36,0
2025-11-07,PC002,Toothpaste,11,36,25,0,4.5,0,0
2025-11-07,S001,Potato Chips,11,11,52,0,3.0,52,0
2025-11-07,S002,Chocolate Bar,9,24,15,0,2.8,0,0
2025-11-08,B001,White Bread,46,51,45,0,3.5,40,0
2025-11-08,B002,Wholemeal Bread,23,33,10,0,4.0,0,0
2025-11-08,D001,Milk 2L,10,10,33,0,4.5,33,0
2025-11-08,D002,Eggs (12 pack),24,24,62,0,7.5,62,0
2025-11-08,D003,Butter 500g,35,45,10,0,6.0,0,0
2025-11-08,D004,Cheese 500g,12,33,21,0,8.0,0,0
2025-11-08,DR001,Bottled Water 600mL,50,63,13,0,2.5,0,0
2025-11-08,DR002,Coke 1.5L,14,35,21,0,3.8,0,0
2025-11-08,DR003,Orange Juice 2L,38,38,59,0,5.5,59,0
2025-11-08,DR004,Energy Drink 250mL,19,44,25,0,4.0,0,0
2025-11-08,F001,Bananas,20,33,13,0,3.2,0,0
2025-11-08,F002,Apples,12,32,20,0,4.5,0,0
2025-11-08,FR001,Ice Cream 1L,26,26,31,1,5.26,31,0
2025-11-08,FR002,Frozen Pizza,11,11,55,0,8.0,55,0
2025-11-08,H001,Toilet Paper,22,31,59,0,8.0,50,0
2025-11-08,H002,Laundry Detergent,18,18,47,0,12.0,47,0
2025-11-08,P001,Instant Noodles,26,26,56,0,2.0,56,0
2025-11-08,P002,Rice 1kg,34,53,19,0,3.5,0,0
2025-11-08,P004,Cereal,16,21,48,1,4.08,43,0
2025-11-08,PC001,Shampoo,11,36,25,0,9.5,0,0
2025-11-08,PC002,Toothpaste,14,25,11,0,4.5,0,0
2025-11-08,S001,Potato Chips,32,52,20,0,3.0,0,0
2025-11-08,S002,Chocolate Bar,9,15,27,1,2.49,21,0
2025-11-09,B001,White Bread,35,45,10,0,3.5,0,0
2025-11-09,B002,Wholemeal Bread,10,10,49,0,4.0,49,0
2025-11-09,D001,Milk 2L,33,33,34,0,4.5,34,0
2025-11-09,D002,Eggs (12 pack),31,62,31,0,7.5,0,0
2025-11-09,D003,Butter 500g,10,10,63,0,6.0,63,0
2025-11-09,D004,Cheese 500g,12,21,44,0,8.0,35,0
2025-11-09,DR001,Bottled Water 600mL,13,13,69,0,2.5,69,0
2025-11-09,DR002,Coke 1.5L,14,21,46,0,3.8,39,0
2025-11-09,DR003,Orange Juice 2L,24,59,34,0,5.5,0,1
2025-11-09,DR004,Energy Drink 250mL,17,25,54,0,4.0,46,0
2025-11-09,F001,Bananas,13,13,65,1,2.34,65,0
2025-11-09,F002,Apples,8,20,12,0,4.5,0,0
2025-11-09,FR001,Ice Cream 1L,31,31,40,0,6.5,40,0
2025-11-09,FR002,Frozen Pizza,17,55,37,0,8.0,0,1
2025-11-09,H001,Toilet Paper,30,59,29,0,8.0,0,0
2025-11-09,H002,Laundry Detergent,20,47,27,0,12.0,0,0
2025-11-09,P001,Instant Noodles,23,56,33,0,2.0,0,0
2025-11-09,P002,Rice 1kg,19,19,45,0,3.5,45,0
2025-11-09,P004,Cereal,11,48,37,0,5.0,0,0
2025-11-09,PC001,Shampoo,10,25,15,0,9.5,0,0
2025-11-09,PC002,Toothpaste,11,11,66,0,4.5,66,0
2025-11-09,S001,Potato Chips,20,20,39,0,3.0,39,0
2025-11-09,S002,Chocolate Bar,8,27,19,0,2.8,0,0
2025-11-10,B001,White Bread,10,10,51,0,3.5,51,0
2025-11-10,B002,Wholemeal Bread,16,49,33,0,4.0,0,0
2025-11-10,D001,Milk 2L,24,34,10,0,4.5,0,0
2025-11-10,D002,Eggs (12 pack),17,31,14,0,7.5,0,0
2025-11-10,D003,Butter 500g,23,63,39,0,6.0,0,1
2025-11-10,D004,Cheese 500g,10,44,33,0,8.0,0,1
2025-11-10,DR001,Bottled Water 600mL,17,69,52,0,2.5,0,0
2025-11-10,DR002,Coke 1.5L,10,46,36,0,3.8,0,0
2025-11-10,DR003,Orange Juice 2L,22,34,12,0,5.5,0,0
2025-11-10,DR004,Energy Drink 250mL,9,54,45,1,3.37,0,0
2025-11-10,F001,Bananas,13,65,50,0,3.2,0,2
2025-11-10,F002,Apples,6,12,27,1,3.88,21,0
2025-11-10,FR001,Ice Cream 1L,24,40,16,0,6.5,0,0
2025-11-10,FR002,Frozen Pizza,16,37,21,0,8.0,0,0
2025-11-10,H001,Toilet Paper,22,29,43,0,8.0,36,0
2025-11-10,H002,Laundry Detergent,15,27,12,1,9.02,0,0
2025-11-10,P001,Instant Noodles,24,33,40,0,2.0,31,0
2025-11-10,P002,Rice 1kg,24,45,21,0,3.5,0,0
2025-11-10,P004,Cereal,9,37,28,0,5.0,0,0
2025-11-10,PC001,Shampoo,11,15,28,0,9.5,24,0
2025-11-10,PC002,Toothpaste,13,66,53,1,3.89,0,0
2025-11-10,S001,Potato Chips,18,39,21,0,3.0,0,0
2025-11-10,S002,Chocolate Bar,4,19,15,0,2.8,0,0
2025-11-11,B001,White Bread,20,51,30,1,3.03,0,1
2025-11-11,B002,Wholemeal Bread,14,33,19,0,4.0,0,0
2025-11-11,D001,Milk 2L,10,10,47,0,4.5,47,0
2025-11-11,D002,Eggs (12 pack),14,14,39,0,7.5,39,0
2025-11-11,D003,Butter 500g,17,39,22,0,6.0,0,0
2025-11-11,D004,Cheese 500g,9,33,24,0,8.0,0,0
2025-11-11,DR001,Bottled Water 600mL,11,52,41,0,2.5,0,0
2025-11-11,DR002,Coke 1.5L,10,36,26,0,3.8,0,0
2025-11-11,DR003,Orange Juice 2L,12,12,56,0,5.5,56,0
2025-11-11,DR004,Energy Drink 250mL,9,45,36,1,3.34,0,0
2025-11-11,F001,Bananas,12,50,37,0,3.2,0,1
2025-11-11,F002,Apples,8,27,19,1,3.94,0,0
2025-11-11,FR001,Ice Cream 1L,16,16,63,0,6.5,63,0
2025-11-11,FR002,Frozen Pizza,14,21,33,0,8.0,26,0
2025-11-11,H001,Toilet Paper,17,43,26,0,8.0,0,0
2025-11-11,H002,Laundry Detergent,12,12,48,0,12.0,48,0
2025-11-11,P001,Instant Noodles,24,40,16,0,2.0,0,0
2025-11-11,P002,Rice 1kg,21,21,55,1,2.59,55,0
2025-11-11,P004,Cereal,10,28,18,0,5.0,0,0
2025-11-11,PC001,Shampoo,7,28,21,0,9.5,0,0
2025-11-11,PC002,Toothpaste,7,53,46,0,4.5,0,0
2025-11-11,S001,Potato Chips,17,21,50,0,3.0,46,0
2025-11-11,S002,Chocolate Bar,4,15,11,0,2.8,0,0
2025-11-12,B001,White Bread,20,30,10,1,2.74,0,0
2025-11-12,B002,Wholemeal Bread,18,19,49,0,4.0,48,0
2025-11-12,D001,Milk 2L,24,47,23,1,4.0,0,0
2025-11-12,D002,Eggs (12 pack),29,39,10,0,7.5,0,0
2025-11-12,D003,Butter 500g,20,22,61,0,6.0,59,0
2025-11-12,D004,Cheese 500g,8,24,16,0,8.0,0,0
2025-11-12,DR001,Bottled Water 600mL,16,41,25,0,2.5,0,0
2025-11-12,DR002,Coke 1.5L,7,26,19,0,3.8,0,0
2025-11-12,DR003,Orange Juice 2L,18,56,38,0,5.5,0,0
2025-11-12,DR004,Energy Drink 250mL,12,36,24,0,4.0,0,0
2025-11-12,F001,Bananas,14,37,22,1,2.64,0,1
2025-11-12,F002,Apples,9,19,10,0,4.5,0,0
2025-11-12,FR001,Ice Cream 1L,19,63,44,0,6.5,0,0
2025-11-12,FR002,Frozen Pizza,15,33,18,0,8.0,0,0
2025-11-12,H001,Toilet Paper,18,26,56,1,6.11,48,0
2025-11-12,H002,Laundry Detergent,18,48,30,0,12.0,0,0
2025-11-12,P001,Instant Noodles,15,16,54,0,2.0,53,0
2025-11-12,P002,Rice 1kg,29,55,26,0,3.5,0,0
2025-11-12,P004,Cereal,9,18,34,0,5.0,25,0
2025-11-12,PC001,Shampoo,8,21,13,0,9.5,0,0
2025-11-12,PC002,Toothpaste,13,46,33,0,4.5,0,0
2025-11-12,S001,Potato Chips,27,50,23,0,3.0,0,0
2025-11-12,S002,Chocolate Bar,7,11,56,0,2.8,52,0
2025-11-13,B001,White Bread,10,10,30,0,3.5,30,0
2025-11-13,B002,Wholemeal Bread,25,49,23,0,4.0,0,1
2025-11-13,D001,Milk 2L,23,23,34,0,4.5,34,0
2025-11-13,D002,Eggs (12 pack),10,10,58,0,7.5,58,0
2025-11-13,D003,Butter 500g,17,61,44,0,6.0,0,0
2025-11-13,D004,Cheese 500g,10,16,30,0,8.0,24,0
2025-11-13,DR001,Bottled Water 600mL,12,25,13,1,2.07,0,0
2025-11-13,DR002,Coke 1.5L,10,19,40,0,3.8,31,0
2025-11-13,DR003,Orange Juice 2L,24,38,14,0,5.5,0,0
2025-11-13,DR004,Energy Drink 250mL,11,24,13,0,4.0,0,0
2025-11-13,F001,Bananas,13,22,42,0,3.2,33,0
2025-11-13,F002,Apples,6,10,52,0,4.5,48,0
2025-11-13,FR001,Ice Cream 1L,16,44,28,0,6.5,0,0
2025-11-13,FR002,Frozen Pizza,18,18,49,0,8.0,49,0
2025-11-13,H001,Toilet Paper,12,56,44,0,8.0,0,0
2025-11-13,H002,Laundry Detergent,10,30,20,1,8.89,0,0
2025-11-13,P001,Instant Noodles,22,54,32,0,2.0,0,0
2025-11-13,P002,Rice 1kg,26,26,30,0,3.5,30,0
2025-11-13,P004,Cereal,34,34,32,0,5.0,32,0
2025-11-13,PC001,Shampoo,6,13,44,0,9.5,37,0
2025-11-13,PC002,Toothpaste,10,33,23,0,4.5,0,0
2025-11-13,S001,Potato Chips,23,23,55,0,3.0,55,0
2025-11-13,S002,Chocolate Bar,4,56,52,1,2.42,0,0
2025-11-14,B001,White Bread,30,30,67,0,3.5,67,0
2025-11-14,B002,Wholemeal Bread,23,23,69,0,4.0,69,0
2025-11-14,D001,Milk 2L,32,34,27,0,4.5,25,0
2025-11-14,D002,Eggs (12 pack),29,58,29,0,7.5,0,0
2025-11-14,D003,Butter 500g,25,44,19,0,6.0,0,0
2025-11-14,D004,Cheese 500g,10,30,20,0,8.0,0,0
2025-11-14,DR001,Bottled Water 600mL,10,13,45,0,2.5,42,0
2025-11-14,DR002,Coke 1.5L,14,40,26,0,3.8,0,0
2025-11-14,DR003,Orange Juice 2L,14,14,59,0,5.5,59,0
2025-11-14,DR004,Energy Drink 250mL,13,13,59,1,3.15,59,0
2025-11-14,F001,Bananas,13,42,28,0,3.2,0,1
2025-11-14,F002,Apples,7,52,44,0,4.5,0,1
2025-11-14,FR001,Ice Cream 1L,28,28,59,0,6.5,59,0
2025-11-14,FR002,Frozen Pizza,17,49,32,1,6.14,0,0
2025-11-14,H001,Toilet Paper,26,44,18,0,8.0,0,0
2025-11-14,H002,Laundry Detergent,16,20,41,0,12.0,37,0
2025-11-14,P001,Instant Noodles,20,32,12,0,2.0,0,0
2025-11-14,P002,Rice 1kg,30,30,55,0,3.5,55,0
2025-11-14,P004,Cereal,10,32,22,1,3.69,0,0
2025-11-14,PC001,Shampoo,12,44,32,0,9.5,0,0
2025-11-14,PC002,Toothpaste,14,23,41,0,4.5,32,0
2025-11-14,S001,Potato Chips,34,55,21,0,3.0,0,0
2025-11-14,S002,Chocolate Bar,7,52,45,0,2.8,0,0
2025-11-15,B001,White Bread,37,67,30,0,3.5,0,0
2025-11-15,B002,Wholemeal Bread,23,69,46,0,4.0,0,0
2025-11-15,D001,Milk 2L,27,27,43,0,4.5,43,0
2025-11-15,D002,Eggs (12 pack),29,29,32,0,7.5,32,0
2025-11-15,D003,Butter 500g,19,19,34,0,6.0,34,0
2025-11-15,D004,Cheese 500g,15,20,44,1,6.58,39,0
2025-11-15,DR001,Bottled Water 600mL,17,45,28,1,2.16,0,0
2025-11-15,DR002,Coke 1.5L,11,26,15,0,3.8,0,0
2025-11-15,DR003,Orange Juice 2L,26,59,33,0,5.5,0,0
2025-11-15,DR004,Energy Drink 250mL,15,59,44,0,4.0,0,0
2025-11-15,F001,Bananas,14,28,14,1,2.64,0,0
2025-11-15,F002,Apples,13,44,31,0,4.5,0,0
2025-11-15,FR001,Ice Cream 1L,41,59,18,0,6.5,0,0
2025-11-15,FR002,Frozen Pizza,26,32,38,0,8.0,32,0
2025-11-15,H001,Toilet Paper,18,18,57,0,8.0,57,0
2025-11-15,H002,Laundry Detergent,16,41,25,0,12.0,0,0
2025-11-15,P001,Instant Noodles,12,12,47,0,2.0,47,0
2025-11-15,P002,Rice 1kg,27,55,28,0,3.5,0,0
2025-11-15,P004,Cereal,18,22,31,0,5.0,27,0
2025-11-15,PC001,Shampoo,9,32,23,0,9.5,0,0
2025-11-15,PC002,Toothpaste,16,41,25,1,3.74,0,0
2025-11-15,S001,Potato Chips,21,21,46,0,3.0,46,0
2025-11-15,S002,Chocolate Bar,9,45,36,0,2.8,0,0
2025-11-16,B001,White Bread,30,30,41,0,3.5,41,0
2025-11-16,B002,Wholemeal Bread,32,46,14,0,4.0,0,0
2025-11-16,D001,Milk 2L,43,43,41,0,4.5,41,0
2025-11-16,D002,Eggs (12 pack),32,32,34,0,7.5,34,0
2025-11-16,D003,Butter 500g,28,34,54,0,6.0,48,0
2025-11-16,D004,Cheese 500g,13,44,31,0,8.0,0,0
2025-11-16,DR001,Bottled Water 600mL,21,28,49,0,2.5,42,0
2025-11-16,DR002,Coke 1.5L,13,15,49,0,3.8,47,0
2025-11-16,DR003,Orange Juice 2L,33,33,38,0,5.5,38,0
2025-11-16,DR004,Energy Drink 250mL,16,44,28,0,4.0,0,0
2025-11-16,F001,Bananas,12,14,47,1,2.41,45,0
2025-11-16,F002,Apples,10,31,21,0,4.5,0,0
2025-11-16,FR001,Ice Cream 1L,18,18,43,1,5.18,43,0
2025-11-16,FR002,Frozen Pizza,21,38,17,1,5.82,0,0
2025-11-16,H001,Toilet Paper,23,57,34,0,8.0,0,0
2025-11-16,H002,Laundry Detergent,22,25,49,0,12.0,46,0
2025-11-16,P001,Instant Noodles,26,47,21,0,2.0,0,0
2025-11-16,P002,Rice 1kg,28,28,31,0,3.5,31,0
2025-11-16,P004,Cereal,13,31,18,1,4.15,0,0
2025-11-16,PC001,Shampoo,16,23,42,0,9.5,35,0
2025-11-16,PC002,Toothpaste,19,25,61,0,4.5,55,0
2025-11-16,S001,Potato Chips,34,46,12,1,2.62,0,0
2025-11-16,S002,Chocolate Bar,8,36,28,0,2.8,0,0
2025-11-17,B001,White Bread,35,41,59,0,3.5,53,0
2025-11-17,B002,Wholemeal Bread,14,14,47,0,4.0,47,0
2025-11-17,D001,Milk 2L,41,41,51,0,4.5,51,0
2025-11-17,D002,Eggs (12 pack),24,34,10,0,7.5,0,0
2025-11-17,D003,Butter 500g,20,54,33,0,6.0,0,1
2025-11-17,D004,Cheese 500g,8,31,23,0,8.0,0,0
2025-11-17,DR001,Bottled Water 600mL,14,49,35,0,2.5,0,0
2025-11-17,DR002,Coke 1.5L,13,49,36,1,3.15,0,0
2025-11-17,DR003,Orange Juice 2L,18,38,20,1,4.68,0,0
2025-11-17,DR004,Energy Drink 250mL,13,28,15,0,4.0,0,0
2025-11-17,F001,Bananas,12,47,35,0,3.2,0,0
2025-11-17,F002,Apples,5,21,16,0,4.5,0,0
2025-11-17,FR001,Ice Cream 1L,24,43,19,0,6.5,0,0
2025-11-17,FR002,Frozen Pizza,17,17,57,0,8.0,57,0
2025-11-17,H001,Toilet Paper,18,34,16,0,8.0,0,0
2025-11-17,H002,Laundry Detergent,12,49,37,1,8.96,0,0
2025-11-17,P001,Instant Noodles,16,21,29,1,1.76,24,0
2025-11-17,P002,Rice 1kg,18,31,13,0,3.5,0,0
2025-11-17,P004,Cereal,11,18,39,0,5.0,32,0
2025-11-17,PC001,Shampoo,6,42,36,0,9.5,0,0
2025-11-17,PC002,Toothpaste,13,61,48,0,4.5,0,0
2025-11-17,S001,Potato Chips,12,12,50,0,3.0,50,0
2025-11-17,S002,Chocolate Bar,4,28,24,0,2.8,0,0
2025-11-18,B001,White Bread,27,59,31,0,3.5,0,1
2025-11-18,B002,Wholemeal Bread,25,47,21,0,4.0,0,1
2025-11-18,D001,Milk 2L,44,51,49,0,4.5,42,0
2025-11-18,D002,Eggs (12 pack),10,10,53,0,7.5,53,0
2025-11-18,D003,Butter 500g,18,33,15,0,6.0,0,0
2025-11-18,D004,Cheese 500g,7,23,16,0,8.0,0,0
2025-11-18,DR001,Bottled Water 600mL,10,35,25,0,2.5,0,0
2025-11-18,DR002,Coke 1.5L,11,36,25,0,3.8,0,0
2025-11-18,DR003,Orange Juice 2L,20,20,37,0,5.5,37,0
2025-11-18,DR004,Energy Drink 250mL,9,15,56,0,4.0,50,0
2025-11-18,F001,Bananas,10,35,25,0,3.2,0,0
2025-11-18,F002,Apples,6,16,10,0,4.5,0,0
2025-11-18,FR001,Ice Cream 1L,19,19,44,0,6.5,44,0
2025-11-18,FR002,Frozen Pizza,18,57,39,0,8.0,0,0
2025-11-18,H001,Toilet Paper,16,16,63,0,8.0,63,0
2025-11-18,H002,Laundry Detergent,11,37,26,0,12.0,0,0
2025-11-18,P001,Instant Noodles,13,29,16,0,2.0,0,0
2025-11-18,P002,Rice 1kg,13,13,55,0,3.5,55,0
2025-11-18,P004,Cereal,9,39,30,1,4.43,0,0
2025-11-18,PC001,Shampoo,8,36,28,0,9.5,0,0
2025-11-18,PC002,Toothpaste,10,48,38,0,4.5,0,0
2025-11-18,S001,Potato Chips,26,50,24,0,3.0,0,0
2025-11-18,S002,Chocolate Bar,4,24,20,0,2.8,0,0
2025-11-19,B001,White Bread,23,31,58,0,3.5,50,0
2025-11-19,B002,Wholemeal Bread,20,21,60,0,4.0,59,0
2025-11-19,D001,Milk 2L,31,49,18,0,4.5,0,0
2025-11-19,D002,Eggs (12 pack),21,53,32,0,7.5,0,0
2025-11-19,D003,Butter 500g,15,15,36,1,4.85,36,0
2025-11-19,D004,Cheese 500g,9,16,56,0,8.0,49,0
2025-11-19,DR001,Bottled Water 600mL,15,25,10,0,2.5,0,0
2025-11-19,DR002,Coke 1.5L,12,25,13,0,3.8,0,0
2025-11-19,DR003,Orange Juice 2L,26,37,11,1,4.09,0,0
2025-11-19,DR004,Energy Drink 250mL,8,56,48,0,4.0,0,0
2025-11-19,F001,Bananas,9,25,16,0,3.2,0,0
2025-11-19,F002,Apples,8,10,57,0,4.5,55,0
2025-11-19,FR001,Ice Cream 1L,15,44,29,0,6.5,0,0
2025-11-19,FR002,Frozen Pizza,14,39,25,0,8.0,0,0
2025-11-19,H001,Toilet Paper,17,63,46,0,8.0,0,0
2025-11-19,H002,Laundry Detergent,14,26,12,1,9.59,0,0
2025-11-19,P001,Instant Noodles,16,16,47,0,2.0,47,0
2025-11-19,P002,Rice 1kg,24,55,31,1,2.49,0,0
2025-11-19,P004,Cereal,8,30,22,0,5.0,0,0
2025-11-19,PC001,Shampoo,8,28,20,0,9.5,0,0
2025-11-19,PC002,Toothpaste,10,38,28,0,4.5,0,0
2025-11-19,S001,Potato Chips,24,24,59,0,3.0,59,0
2025-11-19,S002,Chocolate Bar,7,20,13,0,2.8,0,0
2025-11-20,B001,White Bread,33,58,24,0,3.5,0,1
2025-11-20,B002,Wholemeal Bread,60,60,43,0,4.0,43,0
2025-11-20,D001,Milk 2L,18,18,62,1,3.75,62,0
2025-11-20,D002,Eggs (12 pack),20,32,12,1,6.33,0,0
2025-11-20,D003,Butter 500g,26,36,10,0,6.0,0,0
2025-11-20,D004,Cheese 500g,8,56,48,0,8.0,0,0
2025-11-20,DR001,Bottled Water 600mL,10,10,31,0,2.5,31,0
2025-11-20,DR002,Coke 1.5L,11,13,40,0,3.8,38,0
2025-11-20,DR003,Orange Juice 2L,11,11,35,1,4.74,35,0
2025-11-20,DR004,Energy Drink 250mL,8,48,40,0,4.0,0,0
2025-11-20,F001,Bananas,11,16,53,0,3.2,48,0
2025-11-20,F002,Apples,5,57,51,0,4.5,0,1
2025-11-20,FR001,Ice Cream 1L,22,29,33,0,6.5,26,0
2025-11-20,FR002,Frozen Pizza,20,25,54,0,8.0,49,0
2025-11-20,H001,Toilet Paper,22,46,24,0,8.0,0,0
2025-11-20,H002,Laundry Detergent,12,12,59,0,12.0,59,0
2025-11-20,P001,Instant Noodles,23,47,24,1,1.75,0,0
2025-11-20,P002,Rice 1kg,18,31,13,0,3.5,0,0
2025-11-20,P004,Cereal,11,22,11,0,5.0,0,0
2025-11-20,PC001,Shampoo,11,20,59,0,9.5,50,0
2025-11-20,PC002,Toothpaste,8,28,20,0,4.5,0,0
2025-11-20,S001,Potato Chips,24,59,35,0,3.0,0,0
2025-11-20,S002,Chocolate Bar,6,13,31,0,2.8,24,0
2025-11-21,B001,White Bread,24,24,51,0,3.5,51,0
2025-11-21,B002,Wholemeal Bread,29,43,14,1,3.06,0,0
2025-11-21,D001,Milk 2L,33,62,29,0,4.5,0,0
2025-11-21,D002,Eggs (12 pack),12,12,54,0,7.5,54,0
2025-11-21,D003,Butter 500g,10,10,67,0,6.0,67,0
2025-11-21,D004,Cheese 500g,9,48,38,1,5.75,0,1
2025-11-21,DR001,Bottled Water 600mL,15,31,16,0,2.5,0,0
2025-11-21,DR002,Coke 1.5L,13,40,27,0,3.8,0,0
2025-11-21,DR003,Orange Juice 2L,32,35,30,0,5.5,27,0
2025-11-21,DR004,Energy Drink 250mL,16,40,24,0,4.0,0,0
2025-11-21,F001,Bananas,9,53,42,0,3.2,0,2
2025-11-21,F002,Apples,10,51,40,0,4.5,0,1
2025-11-21,FR001,Ice Cream 1L,19,33,14,0,6.5,0,0
2025-11-21,FR002,Frozen Pizza,16,54,37,0,8.0,0,1
2025-11-21,H001,Toilet Paper,15,24,48,0,8.0,39,0
2025-11-21,H002,Laundry Detergent,20,59,39,0,12.0,0,0
2025-11-21,P001,Instant Noodles,21,24,27,0,2.0,24,0
2025-11-21,P002,Rice 1kg,13,13,42,0,3.5,42,0
2025-11-21,P004,Cereal,11,11,32,0,5.0,32,0
2025-11-21,PC001,Shampoo,12,59,47,0,9.5,0,0
2025-11-21,PC002,Toothpaste,14,20,52,0,4.5,46,0
2025-11-21,S001,Potato Chips,20,35,15,0,3.0,0,0
2025-11-21,S002,Chocolate Bar,6,31,25,0,2.8,0,0
2025-11-22,B001,White Bread,48,51,38,0,3.5,35,0
2025-11-22,B002,Wholemeal Bread,14,14,35,0,4.0,35,0
2025-11-22,D001,Milk 2L,29,29,33,0,4.5,33,0
2025-11-22,D002,Eggs (12 pack),30,54,24,1,5.36,0,0
2025-11-22,D003,Butter 500g,40,67,27,0,6.0,0,0
2025-11-22,D004,Cheese 500g,12,38,26,0,8.0,0,0
2025-11-22,DR001,Bottled Water 600mL,15,16,23,0,2.5,22,0
2025-11-22,DR002,Coke 1.5L,18,27,63,1,3.08,54,0
2025-11-22,DR003,Orange Juice 2L,23,30,34,0,5.5,27,0
2025-11-22,DR004,Energy Drink 250mL,17,24,40,0,4.0,33,0
2025-11-22,F001,Bananas,18,42,24,0,3.2,0,0
2025-11-22,F002,Apples,11,40,29,0,4.5,0,0
2025-11-22,FR001,Ice Cream 1L,14,14,58,1,5.26,58,0
2025-11-22,FR002,Frozen Pizza,27,37,10,0,8.0,0,0
2025-11-22,H001,Toilet Paper,30,48,18,0,8.0,0,0
2025-11-22,H002,Laundry Detergent,23,39,16,0,12.0,0,0
2025-11-22,P001,Instant Noodles,27,27,32,0,2.0,32,0
2025-11-22,P002,Rice 1kg,41,42,43,0,3.5,42,0
2025-11-22,P004,Cereal,15,32,17,0,5.0,0,0
2025-11-22,PC001,Shampoo,16,47,31,1,7.56,0,0
2025-11-22,PC002,Toothpaste,13,52,39,0,4.5,0,0
2025-11-22,S001,Potato Chips,15,15,62,0,3.0,62,0
2025-11-22,S002,Chocolate Bar,10,25,15,0,2.8,0,0
2025-11-23,B001,White Bread,38,38,39,0,3.5,39,0
2025-11-23,B002,Wholemeal Bread,35,35,58,0,4.0,58,0
2025-11-23,D001,Milk 2L,33,33,59,0,4.5,59,0
2025-11-23,D002,Eggs (12 pack),24,24,53,1,5.3,53,0
2025-11-23,D003,Butter 500g,27,27,44,0,6.0,44,0
2025-11-23,D004,Cheese 500g,15,26,11,0,8.0,0,0
2025-11-23,DR001,Bottled Water 600mL,19,23,36,0,2.5,32,0
2025-11-23,DR002,Coke 1.5L,17,63,46,0,3.8,0,0
2025-11-23,DR003,Orange Juice 2L,31,34,51,0,5.5,48,0
2025-11-23,DR004,Energy Drink 250mL,15,40,25,0,4.0,0,0
2025-11-23,F001,Bananas,20,24,40,0,3.2,36,0
2025-11-23,F002,Apples,11,29,18,0,4.5,0,0
2025-11-23,FR001,Ice Cream 1L,31,58,27,0,6.5,0,0
2025-11-23,FR002,Frozen Pizza,10,10,68,0,8.0,68,0
2025-11-23,H001,Toilet Paper,18,18,35,1,6.47,35,0
2025-11-23,H002,Laundry Detergent,16,16,60,0,12.0,60,0
2025-11-23,P001,Instant Noodles,24,32,40,1,1.41,32,0
2025-11-23,P002,Rice 1kg,28,43,15,0,3.5,0,0
2025-11-23,P004,Cereal,17,17,31,0,5.0,31,0
2025-11-23,PC001,Shampoo,12,31,19,1,7.42,0,0
2025-11-23,PC002,Toothpaste,15,39,24,1,3.41,0,0
2025-11-23,S001,Potato Chips,24,62,38,0,3.0,0,0
2025-11-23,S002,Chocolate Bar,11,15,24,0,2.8,20,0
2025-11-24,B001,White Bread,31,39,58,0,3.5,50,0
2025-11-24,B002,Wholemeal Bread,24,58,34,0,4.0,0,0
2025-11-24,D001,Milk 2L,28,59,30,0,4.5,0,1
2025-11-24,D002,Eggs (12 pack),25,53,28,0,7.5,0,0
2025-11-24,D003,Butter 500g,25,44,19,0,6.0,0,0
2025-11-24,D004,Cheese 500g,6,11,32,0,8.0,27,0
2025-11-24,DR001,Bottled Water 600mL,15,36,21,1,2.18,0,0
2025-11-24,DR002,Coke 1.5L,12,46,34,0,3.8,0,0
2025-11-24,DR003,Orange Juice 2L,16,51,34,0,5.5,0,1
2025-11-24,DR004,Energy Drink 250mL,13,25,12,0,4.0,0,0
2025-11-24,F001,Bananas,10,40,30,0,3.2,0,0
2025-11-24,F002,Apples,7,18,11,1,3.79,0,0
2025-11-24,FR001,Ice Cream 1L,21,27,61,0,6.5,55,0
2025-11-24,FR002,Frozen Pizza,15,68,51,1,6.9,0,2
2025-11-24,H001,Toilet Paper,21,35,14,0,8.0,0,0
2025-11-24,H002,Laundry Detergent,12,60,48,0,12.0,0,0
2025-11-24,P001,Instant Noodles,14,40,26,0,2.0,0,0
2025-11-24,P002,Rice 1kg,15,15,47,0,3.5,47,0
2025-11-24,P004,Cereal,9,31,22,1,4.36,0,0
2025-11-24,PC001,Shampoo,8,19,11,0,9.5,0,0
2025-11-24,PC002,Toothpaste,8,24,16,0,4.5,0,0
2025-11-24,S001,Potato Chips,27,38,11,0,3.0,0,0
2025-11-24,S002,Chocolate Bar,4,24,20,0,2.8,0,0
2025-11-25,B001,White Bread,28,58,29,0,3.5,0,1
2025-11-25,B002,Wholemeal Bread,23,34,11,0,4.0,0,0
2025-11-25,D001,Milk 2L,30,30,41,1,3.27,41,0
2025-11-25,D002,Eggs (12 pack),24,28,34,0,7.5,30,0
2025-11-25,D003,Butter 500g,17,19,53,0,6.0,51,0
2025-11-25,D004,Cheese 500g,9,32,23,0,8.0,0,0
2025-11-25,DR001,Bottled Water 600mL,10,21,11,0,2.5,0,0
2025-11-25,DR002,Coke 1.5L,11,34,23,0,3.8,0,0
2025-11-25,DR003,Orange Juice 2L,24,34,10,0,5.5,0,0
2025-11-25,DR004,Energy Drink 250mL,8,12,37,0,4.0,33,0
2025-11-25,F001,Bananas,9,30,21,0,3.2,0,0
2025-11-25,F002,Apples,7,11,48,0,4.5,44,0
2025-11-25,FR001,Ice Cream 1L,22,61,38,1,4.64,0,1
2025-11-25,FR002,Frozen Pizza,16,51,35,0,8.0,0,0
2025-11-25,H001,Toilet Paper,13,14,44,0,8.0,43,0
2025-11-25,H002,Laundry Detergent,11,48,37,0,12.0,0,0
2025-11-25,P001,Instant Noodles,20,26,63,0,2.0,57,0
2025-11-25,P002,Rice 1kg,26,47,21,0,3.5,0,0
2025-11-25,P004,Cereal,7,22,15,0,5.0,0,0
2025-11-25,PC001,Shampoo,8,11,46,1,7.19,43,0
2025-11-25,PC002,Toothpaste,10,16,56,0,4.5,50,0
2025-11-25,S001,Potato Chips,11,11,40,0,3.0,40,0
2025-11-25,S002,Chocolate Bar,6,20,14,0,2.8,0,0
2025-11-26,B001,White Bread,29,29,52,0,3.5,52,0
2025-11-26,B002,Wholemeal Bread,11,11,65,1,3.13,65,0
2025-11-26,D001,Milk 2L,39,41,36,0,4.5,34,0
2025-11-26,D002,Eggs (12 pack),27,34,32,0,7.5,25,0
2025-11-26,D003,Butter 500g,17,53,36,0,6.0,0,0
2025-11-26,D004,Cheese 500g,8,23,15,1,6.15,0,0
2025-11-26,DR001,Bottled Water 600mL,11,11,38,0,2.5,38,0
2025-11-26,DR002,Coke 1.5L,13,23,10,0,3.8,0,0
2025-11-26,DR003,Orange Juice 2L,10,10,69,0,5.5,69,0
2025-11-26,DR004,Energy Drink 250mL,8,37,29,0,4.0,0,0
2025-11-26,F001,Bananas,10,21,11,0,3.2,0,0
2025-11-26,F002,Apples,6,48,42,0,4.5,0,0
2025-11-26,FR001,Ice Cream 1L,16,38,22,1,5.33,0,0
2025-11-26,FR002,Frozen Pizza,20,35,15,0,8.0,0,0
2025-11-26,H001,Toilet Paper,17,44,27,1,6.95,0,0
2025-11-26,H002,Laundry Detergent,18,37,19,0,12.0,0,0
2025-11-26,P001,Instant Noodles,19,63,44,0,2.0,0,0
2025-11-26,P002,Rice 1kg,21,21,49,0,3.5,49,0
2025-11-26,P004,Cereal,12,15,27,0,5.0,24,0
2025-11-26,PC001,Shampoo,6,46,40,0,9.5,0,0
2025-11-26,PC002,Toothpaste,9,56,47,0,4.5,0,0
2025-11-26,S001,Potato Chips,17,40,23,0,3.0,0,0
2025-11-26,S002,Chocolate Bar,5,14,58,0,2.8,49,0
2025-11-27,B001,White Bread,31,52,21,0,3.5,0,0
2025-11-27,B002,Wholemeal Bread,15,65,50,0,4.0,0,0
2025-11-27,D001,Milk 2L,36,36,46,0,4.5,46,0
2025-11-27,D002,Eggs (12 pack),29,32,34,0,7.5,31,0
2025-11-27,D003,Butter 500g,30,36,39,1,5.3,33,0
2025-11-27,D004,Cheese 500g,9,15,43,0,8.0,37,0
2025-11-27,DR001,Bottled Water 600mL,10,38,28,0,2.5,0,0
2025-11-27,DR002,Coke 1.5L,10,10,51,1,3.29,51,0
2025-11-27,DR003,Orange Juice 2L,21,69,47,0,5.5,0,1
2025-11-27,DR004,Energy Drink 250mL,12,29,17,0,4.0,0,0
2025-11-27,F001,Bananas,11,11,30,0,3.2,30,0
2025-11-27,F002,Apples,9,42,33,0,4.5,0,0
2025-11-27,FR001,Ice Cream 1L,22,22,32,0,6.5,32,0
2025-11-27,FR002,Frozen Pizza,13,15,29,1,5.73,27,0
2025-11-27,H001,Toilet Paper,15,27,12,0,8.0,0,0
2025-11-27,H002,Laundry Detergent,11,19,50,0,12.0,42,0
2025-11-27,P001,Instant Noodles,19,44,25,0,2.0,0,0
2025-11-27,P002,Rice 1kg,17,49,32,0,3.5,0,0
2025-11-27,P004,Cereal,9,27,18,0,5.0,0,0
2025-11-27,PC001,Shampoo,6,40,34,1,7.79,0,0
2025-11-27,PC002,Toothpaste,8,47,39,0,4.5,0,0
2025-11-27,S001,Potato Chips,23,23,35,0,3.0,35,0
2025-11-27,S002,Chocolate Bar,6,58,52,0,2.8,0,0
2025-11-28,B001,White Bread,21,21,36,1,3.11,36,0
2025-11-28,B002,Wholemeal Bread,19,50,30,0,4.0,0,1
2025-11-28,D001,Milk 2L,40,46,38,0,4.5,32,0
2025-11-28,D002,Eggs (12 pack),23,34,11,0,7.5,0,0
2025-11-28,D003,Butter 500g,25,39,14,0,6.0,0,0
2025-11-28,D004,Cheese 500g,8,43,35,0,8.0,0,0
2025-11-28,DR001,Bottled Water 600mL,18,28,10,0,2.5,0,0
2025-11-28,DR002,Coke 1.5L,10,51,41,0,3.8,0,0
2025-11-28,DR003,Orange Juice 2L,20,47,27,0,5.5,0,0
2025-11-28,DR004,Energy Drink 250mL,12,17,29,0,4.0,24,0
2025-11-28,F001,Bananas,16,30,14,0,3.2,0,0
2025-11-28,F002,Apples,9,33,24,0,4.5,0,0
2025-11-28,FR001,Ice Cream 1L,28,32,40,0,6.5,36,0
2025-11-28,FR002,Frozen Pizza,24,29,26,1,7.17,21,0
2025-11-28,H001,Toilet Paper,12,12,55,0,8.0,55,0
2025-11-28,H002,Laundry Detergent,21,50,29,1,9.77,0,0
2025-11-28,P001,Instant Noodles,25,25,67,0,2.0,67,0
2025-11-28,P002,Rice 1kg,32,32,32,0,3.5,32,0
2025-11-28,P004,Cereal,12,18,56,0,5.0,50,0
2025-11-28,PC001,Shampoo,9,34,25,0,9.5,0,0
2025-11-28,PC002,Toothpaste,9,39,30,0,4.5,0,0
2025-11-28,S001,Potato Chips,25,35,10,0,3.0,0,0
2025-11-28,S002,Chocolate Bar,5,52,47,0,2.8,0,0
2025-11-29,B001,White Bread,36,36,42,0,3.5,42,0
2025-11-29,B002,Wholemeal Bread,30,30,65,0,4.0,65,0
2025-11-29,D001,Milk 2L,38,38,44,0,4.5,44,0
2025-11-29,D002,Eggs (12 pack),11,11,57,0,7.5,57,0
2025-11-29,D003,Butter 500g,14,14,62,0,6.0,62,0
2025-11-29,D004,Cheese 500g,10,35,25,0,8.0,0,0
2025-11-29,DR001,Bottled Water 600mL,10,10,38,0,2.5,38,0
2025-11-29,DR002,Coke 1.5L,15,41,26,0,3.8,0,0
2025-11-29,DR003,Orange Juice 2L,27,27,59,0,5.5,59,0
2025-11-29,DR004,Energy Drink 250mL,16,29,13,0,4.0,0,0
2025-11-29,F001,Bananas,14,14,69,0,3.2,69,0
2025-11-29,F002,Apples,9,24,15,0,4.5,0,0
2025-11-29,FR001,Ice Cream 1L,36,40,48,0,6.5,44,0
2025-11-29,FR002,Frozen Pizza,26,26,57,0,8.0,57,0
2025-11-29,H001,Toilet Paper,19,55,36,0,8.0,0,0
2025-11-29,H002,Laundry Detergent,25,29,24,0,12.0,20,0
2025-11-29,P001,Instant Noodles,21,67,46,0,2.0,0,0
2025-11-29,P002,Rice 1kg,32,32,39,1,2.86,39,0
2025-11-29,P004,Cereal,18,56,38,0,5.0,0,0
2025-11-29,PC001,Shampoo,12,25,13,0,9.5,0,0
2025-11-29,PC002,Toothpaste,13,30,17,0,4.5,0,0
2025-11-29,S001,Potato Chips,10,10,44,0,3.0,44,0
2025-11-29,S002,Chocolate Bar,7,47,40,0,2.8,0,0
2025-11-30,B001,White Bread,42,42,66,1,2.74,66,0
2025-11-30,B002,Wholemeal Bread,29,65,36,0,4.0,0,0
2025-11-30,D001,Milk 2L,44,44,64,0,4.5,64,0
2025-11-30,D002,Eggs (12 pack),25,57,32,0,7.5,0,0
2025-11-30,D003,Butter 500g,41,62,20,1,4.65,0,1
2025-11-30,D004,Cheese 500g,11,25,14,0,8.0,0,0
2025-11-30,DR001,Bottled Water 600mL,23,38,15,0,2.5,0,0
2025-11-30,DR002,Coke 1.5L,16,26,10,1,2.71,0,0
2025-11-30,DR003,Orange Juice 2L,26,59,33,0,5.5,0,0
2025-11-30,DR004,Energy Drink 250mL,13,13,52,0,4.0,52,0
2025-11-30,F001,Bananas,18,69,51,0,3.2,0,0
2025-11-30,F002,Apples,14,15,45,0,4.5,44,0
2025-11-30,FR001,Ice Cream 1L,30,48,18,0,6.5,0,0
2025-11-30,FR002,Frozen Pizza,29,57,28,1,5.9,0,0
2025-11-30,H001,Toilet Paper,27,36,40,1,6.15,31,0
2025-11-30,H002,Laundry Detergent,17,24,49,1,10.23,42,0
2025-11-30,P001,Instant Noodles,24,46,22,0,2.0,0,0
2025-11-30,P002,Rice 1kg,39,39,67,0,3.5,67,0
2025-11-30,P004,Cereal,11,38,27,0,5.0,0,0
2025-11-30,PC001,Shampoo,13,13,62,0,9.5,62,0
2025-11-30,PC002,Toothpaste,17,17,39,0,4.5,39,0
2025-11-30,S001,Potato Chips,37,44,40,0,3.0,33,0
2025-11-30,S002,Chocolate Bar,10,40,30,0,2.8,0,0
2025-12-01,B001,White Bread,25,66,41,0,3.5,0,0
2025-12-01,B002,Wholemeal Bread,19,36,17,1,2.85,0,0
2025-12-01,D001,Milk 2L,64,64,49,0,4.5,49,0
2025-12-01,D002,Eggs (12 pack),16,32,16,0,7.5,0,0
2025-12-01,D003,Butter 500g,20,20,52,0,6.0,52,0
2025-12-01,D004,Cheese 500g,6,14,64,0,8.0,56,0
2025-12-01,DR001,Bottled Water 600mL,12,15,53,0,2.5,50,0
2025-12-01,DR002,Coke 1.5L,8,10,59,0,3.8,57,0
2025-12-01,DR003,Orange Juice 2L,33,33,44,0,5.5,44,0
2025-12-01,DR004,Energy Drink 250mL,13,52,39,1,3.02,0,0
2025-12-01,F001,Bananas,7,51,44,0,3.2,0,0
2025-12-01,F002,Apples,7,45,38,0,4.5,0,0
2025-12-01,FR001,Ice Cream 1L,18,18,40,0,6.5,40,0
2025-12-01,FR002,Frozen Pizza,19,28,64,0,8.0,55,0
2025-12-01,H001,Toilet Paper,15,40,25,0,8.0,0,0
2025-12-01,H002,Laundry Detergent,14,49,35,0,12.0,0,0
2025-12-01,P001,Instant Noodles,20,22,24,0,2.0,22,0
2025-12-01,P002,Rice 1kg,29,67,38,0,3.5,0,0
2025-12-01,P004,Cereal,8,27,19,0,5.0,0,0
2025-12-01,PC001,Shampoo,8,62,54,0,9.5,0,0
2025-12-01,PC002,Toothpaste,12,39,27,0,4.5,0,0
2025-12-01,S001,Potato Chips,17,40,23,0,3.0,0,0
2025-12-01,S002,Chocolate Bar,5,30,25,0,2.8,0,0
2025-12-02,B001,White Bread,36,41,61,0,3.5,56,0
2025-12-02,B002,Wholemeal Bread,17,17,51,0,4.0,51,0
2025-12-02,D001,Milk 2L,34,49,15,0,4.5,0,0
2025-12-02,D002,Eggs (12 pack),16,16,39,0,7.5,39,0
2025-12-02,D003,Butter 500g,29,52,23,0,6.0,0,0
2025-12-02,D004,Cheese 500g,5,64,59,0,8.0,0,0
2025-12-02,DR001,Bottled Water 600mL,12,53,41,0,2.5,0,0
2025-12-02,DR002,Coke 1.5L,59,59,45,0,3.8,45,0
2025-12-02,DR003,Orange Juice 2L,16,44,28,0,5.5,0,0
2025-12-02,DR004,Energy Drink 250mL,11,39,28,0,4.0,0,0
2025-12-02,F001,Bananas,7,44,37,0,3.2,0,0
2025-12-02,F002,Apples,9,38,29,0,4.5,0,0
2025-12-02,FR001,Ice Cream 1L,20,40,20,0,6.5,0,0
2025-12-02,FR002,Frozen Pizza,11,64,53,0,8.0,0,0
2025-12-02,H001,Toilet Paper,20,25,59,0,8.0,54,0
2025-12-02,H002,Laundry Detergent,16,35,19,0,12.0,0,0
2025-12-02,P001,Instant Noodles,16,24,64,1,1.77,56,0
2025-12-02,P002,Rice 1kg,31,38,40,0,3.5,33,0
2025-12-02,P004,Cereal,9,19,10,0,5.0,0,0
2025-12-02,PC001,Shampoo,10,54,44,0,9.5,0,0
2025-12-02,PC002,Toothpaste,12,27,15,0,4.5,0,0
2025-12-02,S001,Potato Chips,17,23,52,0,3.0,46,0
2025-12-02,S002,Chocolate Bar,7,25,18,0,2.8,0,0
2025-12-03,B001,White Bread,30,61,31,1,2.55,0,0
2025-12-03,B002,Wholemeal Bread,22,51,29,0,4.0,0,0
2025-12-03,D001,Milk 2L,15,15,41,0,4.5,41,0
2025-12-03,D002,Eggs (12 pack),18,39,21,0,7.5,0,0
2025-12-03,D003,Butter 500g,20,23,27,0,6.0,24,0
2025-12-03,D004,Cheese 500g,9,59,50,0,8.0,0,0
2025-12-03,DR001,Bottled Water 600mL,9,41,32,0,2.5,0,0
2025-12-03,DR002,Coke 1.5L,8,45,37,0,3.8,0,0
2025-12-03,DR003,Orange Juice 2L,28,28,52,0,5.5,52,0
2025-12-03,DR004,Energy Drink 250mL,11,28,17,0,4.0,0,0
2025-12-03,F001,Bananas,13,37,24,0,3.2,0,0
2025-12-03,F002,Apples,5,29,24,0,4.5,0,0
2025-12-03,FR001,Ice Cream 1L,20,20,54,0,6.5,54,0
2025-12-03,FR002,Frozen Pizza,15,53,37,0,8.0,0,1
2025-12-03,H001,Toilet Paper,17,59,42,1,5.65,0,0
2025-12-03,H002,Laundry Detergent,12,19,59,1,8.71,52,0
2025-12-03,P001,Instant Noodles,21,64,43,1,1.67,0,0
2025-12-03,P002,Rice 1kg,22,40,18,0,3.5,0,0
2025-12-03,P004,Cereal,10,10,53,0,5.0,53,0
2025-12-03,PC001,Shampoo,6,44,38,0,9.5,0,0
2025-12-03,PC002,Toothpaste,11,15,36,0,4.5,32,0
2025-12-03,S001,Potato Chips,21,52,31,0,3.0,0,0
2025-12-03,S002,Chocolate Bar,4,18,14,0,2.8,0,0
2025-12-04,B001,White Bread,25,31,60,0,3.5,54,0
2025-12-04,B002,Wholemeal Bread,20,29,59,0,4.0,50,0
2025-12-04,D001,Milk 2L,25,41,16,0,4.5,0,0
2025-12-04,D002,Eggs (12 pack),21,21,56,0,7.5,56,0
2025-12-04,D003,Butter 500g,18,27,50,0,6.0,41,0
2025-12-04,D004,Cheese 500g,6,50,42,0,8.0,0,2
2025-12-04,DR001,Bottled Water 600mL,16,32,16,0,2.5,0,0
2025-12-04,DR002,Coke 1.5L,12,37,25,0,3.8,0,0
2025-12-04,DR003,Orange Juice 2L,18,52,33,0,5.5,0,1
2025-12-04,DR004,Energy Drink 250mL,13,17,47,1,3.23,43,0
2025-12-04,F001,Bananas,24,24,59,0,3.2,59,0
2025-12-04,F002,Apples,6,24,18,0,4.5,0,0
2025-12-04,FR001,Ice Cream 1L,23,54,30,0,6.5,0,1
2025-12-04,FR002,Frozen Pizza,19,37,18,0,8.0,0,0
2025-12-04,H001,Toilet Paper,18,42,24,0,8.0,0,0
2025-12-04,H002,Laundry Detergent,12,59,47,0,12.0,0,0
2025-12-04,P001,Instant Noodles,24,43,19,0,2.0,0,0
2025-12-04,P002,Rice 1kg,18,18,57,0,3.5,57,0
2025-12-04,P004,Cereal,7,53,46,0,5.0,0,0
2025-12-04,PC001,Shampoo,9,38,29,1,7.4,0,0
2025-12-04,PC002,Toothpaste,10,36,26,0,4.5,0,0
2025-12-04,S001,Potato Chips,24,31,28,0,3.0,21,0
2025-12-04,S002,Chocolate Bar,5,14,42,0,2.8,33,0
2025-12-05,B001,White Bread,34,60,26,0,3.5,0,0
2025-12-05,B002,Wholemeal Bread,19,59,39,1,2.97,0,1
2025-12-05,D001,Milk 2L,16,16,45,0,4.5,45,0
2025-12-05,D002,Eggs (12 pack),31,56,25,0,7.5,0,0
2025-12-05,D003,Butter 500g,23,50,26,0,6.0,0,1
2025-12-05,D004,Cheese 500g,8,42,34,0,8.0,0,0
2025-12-05,DR001,Bottled Water 600mL,15,16,31,0,2.5,30,0
2025-12-05,DR002,Coke 1.5L,9,25,16,1,3.03,0,0
2025-12-05,DR003,Orange Juice 2L,28,33,28,0,5.5,23,0
2025-12-05,DR004,Energy Drink 250mL,12,47,35,1,3.31,0,0
2025-12-05,F001,Bananas,59,59,46,0,3.2,46,0
2025-12-05,F002,Apples,6,18,12,0,4.5,0,0
2025-12-05,FR001,Ice Cream 1L,30,30,45,0,6.5,45,0
2025-12-05,FR002,Frozen Pizza,18,18,62,0,8.0,62,0
2025-12-05,H001,Toilet Paper,24,24,55,1,6.29,55,0
2025-12-05,H002,Laundry Detergent,12,47,35,0,12.0,0,0
2025-12-05,P001,Instant Noodles,19,19,68,0,2.0,68,0
2025-12-05,P002,Rice 1kg,31,57,26,0,3.5,0,0
2025-12-05,P004,Cereal,14,46,32,0,5.0,0,0
2025-12-05,PC001,Shampoo,8,29,21,0,9.5,0,0
2025-12-05,PC002,Toothpaste,15,26,11,0,4.5,0,0
2025-12-05,S001,Potato Chips,28,28,55,0,3.0,55,0
2025-12-05,S002,Chocolate Bar,9,42,33,1,2.31,0,0
2025-12-06,B001,White Bread,26,26,65,0,3.5,65,0
2025-12-06,B002,Wholemeal Bread,26,39,13,1,3.26,0,0
2025-12-06,D001,Milk 2L,38,45,28,0,4.5,21,0
2025-12-06,D002,Eggs (12 pack),25,25,69,1,5.9,69,0
2025-12-06,D003,Butter 500g,26,26,45,0,6.0,45,0
2025-12-06,D004,Cheese 500g,15,34,19,0,8.0,0,0
2025-12-06,DR001,Bottled Water 600mL,24,31,59,0,2.5,52,0
2025-12-06,DR002,Coke 1.5L,16,16,57,0,3.8,57,0
2025-12-06,DR003,Orange Juice 2L,27,28,51,1,4.66,50,0
2025-12-06,DR004,Energy Drink 250mL,15,35,20,1,3.24,0,0
2025-12-06,F001,Bananas,12,46,34,1,2.86,0,0
2025-12-06,F002,Apples,10,12,35,0,4.5,33,0
2025-12-06,FR001,Ice Cream 1L,27,45,18,0,6.5,0,0
2025-12-06,FR002,Frozen Pizza,24,62,38,0,8.0,0,0
2025-12-06,H001,Toilet Paper,29,55,26,0,8.0,0,0
2025-12-06,H002,Laundry Detergent,21,35,14,0,12.0,0,0
2025-12-06,P001,Instant Noodles,31,68,37,0,2.0,0,0
2025-12-06,P002,Rice 1kg,26,26,44,1,2.79,44,0
2025-12-06,P004,Cereal,18,32,14,0,5.0,0,0
2025-12-06,PC001,Shampoo,11,21,10,0,9.5,0,0
2025-12-06,PC002,Toothpaste,11,11,40,0,4.5,40,0
2025-12-06,S001,Potato Chips,36,55,19,1,2.43,0,0
2025-12-06,S002,Chocolate Bar,11,33,22,0,2.8,0,0
2025-12-07,B001,White Bread,46,65,19,1,3.09,0,0
2025-12-07,B002,Wholemeal Bread,13,13,61,0,4.0,61,0
2025-12-07,D001,Milk 2L,28,28,55,0,4.5,55,0
2025-12-07,D002,Eggs (12 pack),33,69,35,0,7.5,0,1
2025-12-07,D003,Butter 500g,32,45,13,0,6.0,0,0
2025-12-07,D004,Cheese 500g,8,19,11,0,8.0,0,0
2025-12-07,DR001,Bottled Water 600mL,15,59,44,0,2.5,0,0
2025-12-07,DR002,Coke 1.5L,16,57,41,0,3.8,0,0
2025-12-07,DR003,Orange Juice 2L,29,51,22,0,5.5,0,0
2025-12-07,DR004,Energy Drink 250mL,13,20,46,0,4.0,39,0
2025-12-07,F001,Bananas,14,34,20,0,3.2,0,0
2025-12-07,F002,Apples,35,35,43,0,4.5,43,0
2025-12-07,FR001,Ice Cream 1L,18,18,67,0,6.5,67,0
2025-12-07,FR002,Frozen Pizza,19,38,19,0,8.0,0,0
2025-12-07,H001,Toilet Paper,26,26,44,0,8.0,44,0
2025-12-07,H002,Laundry Detergent,14,14,43,0,12.0,43,0
2025-12-07,P001,Instant Noodles,35,37,43,0,2.0,41,0
2025-12-07,P002,Rice 1kg,37,44,31,0,3.5,24,0
2025-12-07,P004,Cereal,14,14,43,0,5.0,43,0
2025-12-07,PC001,Shampoo,10,10,63,0,9.5,63,0
2025-12-07,PC002,Toothpaste,17,40,23,0,4.5,0,0
2025-12-07,S001,Potato Chips,19,19,39,0,3.0,39,0
2025-12-07,S002,Chocolate Bar,8,22,14,0,2.8,0,0
2025-12-08,B001,White Bread,19,19,51,0,3.5,51,0
2025-12-08,B002,Wholemeal Bread,26,61,34,0,4.0,0,1
2025-12-08,D001,Milk 2L,39,55,16,0,4.5,0,0
2025-12-08,D002,Eggs (12 pack),20,35,15,0,7.5,0,0
2025-12-08,D003,Butter 500g,13,13,65,0,6.0,65,0
2025-12-08,D004,Cheese 500g,8,11,52,0,8.0,49,0
2025-12-08,DR001,Bottled Water 600mL,14,44,30,0,2.5,0,0
2025-12-08,DR002,Coke 1.5L,12,41,29,0,3.8,0,0
2025-12-08,DR003,Orange Juice 2L,22,22,37,0,5.5,37,0
2025-12-08,DR004,Energy Drink 250mL,10,46,36,1,3.39,0,0
2025-12-08,F001,Bananas,10,20,10,0,3.2,0,0
2025-12-08,F002,Apples,6,43,37,0,4.5,0,0
2025-12-08,FR001,Ice Cream 1L,15,67,50,1,5.78,0,2
2025-12-08,FR002,Frozen Pizza,18,19,32,0,8.0,31,0
2025-12-08,H001,Toilet Paper,19,44,25,0,8.0,0,0
2025-12-08,H002,Laundry Detergent,15,43,28,1,8.55,0,0
2025-12-08,P001,Instant Noodles,16,43,27,0,2.0,0,0
2025-12-08,P002,Rice 1kg,22,31,48,0,3.5,39,0
2025-12-08,P004,Cereal,11,43,32,0,5.0,0,0
2025-12-08,PC001,Shampoo,10,63,53,0,9.5,0,0
2025-12-08,PC002,Toothpaste,12,23,11,0,4.5,0,0
2025-12-08,S001,Potato Chips,25,39,14,0,3.0,0,0
2025-12-08,S002,Chocolate Bar,5,14,56,0,2.8,47,0
2025-12-09,B001,White Bread,35,51,16,0,3.5,0,0
2025-12-09,B002,Wholemeal Bread,21,34,13,0,4.0,0,0
2025-12-09,D001,Milk 2L,16,16,48,0,4.5,48,0
2025-12-09,D002,Eggs (12 pack),15,15,39,0,7.5,39,0
2025-12-09,D003,Butter 500g,30,65,34,0,6.0,0,1
2025-12-09,D004,Cheese 500g,7,52,43,0,8.0,0,2
2025-12-09,DR001,Bottled Water 600mL,9,30,21,0,2.5,0,0
2025-12-09,DR002,Coke 1.5L,7,29,22,0,3.8,0,0
2025-12-09,DR003,Orange Juice 2L,16,37,21,0,5.5,0,0
2025-12-09,DR004,Energy Drink 250mL,9,36,27,0,4.0,0,0
2025-12-09,F001,Bananas,8,10,48,0,3.2,46,0
2025-12-09,F002,Apples,9,37,27,0,4.5,0,1
2025-12-09,FR001,Ice Cream 1L,22,50,28,1,4.78,0,0
2025-12-09,FR002,Frozen Pizza,17,32,15,0,8.0,0,0
2025-12-09,H001,Toilet Paper,20,25,29,0,8.0,24,0
2025-12-09,H002,Laundry Detergent,14,28,14,0,12.0,0,0
2025-12-09,P001,Instant Noodles,17,27,10,0,2.0,0,0
2025-12-09,P002,Rice 1kg,26,48,22,0,3.5,0,0
2025-12-09,P004,Cereal,11,32,21,0,5.0,0,0
2025-12-09,PC001,Shampoo,9,53,44,0,9.5,0,0
2025-12-09,PC002,Toothpaste,11,11,60,0,4.5,60,0
2025-12-09,S001,Potato Chips,14,14,53,0,3.0,53,0
2025-12-09,S002,Chocolate Bar,7,56,49,0,2.8,0,0
2025-12-10,B001,White Bread,16,16,41,0,3.5,41,0
2025-12-10,B002,Wholemeal Bread,13,13,43,0,4.0,43,0
2025-12-10,D001,Milk 2L,27,48,21,1,3.91,0,0
2025-12-10,D002,Eggs (12 pack),25,39,14,0,7.5,0,0
2025-12-10,D003,Butter 500g,21,34,13,0,6.0,0,0
2025-12-10,D004,Cheese 500g,8,43,35,0,8.0,0,0
2025-12-10,DR001,Bottled Water 600mL,16,21,59,0,2.5,54,0
2025-12-10,DR002,Coke 1.5L,8,22,14,0,3.8,0,0
2025-12-10,DR003,Orange Juice 2L,21,21,56,0,5.5,56,0
2025-12-10,DR004,Energy Drink 250mL,10,27,17,0,4.0,0,0
2025-12-10,F001,Bananas,10,48,38,0,3.2,0,0
2025-12-10,F002,Apples,7,27,20,0,4.5,0,0
2025-12-10,FR001,Ice Cream 1L,24,28,48,0,6.5,44,0
2025-12-10,FR002,Frozen Pizza,15,15,51,0,8.0,51,0
2025-12-10,H001,Toilet Paper,17,29,12,0,8.0,0,0
2025-12-10,H002,Laundry Detergent,12,14,42,0,12.0,40,0
2025-12-10,P001,Instant Noodles,10,10,61,0,2.0,61,0
2025-12-10,P002,Rice 1kg,22,22,63,0,3.5,63,0
2025-12-10,P004,Cereal,10,21,11,0,5.0,0,0
2025-12-10,PC001,Shampoo,11,44,33,0,9.5,0,0
2025-12-10,PC002,Toothpaste,10,60,50,0,4.5,0,0
2025-12-10,S001,Potato Chips,19,53,34,0,3.0,0,0
2025-12-10,S002,Chocolate Bar,6,49,43,0,2.8,0,0
2025-12-11,B001,White Bread,23,41,18,0,3.5,0,0
2025-12-11,B002,Wholemeal Bread,19,43,24,0,4.0,0,0
2025-12-11,D001,Milk 2L,21,21,45,1,3.22,45,0
2025-12-11,D002,Eggs (12 pack),14,14,53,0,7.5,53,0
2025-12-11,D003,Butter 500g,13,13,48,0,6.0,48,0
2025-12-11,D004,Cheese 500g,7,35,28,0,8.0,0,0
2025-12-11,DR001,Bottled Water 600mL,11,59,48,0,2.5,0,0
2025-12-11,DR002,Coke 1.5L,13,14,31,1,3.02,30,0
2025-12-11,DR003,Orange Juice 2L,56,56,43,0,5.5,43,0
2025-12-11,DR004,Energy Drink 250mL,11,17,57,0,4.0,51,0
2025-12-11,F001,Bananas,12,38,26,0,3.2,0,0
2025-12-11,F002,Apples,7,20,13,0,4.5,0,0
2025-12-11,FR001,Ice Cream 1L,16,48,31,0,6.5,0,1
2025-12-11,FR002,Frozen Pizza,16,51,35,0,8.0,0,0
2025-12-11,H001,Toilet Paper,12,12,33,0,8.0,33,0
2025-12-11,H002,Laundry Detergent,13,42,29,0,12.0,0,0
2025-12-11,P001,Instant Noodles,15,61,46,1,1.7,0,0
2025-12-11,P002,Rice 1kg,18,63,45,0,3.5,0,0
2025-12-11,P004,Cereal,8,11,43,0,5.0,40,0
2025-12-11,PC001,Shampoo,7,33,26,0,9.5,0,0
2025-12-11,PC002,Toothpaste,12,50,38,1,3.62,0,0
2025-12-11,S001,Potato Chips,26,34,58,0,3.0,50,0
2025-12-11,S002,Chocolate Bar,4,43,39,0,2.8,0,0
2025-12-12,B001,White Bread,18,18,38,1,2.85,38,0
2025-12-12,B002,Wholemeal Bread,22,24,32,0,4.0,30,0
2025-12-12,D001,Milk 2L,44,45,48,0,4.5,47,0
2025-12-12,D002,Eggs (12 pack),20,53,32,0,7.5,0,1
2025-12-12,D003,Butter 500g,24,48,24,0,6.0,0,0
2025-12-12,D004,Cheese 500g,10,28,18,0,8.0,0,0
2025-12-12,DR001,Bottled Water 600mL,14,48,34,0,2.5,0,0
2025-12-12,DR002,Coke 1.5L,10,31,21,0,3.8,0,0
2025-12-12,DR003,Orange Juice 2L,18,43,25,1,3.99,0,0
2025-12-12,DR004,Energy Drink 250mL,16,57,41,0,4.0,0,0
2025-12-12,F001,Bananas,9,26,17,0,3.2,0,0
2025-12-12,F002,Apples,13,13,56,0,4.5,56,0
2025-12-12,FR001,Ice Cream 1L,24,31,49,1,5.29,42,0
2025-12-12,FR002,Frozen Pizza,22,35,13,0,8.0,0,0
2025-12-12,H001,Toilet Paper,19,33,14,0,8.0,0,0
2025-12-12,H002,Laundry Detergent,18,29,11,0,12.0,0,0
2025-12-12,P001,Instant Noodles,21,46,25,0,2.0,0,0
2025-12-12,P002,Rice 1kg,28,45,17,0,3.5,0,0
2025-12-12,P004,Cereal,13,43,30,0,5.0,0,0
2025-12-12,PC001,Shampoo,9,26,17,0,9.5,0,0
2025-12-12,PC002,Toothpaste,9,38,29,0,4.5,0,0
2025-12-12,S001,Potato Chips,32,58,26,1,2.14,0,0
2025-12-12,S002,Chocolate Bar,9,39,30,1,2.05,0,0
2025-12-13,B001,White Bread,38,38,57,0,3.5,57,0
2025-12-13,B002,Wholemeal Bread,32,32,35,0,4.0,35,0
2025-12-13,D001,Milk 2L,48,48,57,0,4.5,57,0
2025-12-13,D002,Eggs (12 pack),32,32,63,0,7.5,63,0
2025-12-13,D003,Butter 500g,24,24,66,0,6.0,66,0
2025-12-13,D004,Cheese 500g,10,18,42,0,8.0,34,0
2025-12-13,DR001,Bottled Water 600mL,15,34,19,0,2.5,0,0
2025-12-13,DR002,Coke 1.5L,20,21,57,0,3.8,56,0
2025-12-13,DR003,Orange Juice 2L,25,25,43,1,4.51,43,0
2025-12-13,DR004,Energy Drink 250mL,14,41,27,1,3.21,0,0
2025-12-13,F001,Bananas,16,17,35,0,3.2,34,0
2025-12-13,F002,Apples,9,56,46,0,4.5,0,1
2025-12-13,FR001,Ice Cream 1L,25,49,24,0,6.5,0,0
2025-12-13,FR002,Frozen Pizza,13,13,46,1,6.91,46,0
2025-12-13,H001,Toilet Paper,14,14,35,0,8.0,35,0
2025-12-13,H002,Laundry Detergent,11,11,37,0,12.0,37,0
2025-12-13,P001,Instant Noodles,25,25,54,0,2.0,54,0
2025-12-13,P002,Rice 1kg,17,17,38,0,3.5,38,0
2025-12-13,P004,Cereal,19,30,11,0,5.0,0,0
2025-12-13,PC001,Shampoo,16,17,23,0,9.5,22,0
2025-12-13,PC002,Toothpaste,16,29,13,0,4.5,0,0
2025-12-13,S001,Potato Chips,26,26,64,0,3.0,64,0
2025-12-13,S002,Chocolate Bar,11,30,19,1,2.14,0,0
2025-12-14,B001,White Bread,39,57,18,0,3.5,0,0
2025-12-14,B002,Wholemeal Bread,35,35,37,1,3.0,37,0
2025-12-14,D001,Milk 2L,37,57,20,0,4.5,0,0
2025-12-14,D002,Eggs (12 pack),29,63,34,0,7.5,0,0
2025-12-14,D003,Butter 500g,29,66,36,0,6.0,0,1
2025-12-14,D004,Cheese 500g,12,42,30,0,8.0,0,0
2025-12-14,DR001,Bottled Water 600mL,19,19,66,0,2.5,66,0
2025-12-14,DR002,Coke 1.5L,18,57,39,0,3.8,0,0
2025-12-14,DR003,Orange Juice 2L,41,43,53,0,5.5,51,0
2025-12-14,DR004,Energy Drink 250mL,17,27,10,0,4.0,0,0
2025-12-14,F001,Bananas,17,35,18,0,3.2,0,0
2025-12-14,F002,Apples,13,46,33,0,4.5,0,0
2025-12-14,FR001,Ice Cream 1L,24,24,43,0,6.5,43,0
2025-12-14,FR002,Frozen Pizza,26,46,20,0,8.0,0,0
2025-12-14,H001,Toilet Paper,20,35,15,0,8.0,0,0
2025-12-14,H002,Laundry Detergent,24,37,13,0,12.0,0,0
2025-12-14,P001,Instant Noodles,28,54,26,0,2.0,0,0
2025-12-14,P002,Rice 1kg,38,38,57,0,3.5,57,0
2025-12-14,P004,Cereal,11,11,60,0,5.0,60,0
2025-12-14,PC001,Shampoo,12,23,11,0,9.5,0,0
2025-12-14,PC002,Toothpaste,13,13,32,0,4.5,32,0
2025-12-14,S001,Potato Chips,43,64,21,0,3.0,0,0
2025-12-14,S002,Chocolate Bar,8,19,11,0,2.8,0,0
2025-12-15,B001,White Bread,18,18,39,0,3.5,39,0
2025-12-15,B002,Wholemeal Bread,17,37,20,1,3.0,0,0
2025-12-15,D001,Milk 2L,20,20,43,0,4.5,43,0
2025-12-15,D002,Eggs (12 pack),26,34,51,0,7.5,43,0
2025-12-15,D003,Butter 500g,24,36,12,0,6.0,0,0
2025-12-15,D004,Cheese 500g,6,30,24,0,8.0,0,0
2025-12-15,DR001,Bottled Water 600mL,17,66,49,0,2.5,0,0
2025-12-15,DR002,Coke 1.5L,8,39,31,0,3.8,0,0
2025-12-15,DR003,Orange Juice 2L,15,53,37,1,4.22,0,1
2025-12-15,DR004,Energy Drink 250mL,9,10,60,0,4.0,59,0
2025-12-15,F001,Bananas,13,18,54,1,2.84,49,0
2025-12-15,F002,Apples,8,33,25,0,4.5,0,0
2025-12-15,FR001,Ice Cream 1L,20,43,23,0,6.5,0,0
2025-12-15,FR002,Frozen Pizza,14,20,43,0,8.0,37,0
2025-12-15,H001,Toilet Paper,15,15,41,0,8.0,41,0
2025-12-15,H002,Laundry Detergent,13,13,34,0,12.0,34,0
2025-12-15,P001,Instant Noodles,19,26,32,0,2.0,25,0
2025-12-15,P002,Rice 1kg,30,57,27,0,3.5,0,0
2025-12-15,P004,Cereal,11,60,49,0,5.0,0,0
2025-12-15,PC001,Shampoo,7,11,25,1,8.37,21,0
2025-12-15,PC002,Toothpaste,12,32,20,0,4.5,0,0
2025-12-15,S001,Potato Chips,20,21,47,1,2.6,46,0
2025-12-15,S002,Chocolate Bar,6,11,53,0,2.8,48,0
2025-12-16,B001,White Bread,28,39,11,0,3.5,0,0
2025-12-16,B002,Wholemeal Bread,19,20,50,0,4.0,49,0
2025-12-16,D001,Milk 2L,38,43,43,0,4.5,38,0
2025-12-16,D002,Eggs (12 pack),20,51,31,0,7.5,0,0
2025-12-16,D003,Butter 500g,12,12,48,0,6.0,48,0
2025-12-16,D004,Cheese 500g,7,24,17,0,8.0,0,0
2025-12-16,DR001,Bottled Water 600mL,9,49,40,1,1.83,0,0
2025-12-16,DR002,Coke 1.5L,8,31,23,0,3.8,0,0
2025-12-16,DR003,Orange Juice 2L,25,37,12,0,5.5,0,0
2025-12-16,DR004,Energy Drink 250mL,11,60,49,0,4.0,0,0
2025-12-16,F001,Bananas,14,54,40,0,3.2,0,0
2025-12-16,F002,Apples,6,25,19,0,4.5,0,0
2025-12-16,FR001,Ice Cream 1L,18,23,50,0,6.5,45,0
2025-12-16,FR002,Frozen Pizza,16,43,26,0,8.0,0,1
2025-12-16,H001,Toilet Paper,16,41,25,0,8.0,0,0
2025-12-16,H002,Laundry Detergent,10,34,24,0,12.0,0,0
2025-12-16,P001,Instant Noodles,23,32,53,0,2.0,44,0
2025-12-16,P002,Rice 1kg,17,27,10,1,3.06,0,0
2025-12-16,P004,Cereal,12,49,37,0,5.0,0,0
2025-12-16,PC001,Shampoo,11,25,14,0,9.5,0,0
2025-12-16,PC002,Toothpaste,8,20,12,1,3.73,0,0
2025-12-16,S001,Potato Chips,19,47,28,0,3.0,0,0
2025-12-16,S002,Chocolate Bar,6,53,47,0,2.8,0,0
2025-12-17,B001,White Bread,11,11,52,0,3.5,52,0
2025-12-17,B002,Wholemeal Bread,21,50,28,0,4.0,0,1
2025-12-17,D001,Milk 2L,36,43,43,0,4.5,36,0
2025-12-17,D002,Eggs (12 pack),16,31,15,0,7.5,0,0
2025-12-17,D003,Butter 500g,18,48,30,0,6.0,0,0
2025-12-17,D004,Cheese 500g,9,17,50,0,8.0,42,0
2025-12-17,DR001,Bottled Water 600mL,12,40,28,0,2.5,0,0
2025-12-17,DR002,Coke 1.5L,12,23,11,0,3.8,0,0
2025-12-17,DR003,Orange Juice 2L,12,12,45,0,5.5,45,0
2025-12-17,DR004,Energy Drink 250mL,7,49,42,1,2.99,0,0
2025-12-17,F001,Bananas,14,40,25,0,3.2,0,1
2025-12-17,F002,Apples,9,19,10,0,4.5,0,0
2025-12-17,FR001,Ice Cream 1L,25,50,25,0,6.5,0,0
2025-12-17,FR002,Frozen Pizza,13,26,13,0,8.0,0,0
2025-12-17,H001,Toilet Paper,15,25,10,1,5.81,0,0
2025-12-17,H002,Laundry Detergent,14,24,10,0,12.0,0,0
2025-12-17,P001,Instant Noodles,20,53,33,0,2.0,0,0
2025-12-17,P002,Rice 1kg,10,10,42,0,3.5,42,0
2025-12-17,P004,Cereal,11,37,26,1,3.93,0,0
2025-12-17,PC001,Shampoo,8,14,55,0,9.5,49,0
2025-12-17,PC002,Toothpaste,12,12,35,0,4.5,35,0
2025-12-17,S001,Potato Chips,19,28,47,0,3.0,38,0
2025-12-17,S002,Chocolate Bar,7,47,40,0,2.8,0,0
2025-12-18,B001,White Bread,21,52,31,0,3.5,0,0
2025-12-18,B002,Wholemeal Bread,19,28,29,0,4.0,20,0
2025-12-18,D001,Milk 2L,32,43,11,1,3.63,0,0
2025-12-18,D002,Eggs (12 pack),15,15,59,0,7.5,59,0
2025-12-18,D003,Butter 500g,19,30,11,0,6.0,0,0
2025-12-18,D004,Cheese 500g,5,50,44,0,8.0,0,1
2025-12-18,DR001,Bottled Water 600mL,17,28,11,0,2.5,0,0
2025-12-18,DR002,Coke 1.5L,10,11,60,0,3.8,59,0
2025-12-18,DR003,Orange Juice 2L,20,45,25,0,5.5,0,0
2025-12-18,DR004,Energy Drink 250mL,11,42,31,0,4.0,0,0
2025-12-18,F001,Bananas,11,25,14,0,3.2,0,0
2025-12-18,F002,Apples,6,10,63,0,4.5,59,0
2025-12-18,FR001,Ice Cream 1L,25,25,31,0,6.5,31,0
2025-12-18,FR002,Frozen Pizza,13,13,36,0,8.0,36,0
2025-12-18,H001,Toilet Paper,10,10,68,1,6.65,68,0
2025-12-18,H002,Laundry Detergent,10,10,67,1,8.48,67,0
2025-12-18,P001,Instant Noodles,14,33,19,0,2.0,0,0
2025-12-18,P002,Rice 1kg,24,42,18,0,3.5,0,0
2025-12-18,P004,Cereal,9,26,17,1,4.15,0,0
2025-12-18,PC001,Shampoo,8,55,47,1,8.02,0,0
2025-12-18,PC002,Toothpaste,9,35,26,0,4.5,0,0
2025-12-18,S001,Potato Chips,26,47,21,1,2.59,0,0
2025-12-18,S002,Chocolate Bar,6,40,34,0,2.8,0,0
2025-12-19,B001,White Bread,31,31,42,0,3.5,42,0
2025-12-19,B002,Wholemeal Bread,21,29,36,0,4.0,28,0
2025-12-19,D001,Milk 2L,11,11,69,0,4.5,69,0
2025-12-19,D002,Eggs (12 pack),27,59,32,0,7.5,0,0
2025-12-19,D003,Butter 500g,11,11,46,0,6.0,46,0
2025-12-19,D004,Cheese 500g,12,44,32,0,8.0,0,0
2025-12-19,DR001,Bottled Water 600mL,11,11,44,0,2.5,44,0
2025-12-19,DR002,Coke 1.5L,15,60,45,1,2.97,0,0
2025-12-19,DR003,Orange Juice 2L,25,25,45,0,5.5,45,0
2025-12-19,DR004,Energy Drink 250mL,12,31,19,0,4.0,0,0
2025-12-19,F001,Bananas,14,14,64,1,2.37,64,0
2025-12-19,F002,Apples,10,63,53,0,4.5,0,0
2025-12-19,FR001,Ice Cream 1L,24,31,60,0,6.5,53,0
2025-12-19,FR002,Frozen Pizza,23,36,13,0,8.0,0,0
2025-12-19,H001,Toilet Paper,19,68,49,0,8.0,0,0
2025-12-19,H002,Laundry Detergent,18,67,49,0,12.0,0,0
2025-12-19,P001,Instant Noodles,19,19,56,0,2.0,56,0
2025-12-19,P002,Rice 1kg,18,18,45,0,3.5,45,0
2025-12-19,P004,Cereal,14,17,56,0,5.0,53,0
2025-12-19,PC001,Shampoo,10,47,37,0,9.5,0,0
2025-12-19,PC002,Toothpaste,9,26,17,0,4.5,0,0
2025-12-19,S001,Potato Chips,21,21,67,1,2.37,67,0
2025-12-19,S002,Chocolate Bar,8,34,26,0,2.8,0,0
2025-12-20,B001,White Bread,42,42,61,1,2.62,61,0
2025-12-20,B002,Wholemeal Bread,22,36,14,0,4.0,0,0
2025-12-20,D001,Milk 2L,45,69,23,0,4.5,0,1
2025-12-20,D002,Eggs (12 pack),32,32,53,0,7.5,53,0
2025-12-20,D003,Butter 500g,28,46,18,0,6.0,0,0
2025-12-20,D004,Cheese 500g,9,32,23,1,7.13,0,0
2025-12-20,DR001,Bottled Water 600mL,14,44,30,0,2.5,0,0
2025-12-20,DR002,Coke 1.5L,14,45,31,0,3.8,0,0
2025-12-20,DR003,Orange Juice 2L,38,45,57,0,5.5,50,0
2025-12-20,DR004,Energy Drink 250mL,16,19,35,0,4.0,32,0
2025-12-20,F001,Bananas,13,64,50,0,3.2,0,1
2025-12-20,F002,Apples,10,53,43,0,4.5,0,0
2025-12-20,FR001,Ice Cream 1L,30,60,29,1,5.54,0,1
2025-12-20,FR002,Frozen Pizza,13,13,52,0,8.0,52,0
2025-12-20,H001,Toilet Paper,20,49,29,1,6.78,0,0
2025-12-20,H002,Laundry Detergent,20,49,29,0,12.0,0,0
2025-12-20,P001,Instant Noodles,22,56,34,0,2.0,0,0
2025-12-20,P002,Rice 1kg,26,45,19,0,3.5,0,0
2025-12-20,P004,Cereal,13,56,43,0,5.0,0,0
2025-12-20,PC001,Shampoo,11,37,26,0,9.5,0,0
2025-12-20,PC002,Toothpaste,17,17,36,0,4.5,36,0
2025-12-20,S001,Potato Chips,39,67,28,0,3.0,0,0
2025-12-20,S002,Chocolate Bar,8,26,18,0,2.8,0,0
2025-12-21,B001,White Bread,44,61,17,0,3.5,0,0
2025-12-21,B002,Wholemeal Bread,14,14,42,0,4.0,42,0
2025-12-21,D001,Milk 2L,23,23,51,0,4.5,51,0
2025-12-21,D002,Eggs (12 pack),37,53,16,0,7.5,0,0
2025-12-21,D003,Butter 500g,18,18,34,0,6.0,34,0
2025-12-21,D004,Cheese 500g,15,23,44,0,8.0,36,0
2025-12-21,DR001,Bottled Water 600mL,22,30,48,1,1.98,40,0
2025-12-21,DR002,Coke 1.5L,17,31,14,0,3.8,0,0
2025-12-21,DR003,Orange Juice 2L,23,57,34,0,5.5,0,0
2025-12-21,DR004,Energy Drink 250mL,15,35,20,1,3.51,0,0
2025-12-21,F001,Bananas,12,50,38,0,3.2,0,0
2025-12-21,F002,Apples,10,43,33,0,4.5,0,0
2025-12-21,FR001,Ice Cream 1L,29,29,54,0,6.5,54,0
2025-12-21,FR002,Frozen Pizza,52,52,53,0,8.0,53,0
2025-12-21,H001,Toilet Paper,27,29,50,1,6.79,48,0
2025-12-21,H002,Laundry Detergent,18,29,11,0,12.0,0,0
2025-12-21,P001,Instant Noodles,26,34,44,0,2.0,36,0
2025-12-21,P002,Rice 1kg,19,19,44,1,2.83,44,0
2025-12-21,P004,Cereal,11,43,32,1,4.21,0,0
2025-12-21,PC001,Shampoo,9,26,17,0,9.5,0,0
2025-12-21,PC002,Toothpaste,18,36,18,0,4.5,0,0
2025-12-21,S001,Potato Chips,28,28,59,0,3.0,59,0
2025-12-21,S002,Chocolate Bar,7,18,11,0,2.8,0,0
2025-12-22,B001,White Bread,17,17,64,0,3.5,64,0
2025-12-22,B002,Wholemeal Bread,18,42,24,0,4.0,0,0
2025-12-22,D001,Milk 2L,25,51,26,0,4.5,0,0
2025-12-22,D002,Eggs (12 pack),16,16,38,0,7.5,38,0
2025-12-22,D003,Butter 500g,26,34,36,0,6.0,28,0
2025-12-22,D004,Cheese 500g,8,44,36,0,8.0,0,0
2025-12-22,DR001,Bottled Water 600mL,15,48,33,1,1.81,0,0
2025-12-22,DR002,Coke 1.5L,9,14,38,0,3.8,33,0
2025-12-22,DR003,Orange Juice 2L,21,34,13,1,4.52,0,0
2025-12-22,DR004,Energy Drink 250mL,8,20,12,0,4.0,0,0
2025-12-22,F001,Bananas,9,38,28,1,2.38,0,1
2025-12-22,F002,Apples,5,33,28,0,4.5,0,0
2025-12-22,FR001,Ice Cream 1L,22,54,32,1,5.56,0,0
2025-12-22,FR002,Frozen Pizza,18,53,35,1,6.78,0,0
2025-12-22,H001,Toilet Paper,12,50,38,0,8.0,0,0
2025-12-22,H002,Laundry Detergent,11,11,39,1,9.53,39,0
2025-12-22,P001,Instant Noodles,15,44,29,0,2.0,0,0
2025-12-22,P002,Rice 1kg,28,44,16,0,3.5,0,0
2025-12-22,P004,Cereal,8,32,24,0,5.0,0,0
2025-12-22,PC001,Shampoo,7,17,10,0,9.5,0,0
2025-12-22,PC002,Toothpaste,12,18,45,0,4.5,39,0
2025-12-22,S001,Potato Chips,18,59,41,0,3.0,0,0
2025-12-22,S002,Chocolate Bar,4,11,58,1,2.25,51,0
2025-12-23,B001,White Bread,64,64,69,0,3.5,69,0
2025-12-23,B002,Wholemeal Bread,24,24,54,0,4.0,54,0
2025-12-23,D001,Milk 2L,26,26,57,0,4.5,57,0
2025-12-23,D002,Eggs (12 pack),19,38,19,0,7.5,0,0
2025-12-23,D003,Butter 500g,17,36,19,0,6.0,0,0
2025-12-23,D004,Cheese 500g,7,36,28,0,8.0,0,1
2025-12-23,DR001,Bottled Water 600mL,26,33,54,0,2.5,47,0
2025-12-23,DR002,Coke 1.5L,10,38,28,0,3.8,0,0
2025-12-23,DR003,Orange Juice 2L,13,13,61,0,5.5,61,0
2025-12-23,DR004,Energy Drink 250mL,12,12,52,1,3.54,52,0
2025-12-23,F001,Bananas,10,28,18,0,3.2,0,0
2025-12-23,F002,Apples,7,28,21,1,3.36,0,0
2025-12-23,FR001,Ice Cream 1L,24,32,53,0,6.5,45,0
2025-12-23,FR002,Frozen Pizza,17,35,18,0,8.0,0,0
2025-12-23,H001,Toilet Paper,18,38,20,0,8.0,0,0
2025-12-23,H002,Laundry Detergent,11,39,28,0,12.0,0,0
2025-12-23,P001,Instant Noodles,15,29,14,0,2.0,0,0
2025-12-23,P002,Rice 1kg,16,16,69,0,3.5,69,0
2025-12-23,P004,Cereal,9,24,15,0,5.0,0,0
2025-12-23,PC001,Shampoo,9,10,36,1,7.74,35,0
2025-12-23,PC002,Toothpaste,12,45,33,1,3.19,0,0
2025-12-23,S001,Potato Chips,26,41,15,0,3.0,0,0
2025-12-23,S002,Chocolate Bar,5,58,53,0,2.8,0,0
2025-12-24,B001,White Bread,16,69,53,0,3.5,0,0
2025-12-24,B002,Wholemeal Bread,11,54,41,0,4.0,0,2
2025-12-24,D001,Milk 2L,24,57,33,0,4.5,0,0
2025-12-24,D002,Eggs (12 pack),17,19,57,0,7.5,55,0
2025-12-24,D003,Butter 500g,19,19,54,0,6.0,54,0
2025-12-24,D004,Cheese 500g,5,28,23,1,6.56,0,0
2025-12-24,DR001,Bottled Water 600mL,43,54,11,1,2.1,0,0
2025-12-24,DR002,Coke 1.5L,8,28,20,0,3.8,0,0
2025-12-24,DR003,Orange Juice 2L,61,61,53,0,5.5,53,0
2025-12-24,DR004,Energy Drink 250mL,6,52,46,0,4.0,0,0
2025-12-24,F001,Bananas,7,18,11,1,2.67,0,0
2025-12-24,F002,Apples,4,21,17,0,4.5,0,0
2025-12-24,FR001,Ice Cream 1L,16,53,37,0,6.5,0,0
2025-12-24,FR002,Frozen Pizza,8,18,10,0,8.0,0,0
2025-12-24,H001,Toilet Paper,12,20,29,0,8.0,21,0
2025-12-24,H002,Laundry Detergent,12,28,16,0,12.0,0,0
2025-12-24,P001,Instant Noodles,11,14,41,0,2.0,38,0
2025-12-24,P002,Rice 1kg,14,69,55,0,3.5,0,0
2025-12-24,P004,Cereal,7,15,58,0,5.0,50,0
2025-12-24,PC001,Shampoo,7,36,29,0,9.5,0,0
2025-12-24,PC002,Toothpaste,6,33,27,1,3.83,0,0
2025-12-24,S001,Potato Chips,14,15,50,0,3.0,49,0
2025-12-24,S002,Chocolate Bar,5,53,48,0,2.8,0,0
2025-12-25,B001,White Bread,6,53,47,1,3.12,0,0
2025-12-25,B002,Wholemeal Bread,4,41,36,0,4.0,0,1
2025-12-25,D001,Milk 2L,11,33,22,0,4.5,0,0
2025-12-25,D002,Eggs (12 pack),6,57,50,0,7.5,0,1
2025-12-25,D003,Butter 500g,6,54,48,0,6.0,0,0
2025-12-25,D004,Cheese 500g,1,23,22,0,8.0,0,0
2025-12-25,DR001,Bottled Water 600mL,8,11,59,0,2.5,56,0
2025-12-25,DR002,Coke 1.5L,3,20,17,1,2.83,0,0
2025-12-25,DR003,Orange Juice 2L,4,53,49,0,5.5,0,0
2025-12-25,DR004,Energy Drink 250mL,2,46,44,1,3.27,0,0
2025-12-25,F001,Bananas,11,11,57,0,3.2,57,0
2025-12-25,F002,Apples,2,17,15,0,4.5,0,0
2025-12-25,FR001,Ice Cream 1L,5,37,32,0,6.5,0,0
2025-12-25,FR002,Frozen Pizza,4,10,28,0,8.0,22,0
2025-12-25,H001,Toilet Paper,3,29,26,0,8.0,0,0
2025-12-25,H002,Laundry Detergent,2,16,14,0,12.0,0,0
2025-12-25,P001,Instant Noodles,4,41,37,0,2.0,0,0
2025-12-25,P002,Rice 1kg,4,55,51,0,3.5,0,0
2025-12-25,P004,Cereal,1,58,57,0,5.0,0,0
2025-12-25,PC001,Shampoo,2,29,27,0,9.5,0,0
2025-12-25,PC002,Toothpaste,2,27,25,0,4.5,0,0
2025-12-25,S001,Potato Chips,5,50,45,0,3.0,0,0
2025-12-25,S002,Chocolate Bar,1,48,47,0,2.8,0,0
2025-12-26,B001,White Bread,40,47,43,0,3.5,36,0
2025-12-26,B002,Wholemeal Bread,28,36,33,0,4.0,25,0
2025-12-26,D001,Milk 2L,22,22,33,1,4.02,33,0
2025-12-26,D002,Eggs (12 pack),36,50,14,0,7.5,0,0
2025-12-26,D003,Butter 500g,28,48,20,0,6.0,0,0
2025-12-26,D004,Cheese 500g,9,22,13,0,8.0,0,0
2025-12-26,DR001,Bottled Water 600mL,17,59,42,0,2.5,0,0
2025-12-26,DR002,Coke 1.5L,12,17,62,0,3.8,57,0
2025-12-26,DR003,Orange Juice 2L,22,49,27,0,5.5,0,0
2025-12-26,DR004,Energy Drink 250mL,11,44,33,1,3.0,0,0
2025-12-26,F001,Bananas,17,57,40,0,3.2,0,0
2025-12-26,F002,Apples,10,15,44,1,3.24,39,0
2025-12-26,FR001,Ice Cream 1L,31,32,43,0,6.5,42,0
2025-12-26,FR002,Frozen Pizza,22,28,49,0,8.0,43,0
2025-12-26,H001,Toilet Paper,19,26,50,0,8.0,43,0
2025-12-26,H002,Laundry Detergent,14,14,38,0,12.0,38,0
2025-12-26,P001,Instant Noodles,29,37,29,1,1.78,21,0
2025-12-26,P002,Rice 1kg,35,51,16,1,2.54,0,0
2025-12-26,P004,Cereal,14,57,43,0,5.0,0,0
2025-12-26,PC001,Shampoo,14,27,13,0,9.5,0,0
2025-12-26,PC002,Toothpaste,16,25,35,0,4.5,26,0
2025-12-26,S001,Potato Chips,23,45,22,0,3.0,0,0
2025-12-26,S002,Chocolate Bar,8,47,39,1,2.29,0,0
2025-12-27,B001,White Bread,43,43,48,0,3.5,48,0
2025-12-27,B002,Wholemeal Bread,33,33,64,0,4.0,64,0
2025-12-27,D001,Milk 2L,33,33,34,0,4.5,34,0
2025-12-27,D002,Eggs (12 pack),14,14,62,0,7.5,62,0
2025-12-27,D003,Butter 500g,20,20,50,0,6.0,50,0
2025-12-27,D004,Cheese 500g,13,13,38,0,8.0,38,0
2025-12-27,DR001,Bottled Water 600mL,24,42,18,0,2.5,0,0
2025-12-27,DR002,Coke 1.5L,24,62,38,0,3.8,0,0
2025-12-27,DR003,Orange Juice 2L,27,27,54,0,5.5,54,0
2025-12-27,DR004,Energy Drink 250mL,23,33,10,1,3.24,0,0
2025-12-27,F001,Bananas,22,40,18,0,3.2,0,0
2025-12-27,F002,Apples,16,44,27,0,4.5,0,1
2025-12-27,FR001,Ice Cream 1L,38,43,62,0,6.5,57,0
2025-12-27,FR002,Frozen Pizza,27,49,22,0,8.0,0,0
2025-12-27,H001,Toilet Paper,40,50,10,0,8.0,0,0
2025-12-27,H002,Laundry Detergent,24,38,14,1,8.48,0,0
2025-12-27,P001,Instant Noodles,29,29,56,0,2.0,56,0
2025-12-27,P002,Rice 1kg,16,16,54,0,3.5,54,0
2025-12-27,P004,Cereal,14,43,29,0,5.0,0,0
2025-12-27,PC001,Shampoo,13,13,42,0,9.5,42,0
2025-12-27,PC002,Toothpaste,22,35,13,1,3.96,0,0
2025-12-27,S001,Potato Chips,22,22,42,0,3.0,42,0
2025-12-27,S002,Chocolate Bar,12,39,27,1,2.23,0,0
2025-12-28,B001,White Bread,48,48,35,1,2.89,35,0
2025-12-28,B002,Wholemeal Bread,23,64,40,0,4.0,0,1
2025-12-28,D001,Milk 2L,34,34,61,0,4.5,61,0
2025-12-28,D002,Eggs (12 pack),26,62,35,0,7.5,0,1
2025-12-28,D003,Butter 500g,39,50,11,0,6.0,0,0
2025-12-28,D004,Cheese 500g,9,38,28,0,8.0,0,1
2025-12-28,DR001,Bottled Water 600mL,18,18,60,0,2.5,60,0
2025-12-28,DR002,Coke 1.5L,14,38,24,1,2.77,0,0
2025-12-28,DR003,Orange Juice 2L,31,54,23,0,5.5,0,0
2025-12-28,DR004,Energy Drink 250mL,10,10,42,1,3.05,42,0
2025-12-28,F001,Bananas,18,18,55,0,3.2,55,0
2025-12-28,F002,Apples,12,27,15,0,4.5,0,0
2025-12-28,FR001,Ice Cream 1L,41,62,20,0,6.5,0,1
2025-12-28,FR002,Frozen Pizza,20,22,55,0,8.0,53,0
2025-12-28,H001,Toilet Paper,10,10,58,1,6.56,58,0
2025-12-28,H002,Laundry Detergent,14,14,69,0,12.0,69,0
2025-12-28,P001,Instant Noodles,20,56,36,0,2.0,0,0
2025-12-28,P002,Rice 1kg,31,54,23,0,3.5,0,0
2025-12-28,P004,Cereal,14,29,15,0,5.0,0,0
2025-12-28,PC001,Shampoo,12,42,30,0,9.5,0,0
2025-12-28,PC002,Toothpaste,12,13,34,0,4.5,33,0
2025-12-28,S001,Potato Chips,42,42,42,0,3.0,42,0
2025-12-28,S002,Chocolate Bar,8,27,19,1,2.11,0,0
2025-12-29,B001,White Bread,22,35,13,1,2.97,0,0
2025-12-29,B002,Wholemeal Bread,24,40,16,0,4.0,0,0
2025-12-29,D001,Milk 2L,61,61,69,0,4.5,69,0
2025-12-29,D002,Eggs (12 pack),16,35,19,0,7.5,0,0
2025-12-29,D003,Butter 500g,11,11,33,1,4.95,33,0
2025-12-29,D004,Cheese 500g,6,28,21,0,8.0,0,1
2025-12-29,DR001,Bottled Water 600mL,15,60,45,0,2.5,0,0
2025-12-29,DR002,Coke 1.5L,9,24,15,0,3.8,0,0
2025-12-29,DR003,Orange Juice 2L,20,23,34,0,5.5,31,0
2025-12-29,DR004,Energy Drink 250mL,10,42,32,0,4.0,0,0
2025-12-29,F001,Bananas,8,55,45,0,3.2,0,2
2025-12-29,F002,Apples,9,15,47,0,4.5,41,0
2025-12-29,FR001,Ice Cream 1L,20,20,69,0,6.5,69,0
2025-12-29,FR002,Frozen Pizza,16,55,38,0,8.0,0,1
2025-12-29,H001,Toilet Paper,58,58,41,0,8.0,41,0
2025-12-29,H002,Laundry Detergent,11,69,58,0,12.0,0,0
2025-12-29,P001,Instant Noodles,22,36,14,0,2.0,0,0
2025-12-29,P002,Rice 1kg,23,23,44,0,3.5,44,0
2025-12-29,P004,Cereal,9,15,41,1,4.39,35,0
2025-12-29,PC001,Shampoo,9,30,21,0,9.5,0,0
2025-12-29,PC002,Toothpaste,13,34,21,0,4.5,0,0
2025-12-29,S001,Potato Chips,17,42,25,0,3.0,0,0
2025-12-29,S002,Chocolate Bar,6,19,13,0,2.8,0,0
2025-12-30,B001,White Bread,13,13,52,1,2.75,52,0
2025-12-30,B002,Wholemeal Bread,14,16,60,1,3.25,58,0
2025-12-30,D001,Milk 2L,25,69,44,0,4.5,0,0
2025-12-30,D002,Eggs (12 pack),16,19,55,0,7.5,52,0
2025-12-30,D003,Butter 500g,18,33,15,1,4.4,0,0
2025-12-30,D004,Cheese 500g,9,21,12,0,8.0,0,0
2025-12-30,DR001,Bottled Water 600mL,13,45,32,0,2.5,0,0
2025-12-30,DR002,Coke 1.5L,9,15,40,0,3.8,34,0
2025-12-30,DR003,Orange Juice 2L,24,34,10,0,5.5,0,0
2025-12-30,DR004,Energy Drink 250mL,13,32,19,0,4.0,0,0
2025-12-30,F001,Bananas,11,45,33,0,3.2,0,1
2025-12-30,F002,Apples,7,47,39,1,3.19,0,1
2025-12-30,FR001,Ice Cream 1L,19,69,49,1,4.57,0,1
2025-12-30,FR002,Frozen Pizza,13,38,25,1,6.5,0,0
2025-12-30,H001,Toilet Paper,15,41,26,0,8.0,0,0
2025-12-30,H002,Laundry Detergent,17,58,41,0,12.0,0,0
2025-12-30,P001,Instant Noodles,14,14,48,0,2.0,48,0
2025-12-30,P002,Rice 1kg,29,44,15,0,3.5,0,0
2025-12-30,P004,Cereal,7,41,34,0,5.0,0,0
2025-12-30,PC001,Shampoo,21,21,43,0,9.5,43,0
2025-12-30,PC002,Toothpaste,12,21,46,0,4.5,37,0
2025-12-30,S001,Potato Chips,25,25,37,0,3.0,37,0
2025-12-30,S002,Chocolate Bar,6,13,60,0,2.8,53,0
2025-12-31,B001,White Bread,12,52,39,0,3.5,0,1
2025-12-31,B002,Wholemeal Bread,9,60,49,0,4.0,0,2
2025-12-31,D001,Milk 2L,18,44,26,0,4.5,0,0
2025-12-31,D002,Eggs (12 pack),55,55,41,0,7.5,41,0
2025-12-31,D003,Butter 500g,15,15,51,0,6.0,51,0
2025-12-31,D004,Cheese 500g,5,12,30,0,8.0,23,0
2025-12-31,DR001,Bottled Water 600mL,5,32,27,1,1.88,0,0
2025-12-31,DR002,Coke 1.5L,5,40,35,0,3.8,0,0
2025-12-31,DR003,Orange Juice 2L,10,10,67,0,5.5,67,0
2025-12-31,DR004,Energy Drink 250mL,3,19,16,0,4.0,0,0
2025-12-31,F001,Bananas,4,33,28,0,3.2,0,1
2025-12-31,F002,Apples,2,39,37,0,4.5,0,0
2025-12-31,FR001,Ice Cream 1L,14,49,35,0,6.5,0,0
2025-12-31,FR002,Frozen Pizza,6,25,19,0,8.0,0,0
2025-12-31,H001,Toilet Paper,7,26,19,0,8.0,0,0
2025-12-31,H002,Laundry Detergent,6,41,35,0,12.0,0,0
2025-12-31,P001,Instant Noodles,7,48,41,0,2.0,0,0
2025-12-31,P002,Rice 1kg,9,15,29,0,3.5,23,0
2025-12-31,P004,Cereal,3,34,31,0,5.0,0,0
2025-12-31,PC001,Shampoo,3,43,40,0,9.5,0,0
2025-12-31,PC002,Toothpaste,6,46,40,0,4.5,0,0
2025-12-31,S001,Potato Chips,10,37,27,0,3.0,0,0
2025-12-31,S002,Chocolate Bar,3,60,57,1,2.26,0,0
2026-01-01,B001,White Bread,8,39,31,0,3.5,0,0
2026-01-01,B002,Wholemeal Bread,6,49,42,0,4.0,0,1
2026-01-01,D001,Milk 2L,10,26,16,0,4.5,0,0
2026-01-01,D002,Eggs (12 pack),9,41,32,0,7.5,0,0
2026-01-01,D003,Butter 500g,9,51,42,0,6.0,0,0
2026-01-01,D004,Cheese 500g,2,30,28,0,8.0,0,0
2026-01-01,DR001,Bottled Water 600mL,5,27,22,0,2.5,0,0
2026-01-01,DR002,Coke 1.5L,5,35,30,0,3.8,0,0
2026-01-01,DR003,Orange Juice 2L,9,67,56,0,5.5,0,2
2026-01-01,DR004,Energy Drink 250mL,5,16,11,0,4.0,0,0
2026-01-01,F001,Bananas,3,28,24,0,3.2,0,1
2026-01-01,F002,Apples,2,37,34,0,4.5,0,1
2026-01-01,FR001,Ice Cream 1L,8,35,27,1,5.8,0,0
2026-01-01,FR002,Frozen Pizza,6,19,13,0,8.0,0,0
2026-01-01,H001,Toilet Paper,8,19,11,0,8.0,0,0
2026-01-01,H002,Laundry Detergent,4,35,31,0,12.0,0,0
2026-01-01,P001,Instant Noodles,5,41,36,0,2.0,0,0
2026-01-01,P002,Rice 1kg,9,29,20,1,2.62,0,0
2026-01-01,P004,Cereal,4,31,27,0,5.0,0,0
2026-01-01,PC001,Shampoo,2,40,38,0,9.5,0,0
2026-01-01,PC002,Toothpaste,4,40,36,0,4.5,0,0
2026-01-01,S001,Potato Chips,7,27,20,0,3.0,0,0
2026-01-01,S002,Chocolate Bar,1,57,56,0,2.8,0,0
2026-01-02,B001,White Bread,17,31,14,0,3.5,0,0
2026-01-02,B002,Wholemeal Bread,12,42,30,1,2.99,0,0
2026-01-02,D001,Milk 2L,15,16,45,0,4.5,44,0
2026-01-02,D002,Eggs (12 pack),13,32,19,0,7.5,0,0
2026-01-02,D003,Butter 500g,11,42,31,0,6.0,0,0
2026-01-02,D004,Cheese 500g,4,28,24,1,7.14,0,0
2026-01-02,DR001,Bottled Water 600mL,7,22,15,0,2.5,0,0
2026-01-02,DR002,Coke 1.5L,6,30,24,0,3.8,0,0
2026-01-02,DR003,Orange Juice 2L,11,56,44,0,5.5,0,1
2026-01-02,DR004,Energy Drink 250mL,6,11,41,0,4.0,36,0
2026-01-02,F001,Bananas,8,24,16,0,3.2,0,0
2026-01-02,F002,Apples,4,34,30,0,4.5,0,0
2026-01-02,FR001,Ice Cream 1L,15,27,12,0,6.5,0,0
2026-01-02,FR002,Frozen Pizza,11,13,25,0,8.0,23,0
2026-01-02,H001,Toilet Paper,11,11,48,1,6.97,48,0
2026-01-02,H002,Laundry Detergent,11,31,20,0,12.0,0,0
2026-01-02,P001,Instant Noodles,13,36,23,0,2.0,0,0
2026-01-02,P002,Rice 1kg,16,20,37,0,3.5,33,0
2026-01-02,P004,Cereal,6,27,21,0,5.0,0,0
2026-01-02,PC001,Shampoo,4,38,34,0,9.5,0,0
2026-01-02,PC002,Toothpaste,5,36,31,1,3.66,0,0
2026-01-02,S001,Potato Chips,17,20,24,0,3.0,21,0
2026-01-02,S002,Chocolate Bar,3,56,53,0,2.8,0,0
2026-01-03,B001,White Bread,14,14,69,0,3.5,69,0
2026-01-03,B002,Wholemeal Bread,30,30,30,0,4.0,30,0
2026-01-03,D001,Milk 2L,45,45,62,1,3.25,62,0
2026-01-03,D002,Eggs (12 pack),19,19,41,0,7.5,41,0
2026-01-03,D003,Butter 500g,31,31,55,0,6.0,55,0
2026-01-03,D004,Cheese 500g,16,24,42,0,8.0,34,0
2026-01-03,DR001,Bottled Water 600mL,15,15,63,1,2.02,63,0
2026-01-03,DR002,Coke 1.5L,24,24,52,0,3.8,52,0
2026-01-03,DR003,Orange Juice 2L,31,44,13,0,5.5,0,0
2026-01-03,DR004,Energy Drink 250mL,23,41,18,1,2.88,0,0
2026-01-03,F001,Bananas,16,16,32,0,3.2,32,0
2026-01-03,F002,Apples,15,30,15,0,4.5,0,0
2026-01-03,FR001,Ice Cream 1L,12,12,44,0,6.5,44,0
2026-01-03,FR002,Frozen Pizza,25,25,50,0,8.0,50,0
2026-01-03,H001,Toilet Paper,25,48,23,1,6.23,0,0
2026-01-03,H002,Laundry Detergent,20,20,54,0,12.0,54,0
2026-01-03,P001,Instant Noodles,23,23,38,0,2.0,38,0
2026-01-03,P002,Rice 1kg,37,37,42,0,3.5,42,0
2026-01-03,P004,Cereal,19,21,61,0,5.0,59,0
2026-01-03,PC001,Shampoo,15,34,19,0,9.5,0,0
2026-01-03,PC002,Toothpaste,15,31,16,0,4.5,0,0
2026-01-03,S001,Potato Chips,24,24,46,0,3.0,46,0
2026-01-03,S002,Chocolate Bar,12,53,41,0,2.8,0,0
2026-01-04,B001,White Bread,50,69,19,0,3.5,0,0
2026-01-04,B002,Wholemeal Bread,30,30,66,1,3.2,66,0
2026-01-04,D001,Milk 2L,48,62,14,0,4.5,0,0
2026-01-04,D002,Eggs (12 pack),41,41,31,0,7.5,31,0
2026-01-04,D003,Butter 500g,38,55,17,0,6.0,0,0
2026-01-04,D004,Cheese 500g,15,42,26,0,8.0,0,1
2026-01-04,DR001,Bottled Water 600mL,16,63,47,0,2.5,0,0
2026-01-04,DR002,Coke 1.5L,12,52,40,1,3.03,0,0
2026-01-04,DR003,Orange Juice 2L,13,13,63,0,5.5,63,0
2026-01-04,DR004,Energy Drink 250mL,14,18,39,0,4.0,35,0
2026-01-04,F001,Bananas,13,32,19,0,3.2,0,0
2026-01-04,F002,Apples,10,15,40,0,4.5,35,0
2026-01-04,FR001,Ice Cream 1L,35,44,60,0,6.5,51,0
2026-01-04,FR002,Frozen Pizza,30,50,20,0,8.0,0,0
2026-01-04,H001,Toilet Paper,23,23,38,0,8.0,38,0
2026-01-04,H002,Laundry Detergent,24,54,30,0,12.0,0,0
2026-01-04,P001,Instant Noodles,31,38,50,0,2.0,43,0
2026-01-04,P002,Rice 1kg,35,42,39,0,3.5,32,0
2026-01-04,P004,Cereal,18,61,43,0,5.0,0,0
2026-01-04,PC001,Shampoo,15,19,52,0,9.5,48,0
2026-01-04,PC002,Toothpaste,16,16,42,0,4.5,42,0
2026-01-04,S001,Potato Chips,31,46,15,0,3.0,0,0
2026-01-04,S002,Chocolate Bar,41,41,53,0,2.8,53,0
2026-01-05,B001,White Bread,19,19,48,0,3.5,48,0
2026-01-05,B002,Wholemeal Bread,23,66,43,1,2.91,0,0
2026-01-05,D001,Milk 2L,14,14,65,0,4.5,65,0
2026-01-05,D002,Eggs (12 pack),27,31,46,1,6.62,42,0
2026-01-05,D003,Butter 500g,17,17,57,0,6.0,57,0
2026-01-05,D004,Cheese 500g,10,26,16,0,8.0,0,0
2026-01-05,DR001,Bottled Water 600mL,15,47,32,0,2.5,0,0
2026-01-05,DR002,Coke 1.5L,9,40,31,0,3.8,0,0
2026-01-05,DR003,Orange Juice 2L,23,63,40,0,5.5,0,0
2026-01-05,DR004,Energy Drink 250mL,11,39,28,0,4.0,0,0
2026-01-05,F001,Bananas,12,19,54,0,3.2,47,0
2026-01-05,F002,Apples,5,40,34,0,4.5,0,1
2026-01-05,FR001,Ice Cream 1L,24,60,35,0,6.5,0,1
2026-01-05,FR002,Frozen Pizza,19,20,37,0,8.0,36,0
2026-01-05,H001,Toilet Paper,12,38,26,0,8.0,0,0
2026-01-05,H002,Laundry Detergent,14,30,16,1,8.45,0,0
2026-01-05,P001,Instant Noodles,21,50,29,0,2.0,0,0
2026-01-05,P002,Rice 1kg,30,39,35,0,3.5,26,0
2026-01-05,P004,Cereal,11,43,32,0,5.0,0,0
2026-01-05,PC001,Shampoo,9,52,43,0,9.5,0,0
2026-01-05,PC002,Toothpaste,9,42,33,0,4.5,0,0
2026-01-05,S001,Potato Chips,15,15,61,0,3.0,61,0
2026-01-05,S002,Chocolate Bar,5,53,48,0,2.8,0,0
2026-01-06,B001,White Bread,30,48,18,1,3.07,0,0
2026-01-06,B002,Wholemeal Bread,21,43,22,0,4.0,0,0
2026-01-06,D001,Milk 2L,29,65,36,0,4.5,0,0
2026-01-06,D002,Eggs (12 pack),24,46,22,0,7.5,0,0
2026-01-06,D003,Butter 500g,29,57,28,0,6.0,0,0
2026-01-06,D004,Cheese 500g,9,16,56,1,6.85,49,0
2026-01-06,DR001,Bottled Water 600mL,11,32,21,0,2.5,0,0
2026-01-06,DR002,Coke 1.5L,12,31,19,0,3.8,0,0
2026-01-06,DR003,Orange Juice 2L,17,40,23,1,4.26,0,0
2026-01-06,DR004,Energy Drink 250mL,13,28,15,0,4.0,0,0
2026-01-06,F001,Bananas,9,54,45,0,3.2,0,0
2026-01-06,F002,Apples,8,34,26,0,4.5,0,0
2026-01-06,FR001,Ice Cream 1L,24,35,11,0,6.5,0,0
2026-01-06,FR002,Frozen Pizza,11,37,26,1,7.08,0,0
2026-01-06,H001,Toilet Paper,15,26,11,1,6.71,0,0
2026-01-06,H002,Laundry Detergent,16,16,31,0,12.0,31,0
2026-01-06,P001,Instant Noodles,15,29,14,0,2.0,0,0
2026-01-06,P002,Rice 1kg,19,35,16,0,3.5,0,0
2026-01-06,P004,Cereal,32,32,40,0,5.0,40,0
2026-01-06,PC001,Shampoo,9,43,34,0,9.5,0,0
2026-01-06,PC002,Toothpaste,12,33,21,0,4.5,0,0
2026-01-06,S001,Potato Chips,29,61,32,0,3.0,0,0
2026-01-06,S002,Chocolate Bar,5,48,43,0,2.8,0,0
2026-01-07,B001,White Bread,18,18,54,0,3.5,54,0
2026-01-07,B002,Wholemeal Bread,20,22,40,1,3.1,38,0
2026-01-07,D001,Milk 2L,26,36,10,0,4.5,0,0
2026-01-07,D002,Eggs (12 pack),22,22,67,1,5.41,67,0
2026-01-07,D003,Butter 500g,28,28,30,0,6.0,30,0
2026-01-07,D004,Cheese 500g,6,56,50,0,8.0,0,0
2026-01-07,DR001,Bottled Water 600mL,21,21,45,0,2.5,45,0
2026-01-07,DR002,Coke 1.5L,13,19,40,0,3.8,34,0
2026-01-07,DR003,Orange Juice 2L,23,23,33,0,5.5,33,0
2026-01-07,DR004,Energy Drink 250mL,13,15,29,0,4.0,27,0
2026-01-07,F001,Bananas,14,45,31,1,2.3,0,0
2026-01-07,F002,Apples,6,26,20,0,4.5,0,0
2026-01-07,FR001,Ice Cream 1L,11,11,68,0,6.5,68,0
2026-01-07,FR002,Frozen Pizza,11,26,15,0,8.0,0,0
2026-01-07,H001,Toilet Paper,11,11,59,1,5.61,59,0
2026-01-07,H002,Laundry Detergent,12,31,19,0,12.0,0,0
2026-01-07,P001,Instant Noodles,14,14,44,0,2.0,44,0
2026-01-07,P002,Rice 1kg,16,16,54,0,3.5,54,0
2026-01-07,P004,Cereal,10,40,30,0,5.0,0,0
2026-01-07,PC001,Shampoo,7,34,27,1,7.75,0,0
2026-01-07,PC002,Toothpaste,7,21,14,0,4.5,0,0
2026-01-07,S001,Potato Chips,18,32,14,1,2.17,0,0
2026-01-07,S002,Chocolate Bar,7,43,36,1,2.1,0,0
2026-01-08,B001,White Bread,28,54,26,0,3.5,0,0
2026-01-08,B002,Wholemeal Bread,24,40,16,1,2.83,0,0
2026-01-08,D001,Milk 2L,10,10,46,0,4.5,46,0
2026-01-08,D002,Eggs (12 pack),22,67,45,0,7.5,0,0
2026-01-08,D003,Butter 500g,20,30,10,1,5.09,0,0
2026-01-08,D004,Cheese 500g,50,50,42,0,8.0,42,0
2026-01-08,DR001,Bottled Water 600mL,17,45,28,0,2.5,0,0
2026-01-08,DR002,Coke 1.5L,8,40,32,0,3.8,0,0
2026-01-08,DR003,Orange Juice 2L,19,33,14,0,5.5,0,0
2026-01-08,DR004,Energy Drink 250mL,10,29,19,0,4.0,0,0
2026-01-08,F001,Bananas,11,31,20,0,3.2,0,0
2026-01-08,F002,Apples,6,20,14,1,3.6,0,0
2026-01-08,FR001,Ice Cream 1L,15,68,51,0,6.5,0,2
2026-01-08,FR002,Frozen Pizza,15,15,66,0,8.0,66,0
2026-01-08,H001,Toilet Paper,22,59,37,0,8.0,0,0
2026-01-08,H002,Laundry Detergent,10,19,39,1,8.8,30,0
2026-01-08,P001,Instant Noodles,22,44,22,1,1.72,0,0
2026-01-08,P002,Rice 1kg,22,54,32,0,3.5,0,0
2026-01-08,P004,Cereal,10,30,20,0,5.0,0,0
2026-01-08,PC001,Shampoo,9,27,18,1,7.73,0,0
2026-01-08,PC002,Toothpaste,13,14,46,0,4.5,45,0
2026-01-08,S001,Potato Chips,14,14,47,0,3.0,47,0
2026-01-08,S002,Chocolate Bar,4,36,32,1,2.26,0,0
2026-01-09,B001,White Bread,26,26,55,0,3.5,55,0
2026-01-09,B002,Wholemeal Bread,16,16,42,0,4.0,42,0
2026-01-09,D001,Milk 2L,46,46,33,0,4.5,33,0
2026-01-09,D002,Eggs (12 pack),34,45,11,0,7.5,0,0
2026-01-09,D003,Butter 500g,10,10,37,0,6.0,37,0
2026-01-09,D004,Cheese 500g,12,42,30,0,8.0,0,0
2026-01-09,DR001,Bottled Water 600mL,28,28,57,0,2.5,57,0
2026-01-09,DR002,Coke 1.5L,9,32,23,0,3.8,0,0
2026-01-09,DR003,Orange Juice 2L,14,14,41,0,5.5,41,0
2026-01-09,DR004,Energy Drink 250mL,12,19,65,0,4.0,58,0
2026-01-09,F001,Bananas,15,20,58,0,3.2,53,0
2026-01-09,F002,Apples,14,14,48,0,4.5,48,0
2026-01-09,FR001,Ice Cream 1L,21,51,30,0,6.5,0,0
2026-01-09,FR002,Frozen Pizza,21,66,45,0,8.0,0,0
2026-01-09,H001,Toilet Paper,21,37,16,0,8.0,0,0
2026-01-09,H002,Laundry Detergent,18,39,21,1,8.49,0,0
2026-01-09,P001,Instant Noodles,22,22,67,1,1.47,67,0
2026-01-09,P002,Rice 1kg,23,32,58,1,3.1,49,0
2026-01-09,P004,Cereal,12,20,38,0,5.0,30,0
2026-01-09,PC001,Shampoo,10,18,53,0,9.5,45,0
2026-01-09,PC002,Toothpaste,12,46,34,0,4.5,0,0
2026-01-09,S001,Potato Chips,30,47,17,0,3.0,0,0
2026-01-09,S002,Chocolate Bar,8,32,24,1,1.99,0,0
2026-01-10,B001,White Bread,55,55,56,0,3.5,56,0
2026-01-10,B002,Wholemeal Bread,36,42,59,0,4.0,53,0
2026-01-10,D001,Milk 2L,33,33,48,0,4.5,48,0
2026-01-10,D002,Eggs (12 pack),11,11,69,0,7.5,69,0
2026-01-10,D003,Butter 500g,33,37,50,0,6.0,46,0
2026-01-10,D004,Cheese 500g,14,30,16,0,8.0,0,0
2026-01-10,DR001,Bottled Water 600mL,14,57,43,0,2.5,0,0
2026-01-10,DR002,Coke 1.5L,13,23,10,0,3.8,0,0
2026-01-10,DR003,Orange Juice 2L,31,41,10,0,5.5,0,0
2026-01-10,DR004,Energy Drink 250mL,20,65,45,1,3.31,0,0
2026-01-10,F001,Bananas,12,58,46,0,3.2,0,0
2026-01-10,F002,Apples,11,48,36,0,4.5,0,1
2026-01-10,FR001,Ice Cream 1L,24,30,42,0,6.5,36,0
2026-01-10,FR002,Frozen Pizza,24,45,21,0,8.0,0,0
2026-01-10,H001,Toilet Paper,16,16,41,0,8.0,41,0
2026-01-10,H002,Laundry Detergent,21,21,54,0,12.0,54,0
2026-01-10,P001,Instant Noodles,28,67,39,0,2.0,0,0
2026-01-10,P002,Rice 1kg,58,58,56,0,3.5,56,0
2026-01-10,P004,Cereal,17,38,21,0,5.0,0,0
2026-01-10,PC001,Shampoo,10,53,43,0,9.5,0,0
2026-01-10,PC002,Toothpaste,16,34,18,0,4.5,0,0
2026-01-10,S001,Potato Chips,17,17,30,0,3.0,30,0
2026-01-10,S002,Chocolate Bar,8,24,16,0,2.8,0,0
2026-01-11,B001,White Bread,53,56,26,0,3.5,23,0
2026-01-11,B002,Wholemeal Bread,36,59,23,0,4.0,0,0
2026-01-11,D001,Milk 2L,40,48,66,0,4.5,58,0
2026-01-11,D002,Eggs (12 pack),43,69,26,1,6.47,0,0
2026-01-11,D003,Butter 500g,43,50,59,0,6.0,52,0
2026-01-11,D004,Cheese 500g,9,16,32,0,8.0,25,0
2026-01-11,DR001,Bottled Water 600mL,23,43,20,1,2.2,0,0
2026-01-11,DR002,Coke 1.5L,10,10,36,0,3.8,36,0
2026-01-11,DR003,Orange Juice 2L,10,10,63,0,5.5,63,0
2026-01-11,DR004,Energy Drink 250mL,18,45,27,0,4.0,0,0
2026-01-11,F001,Bananas,17,46,28,0,3.2,0,1
2026-01-11,F002,Apples,9,36,27,0,4.5,0,0
2026-01-11,FR001,Ice Cream 1L,42,42,43,0,6.5,43,0
2026-01-11,FR002,Frozen Pizza,21,21,39,0,8.0,39,0
2026-01-11,H001,Toilet Paper,21,41,20,1,6.39,0,0
2026-01-11,H002,Laundry Detergent,25,54,29,0,12.0,0,0
2026-01-11,P001,Instant Noodles,20,39,19,0,2.0,0,0
2026-01-11,P002,Rice 1kg,35,56,21,0,3.5,0,0
2026-01-11,P004,Cereal,11,21,10,0,5.0,0,0
2026-01-11,PC001,Shampoo,9,43,34,0,9.5,0,0
2026-01-11,PC002,Toothpaste,13,18,63,0,4.5,58,0
2026-01-11,S001,Potato Chips,29,30,31,0,3.0,30,0
2026-01-11,S002,Chocolate Bar,10,16,26,0,2.8,20,0
2026-01-12,B001,White Bread,26,26,58,0,3.5,58,0
2026-01-12,B002,Wholemeal Bread,22,23,47,0,4.0,46,0
2026-01-12,D001,Milk 2L,36,66,29,0,4.5,0,1
2026-01-12,D002,Eggs (12 pack),26,26,30,0,7.5,30,0
2026-01-12,D003,Butter 500g,27,59,32,0,6.0,0,0
2026-01-12,D004,Cheese 500g,7,32,25,0,8.0,0,0
2026-01-12,DR001,Bottled Water 600mL,12,20,37,0,2.5,29,0
2026-01-12,DR002,Coke 1.5L,9,36,27,0,3.8,0,0
2026-01-12,DR003,Orange Juice 2L,25,63,38,0,5.5,0,0
2026-01-12,DR004,Energy Drink 250mL,12,27,15,0,4.0,0,0
2026-01-12,F001,Bananas,12,28,16,0,3.2,0,0
2026-01-12,F002,Apples,8,27,19,1,3.18,0,0
2026-01-12,FR001,Ice Cream 1L,17,43,26,0,6.5,0,0
2026-01-12,FR002,Frozen Pizza,18,39,21,0,8.0,0,0
2026-01-12,H001,Toilet Paper,20,20,55,0,8.0,55,0
2026-01-12,H002,Laundry Detergent,17,29,12,0,12.0,0,0
2026-01-12,P001,Instant Noodles,17,19,47,0,2.0,45,0
2026-01-12,P002,Rice 1kg,21,21,41,0,3.5,41,0
2026-01-12,P004,Cereal,9,10,49,0,5.0,48,0
2026-01-12,PC001,Shampoo,9,34,25,0,9.5,0,0
2026-01-12,PC002,Toothpaste,13,63,50,1,3.99,0,0
2026-01-12,S001,Potato Chips,24,31,31,1,2.39,24,0
2026-01-12,S002,Chocolate Bar,7,26,19,0,2.8,0,0
2026-01-12,S003,Cookies,16,79,63,0,4.5,0,0
2026-01-13,B001,White Bread,37,58,21,1,3.01,0,0
2026-01-13,B002,Wholemeal Bread,25,47,22,0,4.0,0,0
2026-01-13,D001,Milk 2L,29,29,52,0,4.5,52,0
2026-01-13,D002,Eggs (12 pack),22,30,64,1,5.52,56,0
2026-01-13,D003,Butter 500g,25,32,42,0,6.0,35,0
2026-01-13,D004,Cheese 500g,8,25,17,0,8.0,0,0
2026-01-13,DR001,Bottled Water 600mL,16,37,21,0,2.5,0,0
2026-01-13,DR002,Coke 1.5L,10,27,17,0,3.8,0,0
2026-01-13,DR003,Orange Juice 2L,26,38,12,0,5.5,0,0
2026-01-13,DR004,Energy Drink 250mL,9,15,37,0,4.0,31,0
2026-01-13,F001,Bananas,14,16,25,0,3.2,23,0
2026-01-13,F002,Apples,6,19,13,0,4.5,0,0
2026-01-13,FR001,Ice Cream 1L,15,26,11,0,6.5,0,0
2026-01-13,FR002,Frozen Pizza,13,21,64,0,8.0,56,0
2026-01-13,H001,Toilet Paper,20,55,35,0,8.0,0,0
2026-01-13,H002,Laundry Detergent,11,12,56,0,12.0,55,0
2026-01-13,P001,Instant Noodles,13,47,34,0,2.0,0,0
2026-01-13,P002,Rice 1kg,27,41,14,0,3.5,0,0
2026-01-13,P004,Cereal,12,49,37,1,4.05,0,0
2026-01-13,PC001,Shampoo,9,25,16,0,9.5,0,0
2026-01-13,PC002,Toothpaste,11,50,39,0,4.5,0,0
2026-01-13,S001,Potato Chips,20,31,11,0,3.0,0,0
2026-01-13,S002,Chocolate Bar,7,19,12,1,2.12,0,0
2026-01-13,S003,Cookies,20,63,43,0,4.5,0,0
2026-01-14,B001,White Bread,21,21,65,1,2.85,65,0
2026-01-14,B002,Wholemeal Bread,22,22,57,0,4.0,57,0
2026-01-14,D001,Milk 2L,30,52,22,0,4.5,0,0
2026-01-14,D002,Eggs (12 pack),23,64,41,0,7.5,0,0
2026-01-14,D003,Butter 500g,18,42,24,0,6.0,0,0
2026-01-14,D004,Cheese 500g,9,17,41,0,8.0,33,0
2026-01-14,DR001,Bottled Water 600mL,16,21,38,0,2.5,33,0
2026-01-14,DR002,Coke 1.5L,8,17,67,0,3.8,58,0
2026-01-14,DR003,Orange Juice 2L,12,12,32,1,4.2,32,0
2026-01-14,DR004,Energy Drink 250mL,8,37,29,0,4.0,0,0
2026-01-14,F001,Bananas,12,25,13,1,2.52,0,0
2026-01-14,F002,Apples,13,13,65,0,4.5,65,0
2026-01-14,FR001,Ice Cream 1L,11,11,61,1,5.61,61,0
2026-01-14,FR002,Frozen Pizza,14,64,50,0,8.0,0,0
2026-01-14,H001,Toilet Paper,17,35,18,0,8.0,0,0
2026-01-14,H002,Laundry Detergent,10,56,46,0,12.0,0,0
2026-01-14,P001,Instant Noodles,24,34,10,1,1.61,0,0
2026-01-14,P002,Rice 1kg,14,14,69,0,3.5,69,0
2026-01-14,P004,Cereal,12,37,25,0,5.0,0,0
2026-01-14,PC001,Shampoo,10,16,63,1,7.56,57,0
2026-01-14,PC002,Toothpaste,10,39,29,0,4.5,0,0
2026-01-14,S001,Potato Chips,11,11,49,0,3.0,49,0
2026-01-14,S002,Chocolate Bar,4,12,34,0,2.8,26,0
2026-01-14,S003,Cookies,11,43,32,0,4.5,0,0
2026-01-15,B001,White Bread,32,65,33,0,3.5,0,0
2026-01-15,B002,Wholemeal Bread,20,57,37,0,4.0,0,0
2026-01-15,D001,Milk 2L,22,22,47,0,4.5,47,0
2026-01-15,D002,Eggs (12 pack),22,41,19,1,5.48,0,0
2026-01-15,D003,Butter 500g,22,24,50,0,6.0,48,0
2026-01-15,D004,Cheese 500g,6,41,34,0,8.0,0,1
2026-01-15,DR001,Bottled Water 600mL,9,38,29,1,2.21,0,0
2026-01-15,DR002,Coke 1.5L,9,67,58,0,3.8,0,0
2026-01-15,DR003,Orange Juice 2L,15,32,17,0,5.5,0,0
2026-01-15,DR004,Energy Drink 250mL,12,29,17,1,3.04,0,0
2026-01-15,F001,Bananas,13,13,54,0,3.2,54,0
2026-01-15,F002,Apples,9,65,56,0,4.5,0,0
2026-01-15,FR001,Ice Cream 1L,27,61,34,0,6.5,0,0
2026-01-15,FR002,Frozen Pizza,19,50,30,0,8.0,0,1
2026-01-15,H001,Toilet Paper,15,18,31,0,8.0,28,0
2026-01-15,H002,Laundry Detergent,15,46,31,0,12.0,0,0
2026-01-15,P001,Instant Noodles,10,10,36,0,2.0,36,0
2026-01-15,P002,Rice 1kg,28,69,41,0,3.5,0,0
2026-01-15,P004,Cereal,10,25,15,0,5.0,0,0
2026-01-15,PC001,Shampoo,8,63,55,0,9.5,0,0
2026-01-15,PC002,Toothpaste,9,29,20,0,4.5,0,0
2026-01-15,S001,Potato Chips,17,49,32,0,3.0,0,0
2026-01-15,S002,Chocolate Bar,5,34,29,1,2.0,0,0
2026-01-15,S003,Cookies,13,32,19,0,4.5,0,0
2026-01-16,B001,White Bread,32,33,34,0,3.5,33,0
2026-01-16,B002,Wholemeal Bread,29,37,33,0,4.0,25,0
2026-01-16,D001,Milk 2L,47,47,64,0,4.5,64,0
2026-01-16,D002,Eggs (12 pack),19,19,40,0,7.5,40,0
2026-01-16,D003,Butter 500g,22,50,28,1,4.23,0,0
2026-01-16,D004,Cheese 500g,8,34,26,0,8.0,0,0
2026-01-16,DR001,Bottled Water 600mL,23,29,58,1,2.08,52,0
2026-01-16,DR002,Coke 1.5L,13,58,45,1,3.31,0,0
2026-01-16,DR003,Orange Juice 2L,17,17,65,0,5.5,65,0
2026-01-16,DR004,Energy Drink 250mL,10,17,56,0,4.0,49,0
2026-01-16,F001,Bananas,54,54,45,0,3.2,45,0
2026-01-16,F002,Apples,8,56,47,0,4.5,0,1
2026-01-16,FR001,Ice Cream 1L,24,34,10,1,5.11,0,0
2026-01-16,FR002,Frozen Pizza,19,30,11,0,8.0,0,0
2026-01-16,H001,Toilet Paper,21,31,10,0,8.0,0,0
2026-01-16,H002,Laundry Detergent,12,31,19,0,12.0,0,0
2026-01-16,P001,Instant Noodles,27,36,65,0,2.0,56,0
2026-01-16,P002,Rice 1kg,34,41,60,0,3.5,53,0
2026-01-16,P004,Cereal,11,15,56,0,5.0,52,0
2026-01-16,PC001,Shampoo,8,55,47,0,9.5,0,0
2026-01-16,PC002,Toothpaste,15,20,53,0,4.5,48,0
2026-01-16,S001,Potato Chips,31,32,39,1,2.34,38,0
2026-01-16,S002,Chocolate Bar,5,29,24,0,2.8,0,0
2026-01-16,S003,Cookies,15,19,26,0,4.5,22,0
2026-01-17,B001,White Bread,34,34,69,1,2.84,69,0
2026-01-17,B002,Wholemeal Bread,26,33,62,0,4.0,55,0
2026-01-17,D001,Milk 2L,62,64,48,0,4.5,46,0
2026-01-17,D002,Eggs (12 pack),40,40,33,0,7.5,33,0
2026-01-17,D003,Butter 500g,28,28,36,0,6.0,36,0
2026-01-17,D004,Cheese 500g,13,26,13,0,8.0,0,0
2026-01-17,DR001,Bottled Water 600mL,23,58,35,0,2.5,0,0
2026-01-17,DR002,Coke 1.5L,16,45,29,0,3.8,0,0
2026-01-17,DR003,Orange Juice 2L,26,65,38,0,5.5,0,1
2026-01-17,DR004,Energy Drink 250mL,11,56,45,0,4.0,0,0
2026-01-17,F001,Bananas,12,45,32,0,3.2,0,1
2026-01-17,F002,Apples,11,47,35,0,4.5,0,1
2026-01-17,FR001,Ice Cream 1L,10,10,58,0,6.5,58,0
2026-01-17,FR002,Frozen Pizza,11,11,48,0,8.0,48,0
2026-01-17,H001,Toilet Paper,10,10,34,1,6.02,34,0
2026-01-17,H002,Laundry Detergent,18,19,56,0,12.0,55,0
2026-01-17,P001,Instant Noodles,24,65,41,0,2.0,0,0
2026-01-17,P002,Rice 1kg,34,60,26,0,3.5,0,0
2026-01-17,P004,Cereal,14,56,42,0,5.0,0,0
2026-01-17,PC001,Shampoo,11,47,36,0,9.5,0,0
2026-01-17,PC002,Toothpaste,13,53,40,0,4.5,0,0
2026-01-17,S001,Potato Chips,34,39,59,0,3.0,54,0
2026-01-17,S002,Chocolate Bar,9,24,15,0,2.8,0,0
2026-01-17,S003,Cookies,18,26,59,0,4.5,51,0
2026-01-18,B001,White Bread,45,69,24,1,3.07,0,0
2026-01-18,B002,Wholemeal Bread,25,62,37,0,4.0,0,0
2026-01-18,D001,Milk 2L,48,48,51,0,4.5,51,0
2026-01-18,D002,Eggs (12 pack),33,33,52,0,7.5,52,0
2026-01-18,D003,Butter 500g,33,36,32,0,6.0,29,0
2026-01-18,D004,Cheese 500g,12,13,40,0,8.0,39,0
2026-01-18,DR001,Bottled Water 600mL,23,35,12,0,2.5,0,0
2026-01-18,DR002,Coke 1.5L,16,29,13,0,3.8,0,0
2026-01-18,DR003,Orange Juice 2L,38,38,40,0,5.5,40,0
2026-01-18,DR004,Energy Drink 250mL,13,45,32,1,3.44,0,0
2026-01-18,F001,Bananas,12,32,20,1,2.69,0,0
2026-01-18,F002,Apples,11,35,23,0,4.5,0,1
2026-01-18,FR001,Ice Cream 1L,33,58,25,1,4.81,0,0
2026-01-18,FR002,Frozen Pizza,27,48,21,0,8.0,0,0
2026-01-18,H001,Toilet Paper,29,34,52,0,8.0,47,0
2026-01-18,H002,Laundry Detergent,17,56,39,0,12.0,0,0
2026-01-18,P001,Instant Noodles,24,41,17,1,1.51,0,0
2026-01-18,P002,Rice 1kg,26,26,48,0,3.5,48,0
2026-01-18,P004,Cereal,17,42,25,0,5.0,0,0
2026-01-18,PC001,Shampoo,12,36,24,0,9.5,0,0
2026-01-18,PC002,Toothpaste,18,40,22,0,4.5,0,0
2026-01-18,S001,Potato Chips,42,59,17,0,3.0,0,0
2026-01-18,S002,Chocolate Bar,7,15,34,0,2.8,26,0
2026-01-18,S003,Cookies,30,59,29,0,4.5,0,0
2026-01-19,B001,White Bread,24,24,50,0,3.5,50,0
2026-01-19,B002,Wholemeal Bread,21,37,16,0,4.0,0,0
2026-01-19,D001,Milk 2L,35,51,16,0,4.5,0,0
2026-01-19,D002,Eggs (12 pack),28,52,23,0,7.5,0,1
2026-01-19,D003,Butter 500g,26,32,50,0,6.0,44,0
2026-01-19,D004,Cheese 500g,9,40,30,1,6.33,0,1
2026-01-19,DR001,Bottled Water 600mL,12,12,39,1,1.8,39,0
2026-01-19,DR002,Coke 1.5L,11,13,28,0,3.8,26,0
2026-01-19,DR003,Orange Juice 2L,21,40,19,0,5.5,0,0
2026-01-19,DR004,Energy Drink 250mL,7,32,25,0,4.0,0,0
2026-01-19,F001,Bananas,9,20,11,0,3.2,0,0
2026-01-19,F002,Apples,5,23,18,0,4.5,0,0
2026-01-19,FR001,Ice Cream 1L,25,25,48,0,6.5,48,0
2026-01-19,FR002,Frozen Pizza,15,21,59,0,8.0,53,0
2026-01-19,H001,Toilet Paper,14,52,38,1,6.32,0,0
2026-01-19,H002,Laundry Detergent,15,39,24,0,12.0,0,0
2026-01-19,P001,Instant Noodles,17,17,33,0,2.0,33,0
2026-01-19,P002,Rice 1kg,19,48,29,0,3.5,0,0
2026-01-19,P004,Cereal,8,25,17,0,5.0,0,0
2026-01-19,PC001,Shampoo,11,24,13,0,9.5,0,0
2026-01-19,PC002,Toothpaste,11,22,11,0,4.5,0,0
2026-01-19,S001,Potato Chips,17,17,31,0,3.0,31,0
2026-01-19,S002,Chocolate Bar,6,34,28,0,2.8,0,0
2026-01-19,S003,Cookies,18,29,11,0,4.5,0,0
2026-01-20,B001,White Bread,37,50,13,0,3.5,0,0
2026-01-20,B002,Wholemeal Bread,16,16,49,0,4.0,49,0
2026-01-20,D001,Milk 2L,16,16,68,1,3.63,68,0
2026-01-20,D002,Eggs (12 pack),23,23,52,0,7.5,52,0
2026-01-20,D003,Butter 500g,24,50,26,0,6.0,0,0
2026-01-20,D004,Cheese 500g,10,30,20,0,8.0,0,0
2026-01-20,DR001,Bottled Water 600mL,12,39,27,0,2.5,0,0
2026-01-20,DR002,Coke 1.5L,9,28,19,0,3.8,0,0
2026-01-20,DR003,Orange Juice 2L,16,19,59,0,5.5,56,0
2026-01-20,DR004,Energy Drink 250mL,10,25,15,0,4.0,0,0
2026-01-20,F001,Bananas,11,11,56,0,3.2,56,0
2026-01-20,F002,Apples,6,18,12,0,4.5,0,0
2026-01-20,FR001,Ice Cream 1L,19,48,28,0,6.5,0,1
2026-01-20,FR002,Frozen Pizza,16,59,42,0,8.0,0,1
2026-01-20,H001,Toilet Paper,20,38,18,0,8.0,0,0
2026-01-20,H002,Laundry Detergent,18,24,31,0,12.0,25,0
2026-01-20,P001,Instant Noodles,22,33,11,0,2.0,0,0
2026-01-20,P002,Rice 1kg,25,29,56,0,3.5,52,0
2026-01-20,P004,Cereal,9,17,51,0,5.0,43,0
2026-01-20,PC001,Shampoo,11,13,30,0,9.5,28,0
2026-01-20,PC002,Toothpaste,8,11,57,0,4.5,54,0
2026-01-20,S001,Potato Chips,21,31,10,0,3.0,0,0
2026-01-20,S002,Chocolate Bar,4,28,24,0,2.8,0,0
2026-01-20,S003,Cookies,11,11,43,0,4.5,43,0
2026-01-21,B001,White Bread,13,13,38,0,3.5,38,0
2026-01-21,B002,Wholemeal Bread,24,49,25,0,4.0,0,0
2026-01-21,D001,Milk 2L,41,68,27,0,4.5,0,0
2026-01-21,D002,Eggs (12 pack),25,52,26,1,5.27,0,1
2026-01-21,D003,Butter 500g,17,26,64,0,6.0,55,0
2026-01-21,D004,Cheese 500g,9,20,11,0,8.0,0,0
2026-01-21,DR001,Bottled Water 600mL,10,27,17,0,2.5,0,0
2026-01-21,DR002,Coke 1.5L,13,19,57,0,3.8,51,0
2026-01-21,DR003,Orange Juice 2L,19,59,39,0,5.5,0,1
2026-01-21,DR004,Energy Drink 250mL,9,15,34,0,4.0,28,0
2026-01-21,F001,Bananas,10,56,45,0,3.2,0,1
2026-01-21,F002,Apples,6,12,59,0,4.5,53,0
2026-01-21,FR001,Ice Cream 1L,22,28,45,0,6.5,39,0
2026-01-21,FR002,Frozen Pizza,19,42,23,0,8.0,0,0
2026-01-21,H001,Toilet Paper,13,18,27,0,8.0,22,0
2026-01-21,H002,Laundry Detergent,18,31,13,0,12.0,0,0
2026-01-21,P001,Instant Noodles,11,11,69,0,2.0,69,0
2026-01-21,P002,Rice 1kg,18,56,38,0,3.5,0,0
2026-01-21,P004,Cereal,11,51,40,1,3.77,0,0
2026-01-21,PC001,Shampoo,11,30,19,0,9.5,0,0
2026-01-21,PC002,Toothpaste,9,57,48,0,4.5,0,0
2026-01-21,S001,Potato Chips,10,10,39,0,3.0,39,0
2026-01-21,S002,Chocolate Bar,6,24,18,0,2.8,0,0
2026-01-21,S003,Cookies,19,43,24,0,4.5,0,0
2026-01-22,B001,White Bread,34,38,49,1,2.69,45,0
2026-01-22,B002,Wholemeal Bread,15,25,10,0,4.0,0,0
2026-01-22,D001,Milk 2L,27,27,63,0,4.5,63,0
2026-01-22,D002,Eggs (12 pack),19,26,36,0,7.5,29,0
2026-01-22,D003,Butter 500g,26,64,37,0,6.0,0,1
2026-01-22,D004,Cheese 500g,5,11,37,0,8.0,31,0
2026-01-22,DR001,Bottled Water 600mL,13,17,31,0,2.5,27,0
2026-01-22,DR002,Coke 1.5L,7,57,50,0,3.8,0,0
2026-01-22,DR003,Orange Juice 2L,18,39,21,0,5.5,0,0
2026-01-22,DR004,Energy Drink 250mL,12,34,22,1,3.05,0,0
2026-01-22,F001,Bananas,12,45,33,0,3.2,0,0
2026-01-22,F002,Apples,7,59,51,0,4.5,0,1
2026-01-22,FR001,Ice Cream 1L,26,45,19,0,6.5,0,0
2026-01-22,FR002,Frozen Pizza,18,23,35,0,8.0,30,0
2026-01-22,H001,Toilet Paper,21,27,63,0,8.0,57,0
2026-01-22,H002,Laundry Detergent,13,13,60,0,12.0,60,0
2026-01-22,P001,Instant Noodles,19,69,50,0,2.0,0,0
2026-01-22,P002,Rice 1kg,28,38,10,0,3.5,0,0
2026-01-22,P004,Cereal,11,40,29,0,5.0,0,0
2026-01-22,PC001,Shampoo,10,19,32,0,9.5,23,0
2026-01-22,PC002,Toothpaste,13,48,35,0,4.5,0,0
2026-01-22,S001,Potato Chips,23,39,16,0,3.0,0,0
2026-01-22,S002,Chocolate Bar,4,18,14,0,2.8,0,0
2026-01-22,S003,Cookies,20,24,57,0,4.5,53,0
2026-01-23,B001,White Bread,30,49,19,0,3.5,0,0
2026-01-23,B002,Wholemeal Bread,10,10,40,0,4.0,40,0
2026-01-23,D001,Milk 2L,37,63,26,0,4.5,0,0
2026-01-23,D002,Eggs (12 pack),20,36,16,0,7.5,0,0
2026-01-23,D003,Butter 500g,34,37,31,0,6.0,28,0
2026-01-23,D004,Cheese 500g,12,37,24,0,8.0,0,1
2026-01-23,DR001,Bottled Water 600mL,19,31,12,0,2.5,0,0
2026-01-23,DR002,Coke 1.5L,13,50,37,0,3.8,0,0
2026-01-23,DR003,Orange Juice 2L,21,21,31,1,3.86,31,0
2026-01-23,DR004,Energy Drink 250mL,14,22,52,0,4.0,44,0
2026-01-23,F001,Bananas,12,33,21,0,3.2,0,0
2026-01-23,F002,Apples,10,51,40,0,4.5,0,1
2026-01-23,FR001,Ice Cream 1L,19,19,59,0,6.5,59,0
2026-01-23,FR002,Frozen Pizza,20,35,15,0,8.0,0,0
2026-01-23,H001,Toilet Paper,25,63,38,0,8.0,0,0
2026-01-23,H002,Laundry Detergent,22,60,38,0,12.0,0,0
2026-01-23,P001,Instant Noodles,26,50,24,0,2.0,0,0
2026-01-23,P002,Rice 1kg,10,10,55,0,3.5,55,0
2026-01-23,P004,Cereal,14,29,15,0,5.0,0,0
2026-01-23,PC001,Shampoo,9,32,23,1,7.54,0,0
2026-01-23,PC002,Toothpaste,11,35,24,0,4.5,0,0
2026-01-23,S001,Potato Chips,16,16,52,0,3.0,52,0
2026-01-23,S002,Chocolate Bar,6,14,67,0,2.8,59,0
2026-01-23,S003,Cookies,17,57,40,0,4.5,0,0
2026-01-24,B001,White Bread,19,19,44,0,3.5,44,0
2026-01-24,B002,Wholemeal Bread,36,40,43,0,4.0,39,0
2026-01-24,D001,Milk 2L,26,26,38,1,4.03,38,0
2026-01-24,D002,Eggs (12 pack),16,16,41,0,7.5,41,0
2026-01-24,D003,Butter 500g,31,31,60,0,6.0,60,0
2026-01-24,D004,Cheese 500g,9,24,15,0,8.0,0,0
2026-01-24,DR001,Bottled Water 600mL,12,12,62,0,2.5,62,0
2026-01-24,DR002,Coke 1.5L,15,37,22,1,3.38,0,0
2026-01-24,DR003,Orange Juice 2L,31,31,56,0,5.5,56,0
2026-01-24,DR004,Energy Drink 250mL,18,52,34,0,4.0,0,0
2026-01-24,F001,Bananas,20,21,30,0,3.2,29,0
2026-01-24,F002,Apples,11,40,28,0,4.5,0,1
2026-01-24,FR001,Ice Cream 1L,40,59,19,0,6.5,0,0
2026-01-24,FR002,Frozen Pizza,15,15,52,0,8.0,52,0
2026-01-24,H001,Toilet Paper,32,38,41,0,8.0,35,0
2026-01-24,H002,Laundry Detergent,26,38,12,0,12.0,0,0
2026-01-24,P001,Instant Noodles,24,24,64,0,2.0,64,0
2026-01-24,P002,Rice 1kg,42,55,13,0,3.5,0,0
2026-01-24,P004,Cereal,13,15,42,0,5.0,40,0
2026-01-24,PC001,Shampoo,10,23,13,0,9.5,0,0
2026-01-24,PC002,Toothpaste,13,24,11,0,4.5,0,0
2026-01-24,S001,Potato Chips,37,52,15,1,2.12,0,0
2026-01-24,S002,Chocolate Bar,9,67,58,0,2.8,0,0
2026-01-24,S003,Cookies,25,40,15,0,4.5,0,0
2026-01-25,B001,White Bread,44,44,66,0,3.5,66,0
2026-01-25,B002,Wholemeal Bread,38,43,33,1,2.92,28,0
2026-01-25,D001,Milk 2L,38,38,54,0,4.5,54,0
2026-01-25,D002,Eggs (12 pack),36,41,52,0,7.5,47,0
2026-01-25,D003,Butter 500g,44,60,16,0,6.0,0,0
2026-01-25,D004,Cheese 500g,12,15,62,0,8.0,59,0
2026-01-25,DR001,Bottled Water 600mL,17,62,45,0,2.5,0,0
2026-01-25,DR002,Coke 1.5L,20,22,57,0,3.8,55,0
2026-01-25,DR003,Orange Juice 2L,40,56,16,0,5.5,0,0
2026-01-25,DR004,Energy Drink 250mL,13,34,21,0,4.0,0,0
2026-01-25,F001,Bananas,30,30,40,0,3.2,40,0
2026-01-25,F002,Apples,11,28,17,0,4.5,0,0
2026-01-25,FR001,Ice Cream 1L,19,19,47,0,6.5,47,0
2026-01-25,FR002,Frozen Pizza,21,52,30,0,8.0,0,1
2026-01-25,H001,Toilet Paper,33,41,38,0,8.0,30,0
2026-01-25,H002,Laundry Detergent,12,12,42,0,12.0,42,0
2026-01-25,P001,Instant Noodles,24,64,40,0,2.0,0,0
2026-01-25,P002,Rice 1kg,13,13,61,0,3.5,61,0
2026-01-25,P004,Cereal,12,42,30,0,5.0,0,0
2026-01-25,PC001,Shampoo,10,13,41,0,9.5,38,0
2026-01-25,PC002,Toothpaste,11,11,55,0,4.5,55,0
2026-01-25,S001,Potato Chips,15,15,50,0,3.0,50,0
2026-01-25,S002,Chocolate Bar,8,58,50,0,2.8,0,0
2026-01-25,S003,Cookies,15,15,48,1,3.89,48,0
2026-01-26,B001,White Bread,66,66,67,0,3.5,67,0
2026-01-26,B002,Wholemeal Bread,18,33,15,0,4.0,0,0
2026-01-26,D001,Milk 2L,27,54,27,0,4.5,0,0
2026-01-26,D002,Eggs (12 pack),26,52,25,0,7.5,0,1
2026-01-26,D003,Butter 500g,16,16,52,0,6.0,52,0
2026-01-26,D004,Cheese 500g,62,62,54,0,8.0,54,0
2026-01-26,DR001,Bottled Water 600mL,16,45,29,0,2.5,0,0
2026-01-26,DR002,Coke 1.5L,10,57,47,0,3.8,0,0
2026-01-26,DR003,Orange Juice 2L,16,16,39,0,5.5,39,0
2026-01-26,DR004,Energy Drink 250mL,13,21,29,0,4.0,21,0
2026-01-26,F001,Bananas,11,40,28,0,3.2,0,1
2026-01-26,F002,Apples,9,17,62,0,4.5,54,0
2026-01-26,FR001,Ice Cream 1L,16,47,31,0,6.5,0,0
2026-01-26,FR002,Frozen Pizza,13,30,17,0,8.0,0,0
2026-01-26,H001,Toilet Paper,16,38,22,0,8.0,0,0
2026-01-26,H002,Laundry Detergent,17,42,25,0,12.0,0,0
2026-01-26,P001,Instant Noodles,18,40,22,0,2.0,0,0
2026-01-26,P002,Rice 1kg,22,61,39,0,3.5,0,0
2026-01-26,P004,Cereal,7,30,23,0,5.0,0,0
2026-01-26,PC001,Shampoo,11,41,30,0,9.5,0,0
2026-01-26,PC002,Toothpaste,9,55,46,0,4.5,0,0
2026-01-26,S001,Potato Chips,25,50,25,0,3.0,0,0
2026-01-26,S002,Chocolate Bar,4,50,46,0,2.8,0,0
2026-01-26,S003,Cookies,15,48,33,0,4.5,0,0
2026-01-27,B001,White Bread,30,67,37,0,3.5,0,0
2026-01-27,B002,Wholemeal Bread,15,15,58,0,4.0,58,0
2026-01-27,D001,Milk 2L,27,27,66,0,4.5,66,0
2026-01-27,D002,Eggs (12 pack),24,25,22,0,7.5,21,0
2026-01-27,D003,Butter 500g,28,52,24,0,6.0,0,0
2026-01-27,D004,Cheese 500g,9,54,45,1,6.9,0,0
2026-01-27,DR001,Bottled Water 600mL,10,29,19,0,2.5,0,0
2026-01-27,DR002,Coke 1.5L,13,47,34,0,3.8,0,0
2026-01-27,DR003,Orange Juice 2L,23,39,16,0,5.5,0,0
2026-01-27,DR004,Energy Drink 250mL,11,29,18,1,3.34,0,0
2026-01-27,F001,Bananas,10,28,18,0,3.2,0,0
2026-01-27,F002,Apples,7,62,54,0,4.5,0,1
2026-01-27,FR001,Ice Cream 1L,22,31,30,1,5.0,21,0
2026-01-27,FR002,Frozen Pizza,11,17,48,0,8.0,42,0
2026-01-27,H001,Toilet Paper,12,22,10,1,6.52,0,0
2026-01-27,H002,Laundry Detergent,15,25,10,1,8.77,0,0
2026-01-27,P001,Instant Noodles,13,22,40,0,2.0,31,0
2026-01-27,P002,Rice 1kg,26,39,13,0,3.5,0,0
2026-01-27,P004,Cereal,11,23,12,0,5.0,0,0
2026-01-27,PC001,Shampoo,9,30,21,0,9.5,0,0
2026-01-27,PC002,Toothpaste,12,46,34,0,4.5,0,0
2026-01-27,S001,Potato Chips,20,25,32,0,3.0,27,0
2026-01-27,S002,Chocolate Bar,4,46,42,0,2.8,0,0
2026-01-27,S003,Cookies,14,33,19,0,4.5,0,0
2026-01-28,B001,White Bread,26,37,11,0,3.5,0,0
2026-01-28,B002,Wholemeal Bread,19,58,38,0,4.0,0,1
2026-01-28,D001,Milk 2L,66,66,45,0,4.5,45,0
2026-01-28,D002,Eggs (12 pack),16,22,42,0,7.5,36,0
2026-01-28,D003,Butter 500g,24,24,54,1,4.27,54,0
2026-01-28,D004,Cheese 500g,8,45,36,0,8.0,0,1
2026-01-28,DR001,Bottled Water 600mL,16,19,29,0,2.5,26,0
2026-01-28,DR002,Coke 1.5L,7,34,27,0,3.8,0,0
2026-01-28,DR003,Orange Juice 2L,16,16,45,0,5.5,45,0
2026-01-28,DR004,Energy Drink 250mL,11,18,43,0,4.0,36,0
2026-01-28,F001,Bananas,14,18,45,0,3.2,41,0
2026-01-28,F002,Apples,8,54,44,1,3.63,0,2
2026-01-28,FR001,Ice Cream 1L,24,30,28,0,6.5,22,0
2026-01-28,FR002,Frozen Pizza,18,48,30,0,8.0,0,0
2026-01-28,H001,Toilet Paper,10,10,47,0,8.0,47,0
2026-01-28,H002,Laundry Detergent,10,10,59,0,12.0,59,0
2026-01-28,P001,Instant Noodles,16,40,24,0,2.0,0,0
2026-01-28,P002,Rice 1kg,13,13,58,0,3.5,58,0
2026-01-28,P004,Cereal,12,12,57,0,5.0,57,0
2026-01-28,PC001,Shampoo,10,21,11,0,9.5,0,0
2026-01-28,PC002,Toothpaste,8,34,26,0,4.5,0,0
2026-01-28,S001,Potato Chips,16,32,16,0,3.0,0,0
2026-01-28,S002,Chocolate Bar,6,42,36,1,2.27,0,0
2026-01-28,S003,Cookies,12,19,47,0,4.5,40,0
2026-01-29,B001,White Bread,11,11,51,0,3.5,51,0
2026-01-29,B002,Wholemeal Bread,25,38,13,0,4.0,0,0
2026-01-29,D001,Milk 2L,36,45,37,0,4.5,28,0
2026-01-29,D002,Eggs (12 pack),16,42,26,0,7.5,0,0
2026-01-29,D003,Butter 500g,23,54,31,0,6.0,0,0
2026-01-29,D004,Cheese 500g,6,36,29,0,8.0,0,1
2026-01-29,DR001,Bottled Water 600mL,12,29,17,0,2.5,0,0
2026-01-29,DR002,Coke 1.5L,12,27,15,1,3.27,0,0
2026-01-29,DR003,Orange Juice 2L,21,45,23,0,5.5,0,1
2026-01-29,DR004,Energy Drink 250mL,10,43,33,0,4.0,0,0
2026-01-29,F001,Bananas,45,45,41,0,3.2,41,0
2026-01-29,F002,Apples,6,44,38,0,4.5,0,0
2026-01-29,FR001,Ice Cream 1L,22,28,35,0,6.5,29,0
2026-01-29,FR002,Frozen Pizza,20,30,10,0,8.0,0,0
2026-01-29,H001,Toilet Paper,20,47,27,1,6.02,0,0
2026-01-29,H002,Laundry Detergent,18,59,41,0,12.0,0,0
2026-01-29,P001,Instant Noodles,19,24,42,0,2.0,37,0
2026-01-29,P002,Rice 1kg,21,58,37,1,2.66,0,0
2026-01-29,P004,Cereal,12,57,45,0,5.0,0,0
2026-01-29,PC001,Shampoo,7,11,61,1,8.12,57,0
2026-01-29,PC002,Toothpaste,12,26,14,0,4.5,0,0
2026-01-29,S001,Potato Chips,16,16,30,0,3.0,30,0
2026-01-29,S002,Chocolate Bar,4,36,32,0,2.8,0,0
2026-01-29,S003,Cookies,19,47,28,0,4.5,0,0
2026-01-30,B001,White Bread,29,51,22,1,2.46,0,0
2026-01-30,B002,Wholemeal Bread,13,13,69,0,4.0,69,0
2026-01-30,D001,Milk 2L,37,37,49,0,4.5,49,0
2026-01-30,D002,Eggs (12 pack),26,26,42,0,7.5,42,0
2026-01-30,D003,Butter 500g,31,31,69,1,4.62,69,0
2026-01-30,D004,Cheese 500g,10,29,19,0,8.0,0,0
2026-01-30,DR001,Bottled Water 600mL,13,17,28,0,2.5,24,0
2026-01-30,DR002,Coke 1.5L,11,15,41,0,3.8,37,0
2026-01-30,DR003,Orange Juice 2L,23,23,66,0,5.5,66,0
2026-01-30,DR004,Energy Drink 250mL,14,33,19,0,4.0,0,0
2026-01-30,F001,Bananas,14,41,27,0,3.2,0,0
2026-01-30,F002,Apples,10,38,27,1,3.68,0,1
2026-01-30,FR001,Ice Cream 1L,20,35,15,0,6.5,0,0
2026-01-30,FR002,Frozen Pizza,10,10,54,0,8.0,54,0
2026-01-30,H001,Toilet Paper,17,27,10,0,8.0,0,0
2026-01-30,H002,Laundry Detergent,17,41,24,0,12.0,0,0
2026-01-30,P001,Instant Noodles,21,42,21,0,2.0,0,0
2026-01-30,P002,Rice 1kg,21,37,16,0,3.5,0,0
2026-01-30,P004,Cereal,9,45,36,0,5.0,0,0
2026-01-30,PC001,Shampoo,13,61,48,0,9.5,0,0
2026-01-30,PC002,Toothpaste,9,14,64,0,4.5,59,0
2026-01-30,S001,Potato Chips,30,30,30,0,3.0,30,0
2026-01-30,S002,Chocolate Bar,5,32,27,1,2.43,0,0
2026-01-30,S003,Cookies,21,28,36,0,4.5,29,0
2026-01-31,B001,White Bread,22,22,31,0,3.5,31,0
2026-01-31,B002,Wholemeal Bread,31,69,37,1,3.18,0,1
2026-01-31,D001,Milk 2L,49,49,63,0,4.5,63,0
2026-01-31,D002,Eggs (12 pack),25,42,17,0,7.5,0,0
2026-01-31,D003,Butter 500g,26,69,42,1,4.42,0,1
2026-01-31,D004,Cheese 500g,11,19,42,0,8.0,34,0
2026-01-31,DR001,Bottled Water 600mL,19,28,49,0,2.5,40,0
2026-01-31,DR002,Coke 1.5L,19,41,22,0,3.8,0,0
2026-01-31,DR003,Orange Juice 2L,33,66,33,0,5.5,0,0
2026-01-31,DR004,Energy Drink 250mL,15,19,45,1,3.51,41,0
2026-01-31,F001,Bananas,19,27,28,0,3.2,20,0
2026-01-31,F002,Apples,11,27,16,1,3.19,0,0
2026-01-31,FR001,Ice Cream 1L,15,15,41,0,6.5,41,0
2026-01-31,FR002,Frozen Pizza,24,54,30,1,6.52,0,0
2026-01-31,H001,Toilet Paper,10,10,52,0,8.0,52,0
2026-01-31,H002,Laundry Detergent,19,24,32,0,12.0,27,0
2026-01-31,P001,Instant Noodles,21,21,68,0,2.0,68,0
2026-01-31,P002,Rice 1kg,16,16,68,0,3.5,68,0
2026-01-31,P004,Cereal,11,36,25,0,5.0,0,0
2026-01-31,PC001,Shampoo,16,48,32,0,9.5,0,0
2026-01-31,PC002,Toothpaste,15,64,49,0,4.5,0,0
2026-01-31,S001,Potato Chips,30,30,61,0,3.0,61,0
2026-01-31,S002,Chocolate Bar,7,27,20,0,2.8,0,0
2026-01-31,S003,Cookies,23,36,13,0,4.5,0,0
2026-02-01,B001,White Bread,31,31,49,0,3.5,49,0
2026-02-01,B002,Wholemeal Bread,27,37,10,0,4.0,0,0
2026-02-01,D001,Milk 2L,38,63,25,1,3.18,0,0
2026-02-01,D002,Eggs (12 pack),17,17,54,0,7.5,54,0
2026-02-01,D003,Butter 500g,28,42,14,0,6.0,0,0
2026-02-01,D004,Cheese 500g,11,42,31,0,8.0,0,0
2026-02-01,DR001,Bottled Water 600mL,16,49,33,0,2.5,0,0
2026-02-01,DR002,Coke 1.5L,14,22,39,1,3.17,31,0
2026-02-01,DR003,Orange Juice 2L,27,33,51,0,5.5,45,0
2026-02-01,DR004,Energy Drink 250mL,11,45,34,1,2.88,0,0
2026-02-01,F001,Bananas,20,28,29,0,3.2,21,0
2026-02-01,F002,Apples,13,16,50,0,4.5,47,0
2026-02-01,FR001,Ice Cream 1L,30,41,11,0,6.5,0,0
2026-02-01,FR002,Frozen Pizza,30,30,62,0,8.0,62,0
2026-02-01,H001,Toilet Paper,25,52,27,0,8.0,0,0
2026-02-01,H002,Laundry Detergent,23,32,59,0,12.0,50,0
2026-02-01,P001,Instant Noodles,31,68,37,0,2.0,0,0
2026-02-01,P002,Rice 1kg,37,68,31,1,2.64,0,0
2026-02-01,P004,Cereal,18,25,46,0,5.0,39,0
2026-02-01,PC001,Shampoo,17,32,15,0,9.5,0,0
2026-02-01,PC002,Toothpaste,11,49,38,0,4.5,0,0
2026-02-01,S001,Potato Chips,25,61,36,0,3.0,0,0
2026-02-01,S002,Chocolate Bar,9,20,11,0,2.8,0,0
2026-02-01,S003,Cookies,13,13,49,0,4.5,49,0
2026-02-02,B001,White Bread,23,49,26,0,3.5,0,0
2026-02-02,B002,Wholemeal Bread,10,10,34,0,4.0,34,0
2026-02-02,D001,Milk 2L,25,25,33,0,4.5,33,0
2026-02-02,D002,Eggs (12 pack),24,54,29,0,7.5,0,1
2026-02-02,D003,Butter 500g,14,14,60,0,6.0,60,0
2026-02-02,D004,Cheese 500g,10,31,21,0,8.0,0,0
2026-02-02,DR001,Bottled Water 600mL,14,33,19,1,1.87,0,0
2026-02-02,DR002,Coke 1.5L,9,39,30,0,3.8,0,0
2026-02-02,DR003,Orange Juice 2L,15,51,36,0,5.5,0,0
2026-02-02,DR004,Energy Drink 250mL,13,34,21,0,4.0,0,0
2026-02-02,F001,Bananas,10,29,19,0,3.2,0,0
2026-02-02,F002,Apples,6,50,43,0,4.5,0,1
2026-02-02,FR001,Ice Cream 1L,11,11,64,0,6.5,64,0
2026-02-02,FR002,Frozen Pizza,17,62,45,0,8.0,0,0
2026-02-02,H001,Toilet Paper,20,27,63,0,8.0,56,0
2026-02-02,H002,Laundry Detergent,14,59,45,0,12.0,0,0
2026-02-02,P001,Instant Noodles,18,37,19,1,1.57,0,0
2026-02-02,P002,Rice 1kg,25,31,54,0,3.5,48,0
2026-02-02,P004,Cereal,11,46,35,0,5.0,0,0
2026-02-02,PC001,Shampoo,8,15,58,0,9.5,51,0
2026-02-02,PC002,Toothpaste,8,38,30,0,4.5,0,0
2026-02-02,S001,Potato Chips,22,36,14,0,3.0,0,0
2026-02-02,S002,Chocolate Bar,7,11,28,0,2.8,24,0
2026-02-02,S003,Cookies,12,49,37,0,4.5,0,0
2026-02-03,B001,White Bread,24,26,40,0,3.5,38,0
2026-02-03,B002,Wholemeal Bread,17,34,17,0,4.0,0,0
2026-02-03,D001,Milk 2L,33,33,67,0,4.5,67,0
2026-02-03,D002,Eggs (12 pack),28,29,21,0,7.5,20,0
2026-02-03,D003,Butter 500g,26,60,34,0,6.0,0,0
2026-02-03,D004,Cheese 500g,9,21,12,0,8.0,0,0
2026-02-03,DR001,Bottled Water 600mL,12,19,46,0,2.5,39,0
2026-02-03,DR002,Coke 1.5L,12,30,18,0,3.8,0,0
2026-02-03,DR003,Orange Juice 2L,26,36,10,0,5.5,0,0
2026-02-03,DR004,Energy Drink 250mL,9,21,12,1,3.41,0,0
2026-02-03,F001,Bananas,8,19,11,0,3.2,0,0
2026-02-03,F002,Apples,6,43,36,0,4.5,0,1
2026-02-03,FR001,Ice Cream 1L,64,64,32,0,6.5,32,0
2026-02-03,FR002,Frozen Pizza,12,45,32,0,8.0,0,1
2026-02-03,H001,Toilet Paper,19,63,44,0,8.0,0,0
2026-02-03,H002,Laundry Detergent,19,45,26,0,12.0,0,0
2026-02-03,P001,Instant Noodles,19,19,41,0,2.0,41,0
2026-02-03,P002,Rice 1kg,54,54,54,0,3.5,54,0
2026-02-03,P004,Cereal,9,35,26,0,5.0,0,0
2026-02-03,PC001,Shampoo,8,58,50,1,8.36,0,0
2026-02-03,PC002,Toothpaste,9,30,21,0,4.5,0,0
2026-02-03,S001,Potato Chips,14,14,31,0,3.0,31,0
2026-02-03,S002,Chocolate Bar,6,28,22,0,2.8,0,0
2026-02-03,S003,Cookies,13,37,24,0,4.5,0,0
2026-02-04,B001,White Bread,27,40,13,0,3.5,0,0
2026-02-04,B002,Wholemeal Bread,17,17,42,0,4.0,42,0
2026-02-04,D001,Milk 2L,43,67,24,0,4.5,0,0
2026-02-04,D002,Eggs (12 pack),21,21,34,0,7.5,34,0
2026-02-04,D003,Butter 500g,19,34,15,0,6.0,0,0
2026-02-04,D004,Cheese 500g,7,12,39,0,8.0,34,0
2026-02-04,DR001,Bottled Water 600mL,17,46,29,0,2.5,0,0
2026-02-04,DR002,Coke 1.5L,12,18,58,0,3.8,52,0
2026-02-04,DR003,Orange Juice 2L,10,10,44,0,5.5,44,0
2026-02-04,DR004,Energy Drink 250mL,9,12,29,0,4.0,26,0
2026-02-04,F001,Bananas,11,11,45,0,3.2,45,0
2026-02-04,F002,Apples,8,36,28,1,3.76,0,0
2026-02-04,FR001,Ice Cream 1L,17,32,15,0,6.5,0,0
2026-02-04,FR002,Frozen Pizza,32,32,61,0,8.0,61,0
2026-02-04,H001,Toilet Paper,15,44,29,0,8.0,0,0
2026-02-04,H002,Laundry Detergent,10,26,16,0,12.0,0,0
2026-02-04,P001,Instant Noodles,24,41,17,0,2.0,0,0
2026-02-04,P002,Rice 1kg,17,54,37,0,3.5,0,0
2026-02-04,P004,Cereal,10,26,16,0,5.0,0,0
2026-02-04,PC001,Shampoo,10,50,40,0,9.5,0,0
2026-02-04,PC002,Toothpaste,8,21,13,1,3.16,0,0
2026-02-04,S001,Potato Chips,28,31,48,0,3.0,45,0
2026-02-04,S002,Chocolate Bar,6,22,16,0,2.8,0,0
2026-02-04,S003,Cookies,13,24,11,0,4.5,0,0
2026-02-05,B001,White Bread,13,13,32,1,2.54,32,0
2026-02-05,B002,Wholemeal Bread,20,42,21,0,4.0,0,1
2026-02-05,D001,Milk 2L,24,24,33,0,4.5,33,0
2026-02-05,D002,Eggs (12 pack),27,34,47,1,5.93,40,0
2026-02-05,D003,Butter 500g,15,15,64,0,6.0,64,0
2026-02-05,D004,Cheese 500g,8,39,30,0,8.0,0,1
2026-02-05,DR001,Bottled Water 600mL,14,29,15,0,2.5,0,0
2026-02-05,DR002,Coke 1.5L,7,58,51,0,3.8,0,0
2026-02-05,DR003,Orange Juice 2L,26,44,18,0,5.5,0,0
2026-02-05,DR004,Energy Drink 250mL,10,29,19,0,4.0,0,0
2026-02-05,F001,Bananas,11,45,34,1,2.24,0,0
2026-02-05,F002,Apples,9,28,19,0,4.5,0,0
2026-02-05,FR001,Ice Cream 1L,15,15,50,0,6.5,50,0
2026-02-05,FR002,Frozen Pizza,11,61,49,0,8.0,0,1
2026-02-05,H001,Toilet Paper,13,29,16,0,8.0,0,0
2026-02-05,H002,Laundry Detergent,13,16,38,0,12.0,35,0
2026-02-05,P001,Instant Noodles,17,17,68,0,2.0,68,0
2026-02-05,P002,Rice 1kg,21,37,16,0,3.5,0,0
2026-02-05,P004,Cereal,11,16,59,0,5.0,54,0
2026-02-05,PC001,Shampoo,8,40,32,0,9.5,0,0
2026-02-05,PC002,Toothpaste,10,13,33,0,4.5,30,0
2026-02-05,S001,Potato Chips,24,48,24,0,3.0,0,0
2026-02-05,S002,Chocolate Bar,7,16,46,0,2.8,37,0
2026-02-05,S003,Cookies,11,11,46,0,4.5,46,0
2026-02-06,B001,White Bread,18,32,14,0,3.5,0,0
2026-02-06,B002,Wholemeal Bread,9,21,12,0,4.0,0,0
2026-02-06,D001,Milk 2L,22,33,11,0,4.5,0,0
2026-02-06,D002,Eggs (12 pack),11,47,35,0,7.5,0,1
2026-02-06,D003,Butter 500g,16,64,48,0,6.0,0,0
2026-02-06,D004,Cheese 500g,3,30,27,0,8.0,0,0
2026-02-06,DR001,Bottled Water 600mL,7,15,64,0,2.5,56,0
2026-02-06,DR002,Coke 1.5L,6,51,45,0,3.8,0,0
2026-02-06,DR003,Orange Juice 2L,15,18,38,0,5.5,35,0
2026-02-06,DR004,Energy Drink 250mL,7,19,12,1,2.83,0,0
2026-02-06,F001,Bananas,6,34,28,0,3.2,0,0
2026-02-06,F002,Apples,5,19,14,0,4.5,0,0
2026-02-06,FR001,Ice Cream 1L,15,50,35,0,6.5,0,0
2026-02-06,FR002,Frozen Pizza,7,49,41,1,7.01,0,1
2026-02-06,H001,Toilet Paper,11,16,62,0,8.0,57,0
2026-02-06,H002,Laundry Detergent,9,38,29,0,12.0,0,0
2026-02-06,P001,Instant Noodles,68,68,52,0,2.0,52,0
2026-02-06,P002,Rice 1kg,16,16,51,1,2.73,51,0
2026-02-06,P004,Cereal,5,59,54,0,5.0,0,0
2026-02-06,PC001,Shampoo,6,32,26,0,9.5,0,0
2026-02-06,PC002,Toothpaste,6,33,27,0,4.5,0,0
2026-02-06,S001,Potato Chips,16,24,29,0,3.0,21,0
2026-02-06,S002,Chocolate Bar,3,46,43,0,2.8,0,0
2026-02-06,S003,Cookies,9,46,37,0,4.5,0,0
2026-02-07,B001,White Bread,14,14,48,0,3.5,48,0
2026-02-07,B002,Wholemeal Bread,12,12,60,0,4.0,60,0
2026-02-07,D001,Milk 2L,11,11,36,0,4.5,36,0
2026-02-07,D002,Eggs (12 pack),35,35,40,0,7.5,40,0
2026-02-07,D003,Butter 500g,41,48,55,0,6.0,48,0
2026-02-07,D004,Cheese 500g,20,27,51,0,8.0,44,0
2026-02-07,DR001,Bottled Water 600mL,23,64,41,0,2.5,0,0
2026-02-07,DR002,Coke 1.5L,21,45,24,0,3.8,0,0
2026-02-07,DR003,Orange Juice 2L,38,38,50,0,5.5,50,0
2026-02-07,DR004,Energy Drink 250mL,12,12,34,1,3.28,34,0
2026-02-07,F001,Bananas,16,28,12,0,3.2,0,0
2026-02-07,F002,Apples,14,14,57,0,4.5,57,0
2026-02-07,FR001,Ice Cream 1L,35,35,66,0,6.5,66,0
2026-02-07,FR002,Frozen Pizza,22,41,19,0,8.0,0,0
2026-02-07,H001,Toilet Paper,42,62,20,0,8.0,0,0
2026-02-07,H002,Laundry Detergent,21,29,48,1,8.96,40,0
2026-02-07,P001,Instant Noodles,31,52,21,0,2.0,0,0
2026-02-07,P002,Rice 1kg,51,51,58,1,3.07,58,0
2026-02-07,P004,Cereal,24,54,30,0,5.0,0,0
2026-02-07,PC001,Shampoo,20,26,61,0,9.5,55,0
2026-02-07,PC002,Toothpaste,15,27,12,0,4.5,0,0
2026-02-07,S001,Potato Chips,29,29,50,0,3.0,50,0
2026-02-07,S002,Chocolate Bar,8,43,35,1,2.18,0,0
2026-02-07,S003,Cookies,30,37,45,0,4.5,38,0
2026-02-08,B001,White Bread,36,48,12,0,3.5,0,0
2026-02-08,B002,Wholemeal Bread,32,60,28,0,4.0,0,0
2026-02-08,D001,Milk 2L,36,36,50,0,4.5,50,0
2026-02-08,D002,Eggs (12 pack),39,40,52,0,7.5,51,0
2026-02-08,D003,Butter 500g,30,55,25,0,6.0,0,0
2026-02-08,D004,Cheese 500g,14,51,36,0,8.0,0,1
2026-02-08,DR001,Bottled Water 600mL,19,41,22,0,2.5,0,0
2026-02-08,DR002,Coke 1.5L,14,24,10,0,3.8,0,0
2026-02-08,DR003,Orange Juice 2L,27,50,23,0,5.5,0,0
2026-02-08,DR004,Energy Drink 250mL,16,34,18,0,4.0,0,0
2026-02-08,F001,Bananas,12,12,57,1,2.68,57,0
2026-02-08,F002,Apples,14,57,42,0,4.5,0,1
2026-02-08,FR001,Ice Cream 1L,38,66,28,0,6.5,0,0
2026-02-08,FR002,Frozen Pizza,19,19,59,0,8.0,59,0
2026-02-08,H001,Toilet Paper,20,20,66,0,8.0,66,0
2026-02-08,H002,Laundry Detergent,23,48,25,1,10.03,0,0
2026-02-08,P001,Instant Noodles,21,21,62,0,2.0,62,0
2026-02-08,P002,Rice 1kg,27,58,31,0,3.5,0,0
2026-02-08,P004,Cereal,13,30,17,0,5.0,0,0
2026-02-08,PC001,Shampoo,13,61,48,0,9.5,0,0
2026-02-08,PC002,Toothpaste,12,12,47,1,3.51,47,0
2026-02-08,S001,Potato Chips,41,50,63,1,2.53,54,0
2026-02-08,S002,Chocolate Bar,11,35,24,0,2.8,0,0
2026-02-08,S003,Cookies,23,45,22,0,4.5,0,0
2026-02-09,B001,White Bread,12,12,65,0,3.5,65,0
2026-02-09,B002,Wholemeal Bread,17,28,11,1,3.05,0,0
2026-02-09,D001,Milk 2L,43,50,28,1,3.27,21,0
2026-02-09,D002,Eggs (12 pack),18,52,33,0,7.5,0,1
2026-02-09,D003,Butter 500g,25,25,66,0,6.0,66,0
2026-02-09,D004,Cheese 500g,10,36,26,0,8.0,0,0
2026-02-09,DR001,Bottled Water 600mL,16,22,56,0,2.5,50,0
2026-02-09,DR002,Coke 1.5L,9,10,43,0,3.8,42,0
2026-02-09,DR003,Orange Juice 2L,20,23,32,0,5.5,29,0
2026-02-09,DR004,Energy Drink 250mL,7,18,11,0,4.0,0,0
2026-02-09,F001,Bananas,12,57,44,0,3.2,0,1
2026-02-09,F002,Apples,6,42,36,0,4.5,0,0
2026-02-09,FR001,Ice Cream 1L,19,28,54,0,6.5,45,0
2026-02-09,FR002,Frozen Pizza,15,59,43,0,8.0,0,1
2026-02-09,H001,Toilet Paper,20,66,46,1,5.89,0,0
2026-02-09,H002,Laundry Detergent,11,25,14,0,12.0,0,0
2026-02-09,P001,Instant Noodles,17,62,45,0,2.0,0,0
2026-02-09,P002,Rice 1kg,20,31,11,0,3.5,0,0
2026-02-09,P004,Cereal,10,17,44,0,5.0,37,0
2026-02-09,PC001,Shampoo,8,48,40,0,9.5,0,0
2026-02-09,PC002,Toothpaste,12,47,35,0,4.5,0,0
2026-02-09,S001,Potato Chips,24,63,39,0,3.0,0,0
2026-02-09,S002,Chocolate Bar,4,24,20,1,2.52,0,0
2026-02-09,S003,Cookies,14,22,61,0,4.5,53,0
2026-02-10,B001,White Bread,22,65,42,0,3.5,0,1
2026-02-10,B002,Wholemeal Bread,11,11,41,1,3.55,41,0
2026-02-10,D001,Milk 2L,28,28,69,0,4.5,69,0
2026-02-10,D002,Eggs (12 pack),16,33,17,0,7.5,0,0
2026-02-10,D003,Butter 500g,18,66,46,0,6.0,0,2
2026-02-10,D004,Cheese 500g,6,26,20,0,8.0,0,0
2026-02-10,DR001,Bottled Water 600mL,10,56,46,0,2.5,0,0
2026-02-10,DR002,Coke 1.5L,10,43,33,0,3.8,0,0
2026-02-10,DR003,Orange Juice 2L,26,32,44,0,5.5,38,0
2026-02-10,DR004,Energy Drink 250mL,10,11,57,0,4.0,56,0
2026-02-10,F001,Bananas,13,44,30,1,2.37,0,1
2026-02-10,F002,Apples,8,36,27,0,4.5,0,1
2026-02-10,FR001,Ice Cream 1L,16,54,37,0,6.5,0,1
2026-02-10,FR002,Frozen Pizza,19,43,24,0,8.0,0,0
2026-02-10,H001,Toilet Paper,19,46,27,0,8.0,0,0
2026-02-10,H002,Laundry Detergent,13,14,44,1,9.29,43,0
2026-02-10,P001,Instant Noodles,20,45,25,1,1.64,0,0
2026-02-10,P002,Rice 1kg,11,11,51,0,3.5,51,0
2026-02-10,P004,Cereal,12,44,32,1,4.3,0,0
2026-02-10,PC001,Shampoo,11,40,29,1,7.97,0,0
2026-02-10,PC002,Toothpaste,11,35,24,0,4.5,0,0
2026-02-10,S001,Potato Chips,18,39,21,0,3.0,0,0
2026-02-10,S002,Chocolate Bar,6,20,14,0,2.8,0,0
2026-02-10,S003,Cookies,20,61,41,0,4.5,0,0
2026-02-11,B001,White Bread,22,42,20,0,3.5,0,0
2026-02-11,B002,Wholemeal Bread,15,41,26,0,4.0,0,0
2026-02-11,D001,Milk 2L,28,69,40,1,3.23,0,1
2026-02-11,D002,Eggs (12 pack),17,17,47,0,7.5,47,0
2026-02-11,D003,Butter 500g,20,46,25,0,6.0,0,1
2026-02-11,D004,Cheese 500g,9,20,11,1,5.91,0,0
2026-02-11,DR001,Bottled Water 600mL,16,46,30,0,2.5,0,0
2026-02-11,DR002,Coke 1.5L,8,33,25,0,3.8,0,0
2026-02-11,DR003,Orange Juice 2L,24,44,20,0,5.5,0,0
2026-02-11,DR004,Energy Drink 250mL,11,57,46,0,4.0,0,0
2026-02-11,F001,Bananas,9,30,21,0,3.2,0,0
2026-02-11,F002,Apples,9,27,18,0,4.5,0,0
2026-02-11,FR001,Ice Cream 1L,17,37,20,0,6.5,0,0
2026-02-11,FR002,Frozen Pizza,13,24,11,0,8.0,0,0
2026-02-11,H001,Toilet Paper,18,27,45,0,8.0,36,0
2026-02-11,H002,Laundry Detergent,14,44,30,0,12.0,0,0
2026-02-11,P001,Instant Noodles,15,25,10,0,2.0,0,0
2026-02-11,P002,Rice 1kg,21,51,30,1,2.83,0,0
2026-02-11,P004,Cereal,7,32,25,0,5.0,0,0
2026-02-11,PC001,Shampoo,10,29,19,0,9.5,0,0
2026-02-11,PC002,Toothpaste,9,24,15,0,4.5,0,0
2026-02-11,S001,Potato Chips,21,21,59,0,3.0,59,0
2026-02-11,S002,Chocolate Bar,7,14,28,0,2.8,21,0
2026-02-11,S003,Cookies,17,41,24,0,4.5,0,0
2026-02-12,B001,White Bread,20,20,31,0,3.5,31,0
2026-02-12,B002,Wholemeal Bread,21,26,59,0,4.0,54,0
2026-02-12,D001,Milk 2L,34,40,26,0,4.5,20,0
2026-02-12,D002,Eggs (12 pack),19,47,28,0,7.5,0,0
2026-02-12,D003,Butter 500g,20,25,35,0,6.0,30,0
2026-02-12,D004,Cheese 500g,8,11,45,0,8.0,42,0
2026-02-12,DR001,Bottled Water 600mL,16,30,14,0,2.5,0,0
2026-02-12,DR002,Coke 1.5L,12,25,13,0,3.8,0,0
2026-02-12,DR003,Orange Juice 2L,20,20,52,0,5.5,52,0
2026-02-12,DR004,Energy Drink 250mL,10,46,36,0,4.0,0,0
2026-02-12,F001,Bananas,13,21,61,0,3.2,53,0
2026-02-12,F002,Apples,6,18,12,1,3.61,0,0
2026-02-12,FR001,Ice Cream 1L,20,20,61,0,6.5,61,0
2026-02-12,FR002,Frozen Pizza,11,11,43,0,8.0,43,0
2026-02-12,H001,Toilet Paper,12,45,33,0,8.0,0,0
2026-02-12,H002,Laundry Detergent,11,30,19,0,12.0,0,0
2026-02-12,P001,Instant Noodles,10,10,59,0,2.0,59,0
2026-02-12,P002,Rice 1kg,29,30,47,0,3.5,46,0
2026-02-12,P004,Cereal,7,25,18,0,5.0,0,0
2026-02-12,PC001,Shampoo,10,19,59,0,9.5,50,0
2026-02-12,PC002,Toothpaste,12,15,50,0,4.5,47,0
2026-02-12,S001,Potato Chips,17,59,42,0,3.0,0,0
2026-02-12,S002,Chocolate Bar,7,28,21,0,2.8,0,0
2026-02-12,S003,Cookies,13,24,11,0,4.5,0,0
2026-02-13,B001,White Bread,31,31,37,0,3.5,37,0
2026-02-13,B002,Wholemeal Bread,28,59,31,1,3.19,0,0
2026-02-13,D001,Milk 2L,26,26,61,1,3.77,61,0
2026-02-13,D002,Eggs (12 pack),21,28,35,0,7.5,28,0
2026-02-13,D003,Butter 500g,30,35,39,0,6.0,34,0
2026-02-13,D004,Cheese 500g,45,45,64,1,5.85,64,0
2026-02-13,DR001,Bottled Water 600mL,13,14,26,0,2.5,25,0
2026-02-13,DR002,Coke 1.5L,9,13,60,0,3.8,56,0
2026-02-13,DR003,Orange Juice 2L,19,52,32,0,5.5,0,1
2026-02-13,DR004,Energy Drink 250mL,8,36,28,0,4.0,0,0
2026-02-13,F001,Bananas,17,61,44,0,3.2,0,0
2026-02-13,F002,Apples,7,12,63,0,4.5,58,0
2026-02-13,FR001,Ice Cream 1L,25,61,35,0,6.5,0,1
2026-02-13,FR002,Frozen Pizza,17,43,25,0,8.0,0,1
2026-02-13,H001,Toilet Paper,20,33,13,1,6.01,0,0
2026-02-13,H002,Laundry Detergent,17,19,50,0,12.0,48,0
2026-02-13,P001,Instant Noodles,29,59,30,0,2.0,0,0
2026-02-13,P002,Rice 1kg,28,47,19,0,3.5,0,0
2026-02-13,P004,Cereal,11,18,28,0,5.0,21,0
2026-02-13,PC001,Shampoo,11,59,48,0,9.5,0,0
2026-02-13,PC002,Toothpaste,11,50,39,0,4.5,0,0
2026-02-13,S001,Potato Chips,25,42,17,1,2.7,0,0
2026-02-13,S002,Chocolate Bar,9,21,12,0,2.8,0,0
2026-02-13,S003,Cookies,11,11,56,0,4.5,56,0
2026-02-14,B001,White Bread,37,37,33,0,3.5,33,0
2026-02-14,B002,Wholemeal Bread,31,31,40,0,4.0,40,0
2026-02-14,D001,Milk 2L,57,61,60,0,4.5,56,0
2026-02-14,D002,Eggs (12 pack),33,35,34,0,7.5,32,0
2026-02-14,D003,Butter 500g,25,39,14,0,6.0,0,0
2026-02-14,D004,Cheese 500g,10,64,52,0,8.0,0,2
2026-02-14,DR001,Bottled Water 600mL,15,26,11,0,2.5,0,0
2026-02-14,DR002,Coke 1.5L,12,60,48,0,3.8,0,0
2026-02-14,DR003,Orange Juice 2L,22,32,10,0,5.5,0,0
2026-02-14,DR004,Energy Drink 250mL,16,28,12,0,4.0,0,0
2026-02-14,F001,Bananas,15,44,29,0,3.2,0,0
2026-02-14,F002,Apples,8,63,55,1,3.2,0,0
2026-02-14,FR001,Ice Cream 1L,35,35,59,0,6.5,59,0
2026-02-14,FR002,Frozen Pizza,24,25,26,0,8.0,25,0
2026-02-14,H001,Toilet Paper,13,13,48,0,8.0,48,0
2026-02-14,H002,Laundry Detergent,16,50,34,0,12.0,0,0
2026-02-14,P001,Instant Noodles,30,30,42,0,2.0,42,0
2026-02-14,P002,Rice 1kg,19,19,68,0,3.5,68,0
2026-02-14,P004,Cereal,10,28,18,0,5.0,0,0
2026-02-14,PC001,Shampoo,10,48,38,0,9.5,0,0
2026-02-14,PC002,Toothpaste,11,39,28,0,4.5,0,0
2026-02-14,S001,Potato Chips,17,17,62,0,3.0,62,0
2026-02-14,S002,Chocolate Bar,6,12,34,0,2.8,28,0
2026-02-14,S003,Cookies,17,56,39,0,4.5,0,0
2026-02-15,B001,White Bread,33,33,42,0,3.5,42,0
2026-02-15,B002,Wholemeal Bread,23,40,17,1,3.17,0,0
2026-02-15,D001,Milk 2L,56,60,33,0,4.5,29,0
2026-02-15,D002,Eggs (12 pack),34,34,66,0,7.5,66,0
2026-02-15,D003,Butter 500g,14,14,49,0,6.0,49,0
2026-02-15,D004,Cheese 500g,14,52,38,0,8.0,0,0
2026-02-15,DR001,Bottled Water 600mL,11,11,33,1,1.79,33,0
2026-02-15,DR002,Coke 1.5L,15,48,33,0,3.8,0,0
2026-02-15,DR003,Orange Juice 2L,10,10,57,0,5.5,57,0
2026-02-15,DR004,Energy Drink 250mL,12,12,49,0,4.0,49,0
2026-02-15,F001,Bananas,18,29,11,0,3.2,0,0
2026-02-15,F002,Apples,10,55,45,0,4.5,0,0
2026-02-15,FR001,Ice Cream 1L,35,59,24,0,6.5,0,0
2026-02-15,FR002,Frozen Pizza,18,26,34,0,8.0,26,0
2026-02-15,H001,Toilet Paper,23,48,25,0,8.0,0,0
2026-02-15,H002,Laundry Detergent,19,34,15,0,12.0,0,0
2026-02-15,P001,Instant Noodles,24,42,18,0,2.0,0,0
2026-02-15,P002,Rice 1kg,28,68,40,1,2.58,0,0
2026-02-15,P004,Cereal,12,18,33,0,5.0,27,0
2026-02-15,PC001,Shampoo,14,38,24,0,9.5,0,0
2026-02-15,PC002,Toothpaste,13,28,15,0,4.5,0,0
2026-02-15,S001,Potato Chips,24,62,38,0,3.0,0,0
2026-02-15,S002,Chocolate Bar,9,34,25,0,2.8,0,0
2026-02-15,S003,Cookies,19,39,20,0,4.5,0,0
2026-02-16,B001,White Bread,27,42,15,0,3.5,0,0
2026-02-16,B002,Wholemeal Bread,16,17,46,1,3.15,45,0
2026-02-16,D001,Milk 2L,26,33,41,1,3.87,34,0
2026-02-16,D002,Eggs (12 pack),27,66,38,0,7.5,0,1
2026-02-16,D003,Butter 500g,29,49,20,0,6.0,0,0
2026-02-16,D004,Cheese 500g,10,38,28,0,8.0,0,0
2026-02-16,DR001,Bottled Water 600mL,11,33,22,0,2.5,0,0
2026-02-16,DR002,Coke 1.5L,12,33,21,0,3.8,0,0
2026-02-16,DR003,Orange Juice 2L,15,57,42,0,5.5,0,0
2026-02-16,DR004,Energy Drink 250mL,11,49,38,0,4.0,0,0
2026-02-16,F001,Bananas,11,11,47,0,3.2,47,0
2026-02-16,F002,Apples,6,45,38,0,4.5,0,1
2026-02-16,FR001,Ice Cream 1L,21,24,33,0,6.5,30,0
2026-02-16,FR002,Frozen Pizza,14,34,20,0,8.0,0,0
2026-02-16,H001,Toilet Paper,21,25,35,0,8.0,31,0
2026-02-16,H002,Laundry Detergent,15,15,58,0,12.0,58,0
2026-02-16,P001,Instant Noodles,18,18,35,0,2.0,35,0
2026-02-16,P002,Rice 1kg,27,40,13,1,2.88,0,0
2026-02-16,P004,Cereal,7,33,26,0,5.0,0,0
2026-02-16,PC001,Shampoo,6,24,18,0,9.5,0,0
2026-02-16,PC002,Toothpaste,10,15,39,0,4.5,34,0
2026-02-16,S001,Potato Chips,27,38,11,0,3.0,0,0
2026-02-16,S002,Chocolate Bar,6,25,19,0,2.8,0,0
2026-02-16,S003,Cookies,19,20,55,1,3.49,54,0
2026-02-17,B001,White Bread,15,15,58,0,3.5,58,0
2026-02-17,B002,Wholemeal Bread,22,46,24,0,4.0,0,0
2026-02-17,D001,Milk 2L,27,41,14,0,4.5,0,0
2026-02-17,D002,Eggs (12 pack),17,38,21,0,7.5,0,0
2026-02-17,D003,Butter 500g,19,20,52,0,6.0,51,0
2026-02-17,D004,Cheese 500g,10,28,18,0,8.0,0,0
2026-02-17,DR001,Bottled Water 600mL,13,22,41,0,2.5,32,0
2026-02-17,DR002,Coke 1.5L,11,21,10,0,3.8,0,0
2026-02-17,DR003,Orange Juice 2L,17,42,24,0,5.5,0,1
2026-02-17,DR004,Energy Drink 250mL,12,38,26,0,4.0,0,0
2026-02-17,F001,Bananas,8,47,39,0,3.2,0,0
2026-02-17,F002,Apples,9,38,29,1,3.89,0,0
2026-02-17,FR001,Ice Cream 1L,23,33,10,0,6.5,0,0
2026-02-17,FR002,Frozen Pizza,13,20,53,1,7.06,46,0
2026-02-17,H001,Toilet Paper,20,35,15,0,8.0,0,0
2026-02-17,H002,Laundry Detergent,17,58,41,0,12.0,0,0
2026-02-17,P001,Instant Noodles,17,35,18,0,2.0,0,0
2026-02-17,P002,Rice 1kg,13,13,51,0,3.5,51,0
2026-02-17,P004,Cereal,12,26,14,0,5.0,0,0
2026-02-17,PC001,Shampoo,6,18,12,0,9.5,0,0
2026-02-17,PC002,Toothpaste,8,39,31,0,4.5,0,0
2026-02-17,S001,Potato Chips,11,11,44,0,3.0,44,0
2026-02-17,S002,Chocolate Bar,6,19,13,0,2.8,0,0
2026-02-17,S003,Cookies,13,55,42,0,4.5,0,0
2026-02-18,B001,White Bread,34,58,23,1,2.52,0,1
2026-02-18,B002,Wholemeal Bread,21,24,35,1,2.98,32,0
2026-02-18,D001,Milk 2L,14,14,44,0,4.5,44,0
2026-02-18,D002,Eggs (12 pack),21,21,65,0,7.5,65,0
2026-02-18,D003,Butter 500g,27,52,25,0,6.0,0,0
2026-02-18,D004,Cheese 500g,6,18,12,0,8.0,0,0
2026-02-18,DR001,Bottled Water 600mL,12,41,29,0,2.5,0,0
2026-02-18,DR002,Coke 1.5L,9,10,59,1,3.12,58,0
2026-02-18,DR003,Orange Juice 2L,20,24,56,0,5.5,52,0
2026-02-18,DR004,Energy Drink 250mL,13,26,13,0,4.0,0,0
2026-02-18,F001,Bananas,13,39,26,0,3.2,0,0
2026-02-18,F002,Apples,7,29,22,0,4.5,0,0
2026-02-18,FR001,Ice Cream 1L,10,10,53,1,5.03,53,0
2026-02-18,FR002,Frozen Pizza,14,53,39,0,8.0,0,0
2026-02-18,H001,Toilet Paper,15,15,64,0,8.0,64,0
2026-02-18,H002,Laundry Detergent,14,41,27,1,9.32,0,0
2026-02-18,P001,Instant Noodles,18,18,69,0,2.0,69,0
2026-02-18,P002,Rice 1kg,17,51,34,0,3.5,0,0
2026-02-18,P004,Cereal,9,14,46,0,5.0,41,0
2026-02-18,PC001,Shampoo,6,12,34,0,9.5,28,0
2026-02-18,PC002,Toothpaste,31,31,39,0,4.5,39,0
2026-02-18,S001,Potato Chips,21,44,23,0,3.0,0,0
2026-02-18,S002,Chocolate Bar,5,13,38,0,2.8,30,0
2026-02-18,S003,Cookies,20,42,22,0,4.5,0,0
2026-02-19,B001,White Bread,23,23,44,0,3.5,44,0
2026-02-19,B002,Wholemeal Bread,23,35,12,0,4.0,0,0
2026-02-19,D001,Milk 2L,40,44,59,0,4.5,55,0
2026-02-19,D002,Eggs (12 pack),65,65,39,0,7.5,39,0
2026-02-19,D003,Butter 500g,19,25,50,0,6.0,44,0
2026-02-19,D004,Cheese 500g,12,12,62,0,8.0,62,0
2026-02-19,DR001,Bottled Water 600mL,11,29,18,0,2.5,0,0
2026-02-19,DR002,Coke 1.5L,11,59,48,1,2.86,0,0
2026-02-19,DR003,Orange Juice 2L,16,56,39,1,3.85,0,1
2026-02-19,DR004,Energy Drink 250mL,7,13,27,0,4.0,21,0
2026-02-19,F001,Bananas,12,26,14,0,3.2,0,0
2026-02-19,F002,Apples,7,22,15,0,4.5,0,0
2026-02-19,FR001,Ice Cream 1L,21,53,31,0,6.5,0,1
2026-02-19,FR002,Frozen Pizza,16,39,22,0,8.0,0,1
2026-02-19,H001,Toilet Paper,17,64,47,0,8.0,0,0
2026-02-19,H002,Laundry Detergent,13,27,14,0,12.0,0,0
2026-02-19,P001,Instant Noodles,22,69,47,0,2.0,0,0
2026-02-19,P002,Rice 1kg,17,34,17,0,3.5,0,0
2026-02-19,P004,Cereal,11,46,35,0,5.0,0,0
2026-02-19,PC001,Shampoo,10,34,24,1,7.05,0,0
2026-02-19,PC002,Toothpaste,10,39,29,0,4.5,0,0
2026-02-19,S001,Potato Chips,17,23,54,0,3.0,48,0
2026-02-19,S002,Chocolate Bar,7,38,31,0,2.8,0,0
2026-02-19,S003,Cookies,16,22,53,0,4.5,47,0
2026-02-20,B001,White Bread,33,44,11,0,3.5,0,0
2026-02-20,B002,Wholemeal Bread,12,12,58,0,4.0,58,0
2026-02-20,D001,Milk 2L,29,59,30,0,4.5,0,0
2026-02-20,D002,Eggs (12 pack),32,39,53,0,7.5,46,0
2026-02-20,D003,Butter 500g,23,50,27,0,6.0,0,0
2026-02-20,D004,Cheese 500g,10,62,52,1,6.22,0,0
2026-02-20,DR001,Bottled Water 600mL,18,18,65,1,2.18,65,0
2026-02-20,DR002,Coke 1.5L,14,48,34,1,2.94,0,0
2026-02-20,DR003,Orange Juice 2L,31,39,58,0,5.5,50,0
2026-02-20,DR004,Energy Drink 250mL,16,27,11,0,4.0,0,0
2026-02-20,F001,Bananas,14,14,67,0,3.2,67,0
2026-02-20,F002,Apples,8,15,49,0,4.5,42,0
2026-02-20,FR001,Ice Cream 1L,27,31,33,0,6.5,29,0
2026-02-20,FR002,Frozen Pizza,13,22,35,1,6.15,26,0
2026-02-20,H001,Toilet Paper,26,47,21,0,8.0,0,0
2026-02-20,H002,Laundry Detergent,14,14,54,0,12.0,54,0
2026-02-20,P001,Instant Noodles,23,47,24,0,2.0,0,0
2026-02-20,P002,Rice 1kg,17,17,44,0,3.5,44,0
2026-02-20,P004,Cereal,10,35,25,0,5.0,0,0
2026-02-20,PC001,Shampoo,9,24,15,1,7.29,0,0
2026-02-20,PC002,Toothpaste,15,29,14,0,4.5,0,0
2026-02-20,S001,Potato Chips,34,54,20,0,3.0,0,0
2026-02-20,S002,Chocolate Bar,5,31,26,0,2.8,0,0
2026-02-20,S003,Cookies,24,53,29,0,4.5,0,0
2026-02-21,B001,White Bread,11,11,59,0,3.5,59,0
2026-02-21,B002,Wholemeal Bread,38,58,20,0,4.0,0,0
2026-02-21,D001,Milk 2L,30,30,38,0,4.5,38,0
2026-02-21,D002,Eggs (12 pack),29,53,24,0,7.5,0,0
2026-02-21,D003,Butter 500g,26,27,26,1,4.28,25,0
2026-02-21,D004,Cheese 500g,12,52,39,0,8.0,0,1
2026-02-21,DR001,Bottled Water 600mL,16,65,49,0,2.5,0,0
2026-02-21,DR002,Coke 1.5L,20,34,14,0,3.8,0,0
2026-02-21,DR003,Orange Juice 2L,40,58,18,0,5.5,0,0
2026-02-21,DR004,Energy Drink 250mL,11,11,30,0,4.0,30,0
2026-02-21,F001,Bananas,14,67,51,0,3.2,0,2
2026-02-21,F002,Apples,10,49,38,0,4.5,0,1
2026-02-21,FR001,Ice Cream 1L,27,33,44,0,6.5,38,0
2026-02-21,FR002,Frozen Pizza,28,35,62,0,8.0,55,0
2026-02-21,H001,Toilet Paper,21,21,58,0,8.0,58,0
2026-02-21,H002,Laundry Detergent,23,54,31,0,12.0,0,0
2026-02-21,P001,Instant Noodles,21,24,39,0,2.0,36,0
2026-02-21,P002,Rice 1kg,26,44,18,0,3.5,0,0
2026-02-21,P004,Cereal,15,25,10,0,5.0,0,0
2026-02-21,PC001,Shampoo,15,15,65,0,9.5,65,0
2026-02-21,PC002,Toothpaste,14,14,63,0,4.5,63,0
2026-02-21,S001,Potato Chips,20,20,31,0,3.0,31,0
2026-02-21,S002,Chocolate Bar,7,26,19,0,2.8,0,0
2026-02-21,S003,Cookies,28,29,58,0,4.5,57,0
2026-02-22,B001,White Bread,49,59,10,0,3.5,0,0
2026-02-22,B002,Wholemeal Bread,20,20,56,0,4.0,56,0
2026-02-22,D001,Milk 2L,38,38,31,0,4.5,31,0
2026-02-22,D002,Eggs (12 pack),24,24,47,1,6.73,47,0
2026-02-22,D003,Butter 500g,26,26,50,0,6.0,50,0
2026-02-22,D004,Cheese 500g,15,39,24,0,8.0,0,0
2026-02-22,DR001,Bottled Water 600mL,49,49,68,0,2.5,68,0
2026-02-22,DR002,Coke 1.5L,14,14,68,0,3.8,68,0
2026-02-22,DR003,Orange Juice 2L,18,18,42,0,5.5,42,0
2026-02-22,DR004,Energy Drink 250mL,14,30,16,0,4.0,0,0
2026-02-22,F001,Bananas,12,51,38,1,2.59,0,1
2026-02-22,F002,Apples,13,38,25,0,4.5,0,0
2026-02-22,FR001,Ice Cream 1L,24,44,20,0,6.5,0,0
2026-02-22,FR002,Frozen Pizza,16,62,46,0,8.0,0,0
2026-02-22,H001,Toilet Paper,32,58,26,0,8.0,0,0
2026-02-22,H002,Laundry Detergent,16,31,15,0,12.0,0,0
2026-02-22,P001,Instant Noodles,35,39,54,0,2.0,50,0
2026-02-22,P002,Rice 1kg,18,18,59,0,3.5,59,0
2026-02-22,P004,Cereal,10,10,55,0,5.0,55,0
2026-02-22,PC001,Shampoo,11,65,54,0,9.5,0,0
2026-02-22,PC002,Toothpaste,19,63,44,0,4.5,0,0
2026-02-22,S001,Potato Chips,31,31,56,1,2.43,56,0
2026-02-22,S002,Chocolate Bar,9,19,10,0,2.8,0,0
2026-02-22,S003,Cookies,28,58,30,0,4.5,0,0
2026-02-23,B001,White Bread,10,10,36,1,2.68,36,0
2026-02-23,B002,Wholemeal Bread,56,56,56,0,4.0,56,0
2026-02-23,D001,Milk 2L,31,31,57,0,4.5,57,0
2026-02-23,D002,Eggs (12 pack),17,47,30,0,7.5,0,0
2026-02-23,D003,Butter 500g,21,50,28,0,6.0,0,1
2026-02-23,D004,Cheese 500g,8,24,16,0,8.0,0,0
2026-02-23,DR001,Bottled Water 600mL,15,68,53,0,2.5,0,0
2026-02-23,DR002,Coke 1.5L,9,68,59,0,3.8,0,0
2026-02-23,DR003,Orange Juice 2L,17,42,25,0,5.5,0,0
2026-02-23,DR004,Energy Drink 250mL,8,16,66,0,4.0,58,0
2026-02-23,F001,Bananas,8,38,30,0,3.2,0,0
2026-02-23,F002,Apples,6,25,19,0,4.5,0,0
2026-02-23,FR001,Ice Cream 1L,20,20,41,0,6.5,41,0
2026-02-23,FR002,Frozen Pizza,13,46,32,0,8.0,0,1
2026-02-23,H001,Toilet Paper,13,26,13,0,8.0,0,0
2026-02-23,H002,Laundry Detergent,15,15,55,0,12.0,55,0
2026-02-23,P001,Instant Noodles,24,54,30,0,2.0,0,0
2026-02-23,P002,Rice 1kg,27,59,32,0,3.5,0,0
2026-02-23,P004,Cereal,11,55,44,0,5.0,0,0
2026-02-23,PC001,Shampoo,10,54,44,0,9.5,0,0
2026-02-23,PC002,Toothpaste,13,44,31,0,4.5,0,0
2026-02-23,S001,Potato Chips,20,56,36,0,3.0,0,0
2026-02-23,S002,Chocolate Bar,8,10,55,0,2.8,53,0
2026-02-23,S003,Cookies,20,30,10,1,3.19,0,0
2026-02-24,B001,White Bread,30,36,54,0,3.5,48,0
2026-02-24,B002,Wholemeal Bread,18,56,38,0,4.0,0,0
2026-02-24,D001,Milk 2L,44,57,13,1,3.64,0,0
2026-02-24,D002,Eggs (12 pack),29,30,60,0,7.5,59,0
2026-02-24,D003,Butter 500g,26,28,39,1,5.13,37,0
2026-02-24,D004,Cheese 500g,6,16,10,0,8.0,0,0
2026-02-24,DR001,Bottled Water 600mL,14,53,39,0,2.5,0,0
2026-02-24,DR002,Coke 1.5L,10,59,49,0,3.8,0,0
2026-02-24,DR003,Orange Juice 2L,25,25,58,0,5.5,58,0
2026-02-24,DR004,Energy Drink 250mL,11,66,55,0,4.0,0,0
2026-02-24,F001,Bananas,30,30,55,0,3.2,55,0
2026-02-24,F002,Apples,7,19,12,0,4.5,0,0
2026-02-24,FR001,Ice Cream 1L,16,41,25,0,6.5,0,0
2026-02-24,FR002,Frozen Pizza,20,32,12,0,8.0,0,0
2026-02-24,H001,Toilet Paper,13,13,56,0,8.0,56,0
2026-02-24,H002,Laundry Detergent,10,55,45,0,12.0,0,0
2026-02-24,P001,Instant Noodles,20,30,10,0,2.0,0,0
2026-02-24,P002,Rice 1kg,24,32,32,0,3.5,24,0
2026-02-24,P004,Cereal,7,44,37,0,5.0,0,0
2026-02-24,PC001,Shampoo,7,44,37,0,9.5,0,0
2026-02-24,PC002,Toothpaste,10,31,21,0,4.5,0,0
2026-02-24,S001,Potato Chips,21,36,15,0,3.0,0,0
2026-02-24,S002,Chocolate Bar,8,55,47,0,2.8,0,0
2026-02-24,S003,Cookies,10,10,45,1,3.59,45,0
2026-02-25,B001,White Bread,27,54,27,0,3.5,0,0
2026-02-25,B002,Wholemeal Bread,22,38,16,0,4.0,0,0
2026-02-25,D001,Milk 2L,13,13,45,0,4.5,45,0
2026-02-25,D002,Eggs (12 pack),17,60,41,1,6.58,0,2
2026-02-25,D003,Butter 500g,21,39,18,0,6.0,0,0
2026-02-25,D004,Cheese 500g,5,10,44,0,8.0,39,0
2026-02-25,DR001,Bottled Water 600mL,15,39,24,1,1.85,0,0
2026-02-25,DR002,Coke 1.5L,8,49,41,0,3.8,0,0
2026-02-25,DR003,Orange Juice 2L,15,58,42,0,5.5,0,1
2026-02-25,DR004,Energy Drink 250mL,10,55,45,0,4.0,0,0
2026-02-25,F001,Bananas,12,55,42,0,3.2,0,1
2026-02-25,F002,Apples,5,12,48,1,3.56,41,0
2026-02-25,FR001,Ice Cream 1L,20,25,62,0,6.5,57,0
2026-02-25,FR002,Frozen Pizza,12,12,42,0,8.0,42,0
2026-02-25,H001,Toilet Paper,14,56,42,0,8.0,0,0
2026-02-25,H002,Laundry Detergent,14,45,31,0,12.0,0,0
2026-02-25,P001,Instant Noodles,10,10,62,0,2.0,62,0
2026-02-25,P002,Rice 1kg,27,32,63,0,3.5,58,0
2026-02-25,P004,Cereal,9,37,28,0,5.0,0,0
2026-02-25,PC001,Shampoo,11,37,26,0,9.5,0,0
2026-02-25,PC002,Toothpaste,11,21,10,0,4.5,0,0
2026-02-25,S001,Potato Chips,15,15,43,0,3.0,43,0
2026-02-25,S002,Chocolate Bar,6,47,41,0,2.8,0,0
2026-02-25,S003,Cookies,19,45,26,1,3.34,0,0
2026-02-26,B001,White Bread,27,27,66,1,3.04,66,0
2026-02-26,B002,Wholemeal Bread,16,16,50,0,4.0,50,0
2026-02-26,D001,Milk 2L,24,45,21,0,4.5,0,0
2026-02-26,D002,Eggs (12 pack),29,41,12,0,7.5,0,0
2026-02-26,D003,Butter 500g,18,18,67,0,6.0,67,0
2026-02-26,D004,Cheese 500g,7,44,37,0,8.0,0,0
2026-02-26,DR001,Bottled Water 600mL,16,24,33,1,1.97,25,0
2026-02-26,DR002,Coke 1.5L,8,41,33,0,3.8,0,0
2026-02-26,DR003,Orange Juice 2L,24,42,18,1,3.91,0,0
2026-02-26,DR004,Energy Drink 250mL,12,45,33,0,4.0,0,0
2026-02-26,F001,Bananas,13,42,29,0,3.2,0,0
2026-02-26,F002,Apples,9,48,38,0,4.5,0,1
2026-02-26,FR001,Ice Cream 1L,18,62,43,0,6.5,0,1
2026-02-26,FR002,Frozen Pizza,20,42,22,0,8.0,0,0
2026-02-26,H001,Toilet Paper,17,42,25,0,8.0,0,0
2026-02-26,H002,Laundry Detergent,15,31,16,1,9.1,0,0
2026-02-26,P001,Instant Noodles,16,62,46,0,2.0,0,0
2026-02-26,P002,Rice 1kg,25,63,38,0,3.5,0,0
2026-02-26,P004,Cereal,10,28,18,0,5.0,0,0
2026-02-26,PC001,Shampoo,11,26,15,0,9.5,0,0
2026-02-26,PC002,Toothpaste,9,10,35,0,4.5,34,0
2026-02-26,S001,Potato Chips,22,43,21,0,3.0,0,0
2026-02-26,S002,Chocolate Bar,7,41,34,0,2.8,0,0
2026-02-26,S003,Cookies,14,26,12,0,4.5,0,0
2026-02-27,B001,White Bread,33,66,32,0,3.5,0,1
2026-02-27,B002,Wholemeal Bread,29,50,21,1,3.58,0,0
2026-02-27,D001,Milk 2L,21,21,60,0,4.5,60,0
2026-02-27,D002,Eggs (12 pack),12,12,63,1,5.87,63,0
2026-02-27,D003,Butter 500g,30,67,37,0,6.0,0,0
2026-02-27,D004,Cheese 500g,11,37,26,0,8.0,0,0
2026-02-27,DR001,Bottled Water 600mL,12,33,21,0,2.5,0,0
2026-02-27,DR002,Coke 1.5L,14,33,19,0,3.8,0,0
2026-02-27,DR003,Orange Juice 2L,18,18,64,1,4.15,64,0
2026-02-27,DR004,Energy Drink 250mL,15,33,18,0,4.0,0,0
2026-02-27,F001,Bananas,14,29,15,0,3.2,0,0
2026-02-27,F002,Apples,11,38,27,0,4.5,0,0
2026-02-27,FR001,Ice Cream 1L,19,43,24,0,6.5,0,0
2026-02-27,FR002,Frozen Pizza,16,22,45,0,8.0,39,0
2026-02-27,H001,Toilet Paper,21,25,47,0,8.0,43,0
2026-02-27,H002,Laundry Detergent,14,16,33,0,12.0,31,0
2026-02-27,P001,Instant Noodles,17,46,29,1,1.57,0,0
2026-02-27,P002,Rice 1kg,23,38,15,0,3.5,0,0
2026-02-27,P004,Cereal,12,18,30,1,4.03,24,0
2026-02-27,PC001,Shampoo,9,15,64,0,9.5,58,0
2026-02-27,PC002,Toothpaste,9,35,26,0,4.5,0,0
2026-02-27,S001,Potato Chips,21,21,68,0,3.0,68,0
2026-02-27,S002,Chocolate Bar,8,34,26,0,2.8,0,0
2026-02-27,S003,Cookies,12,12,51,0,4.5,51,0
2026-02-28,B001,White Bread,32,32,31,0,3.5,31,0
2026-02-28,B002,Wholemeal Bread,21,21,68,0,4.0,68,0
2026-02-28,D001,Milk 2L,58,60,47,0,4.5,45,0
2026-02-28,D002,Eggs (12 pack),34,63,29,0,7.5,0,0
2026-02-28,D003,Butter 500g,37,37,62,1,5.34,62,0
2026-02-28,D004,Cheese 500g,10,26,16,0,8.0,0,0
2026-02-28,DR001,Bottled Water 600mL,21,21,65,0,2.5,65,0
2026-02-28,DR002,Coke 1.5L,19,19,47,0,3.8,47,0
2026-02-28,DR003,Orange Juice 2L,33,64,31,0,5.5,0,0
2026-02-28,DR004,Energy Drink 250mL,14,18,49,0,4.0,45,0
2026-02-28,F001,Bananas,15,15,49,0,3.2,49,0
2026-02-28,F002,Apples,11,27,16,0,4.5,0,0
2026-02-28,FR001,Ice Cream 1L,23,24,45,0,6.5,44,0
2026-02-28,FR002,Frozen Pizza,45,45,56,0,8.0,56,0
2026-02-28,H001,Toilet Paper,26,47,21,0,8.0,0,0
2026-02-28,H002,Laundry Detergent,22,33,11,0,12.0,0,0
2026-02-28,P001,Instant Noodles,24,29,39,0,2.0,34,0
2026-02-28,P002,Rice 1kg,15,15,68,0,3.5,68,0
2026-02-28,P004,Cereal,11,30,19,0,5.0,0,0
2026-02-28,PC001,Shampoo,10,64,54,1,6.84,0,0
2026-02-28,PC002,Toothpaste,11,26,15,0,4.5,0,0
2026-02-28,S001,Potato Chips,33,68,35,0,3.0,0,0
2026-02-28,S002,Chocolate Bar,10,26,16,0,2.8,0,0
2026-02-28,S003,Cookies,18,51,33,0,4.5,0,0
2026-03-01,B001,White Bread,31,31,56,0,3.5,56,0
2026-03-01,B002,Wholemeal Bread,25,68,43,1,2.87,0,0
2026-03-01,D001,Milk 2L,45,47,33,0,4.5,31,0
2026-03-01,D002,Eggs (12 pack),25,29,33,0,7.5,29,0
2026-03-01,D003,Butter 500g,38,62,24,0,6.0,0,0
2026-03-01,D004,Cheese 500g,13,16,23,1,5.77,20,0
2026-03-01,DR001,Bottled Water 600mL,25,65,40,0,2.5,0,0
2026-03-01,DR002,Coke 1.5L,11,47,36,0,3.8,0,0
2026-03-01,DR003,Orange Juice 2L,31,31,52,0,5.5,52,0
2026-03-01,DR004,Energy Drink 250mL,49,49,63,0,4.0,63,0
2026-03-01,F001,Bananas,18,49,31,0,3.2,0,0
2026-03-01,F002,Apples,13,16,62,0,4.5,59,0
2026-03-01,FR001,Ice Cream 1L,23,45,22,0,6.5,0,0
2026-03-01,FR002,Frozen Pizza,22,56,34,0,8.0,0,0
2026-03-01,H001,Toilet Paper,21,21,65,0,8.0,65,0
2026-03-01,H002,Laundry Detergent,11,11,50,0,12.0,50,0
2026-03-01,P001,Instant Noodles,34,39,26,0,2.0,21,0
2026-03-01,P002,Rice 1kg,33,68,35,0,3.5,0,0
2026-03-01,P004,Cereal,14,19,37,1,3.71,32,0
2026-03-01,PC001,Shampoo,9,54,45,0,9.5,0,0
2026-03-01,PC002,Toothpaste,13,15,48,0,4.5,46,0
2026-03-01,S001,Potato Chips,35,35,32,0,3.0,32,0
2026-03-01,S002,Chocolate Bar,9,16,36,0,2.8,29,0
2026-03-01,S003,Cookies,30,33,52,0,4.5,49,0
2026-03-02,B001,White Bread,27,56,28,0,3.5,0,1
2026-03-02,B002,Wholemeal Bread,14,43,29,0,4.0,0,0
2026-03-02,D001,Milk 2L,29,33,28,0,4.5,24,0
2026-03-02,D002,Eggs (12 pack),25,33,45,0,7.5,37,0
2026-03-02,D003,Butter 500g,24,24,64,0,6.0,64,0
2026-03-02,D004,Cheese 500g,7,23,16,0,8.0,0,0
2026-03-02,DR001,Bottled Water 600mL,16,40,24,0,2.5,0,0
2026-03-02,DR002,Coke 1.5L,9,36,27,0,3.8,0,0
2026-03-02,DR003,Orange Juice 2L,17,52,34,0,5.5,0,1
2026-03-02,DR004,Energy Drink 250mL,8,63,55,0,4.0,0,0
2026-03-02,F001,Bananas,7,31,24,0,3.2,0,0
2026-03-02,F002,Apples,6,62,55,0,4.5,0,1
2026-03-02,FR001,Ice Cream 1L,22,22,69,0,6.5,69,0
2026-03-02,FR002,Frozen Pizza,11,34,22,1,7.0,0,1
2026-03-02,H001,Toilet Paper,14,65,51,0,8.0,0,0
2026-03-02,H002,Laundry Detergent,14,50,36,0,12.0,0,0
2026-03-02,P001,Instant Noodles,21,26,49,0,2.0,44,0
2026-03-02,P002,Rice 1kg,35,35,31,0,3.5,31,0
2026-03-02,P004,Cereal,12,37,25,0,5.0,0,0
2026-03-02,PC001,Shampoo,7,45,38,0,9.5,0,0
2026-03-02,PC002,Toothpaste,12,48,36,0,4.5,0,0
2026-03-02,S001,Potato Chips,17,32,15,0,3.0,0,0
2026-03-02,S002,Chocolate Bar,8,36,28,0,2.8,0,0
2026-03-02,S003,Cookies,16,52,36,0,4.5,0,0
2026-03-03,B001,White Bread,21,28,53,0,3.5,46,0
2026-03-03,B002,Wholemeal Bread,24,29,47,1,3.3,42,0
2026-03-03,D001,Milk 2L,28,28,68,0,4.5,68,0
2026-03-03,D002,Eggs (12 pack),26,45,19,0,7.5,0,0
2026-03-03,D003,Butter 500g,28,64,35,0,6.0,0,1
2026-03-03,D004,Cheese 500g,5,16,11,0,8.0,0,0
2026-03-03,DR001,Bottled Water 600mL,17,24,51,0,2.5,44,0
2026-03-03,DR002,Coke 1.5L,13,27,14,0,3.8,0,0
2026-03-03,DR003,Orange Juice 2L,15,34,19,0,5.5,0,0
2026-03-03,DR004,Energy Drink 250mL,11,55,44,0,4.0,0,0
2026-03-03,F001,Bananas,9,24,15,0,3.2,0,0
2026-03-03,F002,Apples,6,55,48,0,4.5,0,1
2026-03-03,FR001,Ice Cream 1L,17,69,52,0,6.5,0,0
2026-03-03,FR002,Frozen Pizza,14,22,53,0,8.0,45,0
2026-03-03,H001,Toilet Paper,14,51,37,0,8.0,0,0
2026-03-03,H002,Laundry Detergent,14,36,22,0,12.0,0,0
2026-03-03,P001,Instant Noodles,14,49,35,0,2.0,0,0
2026-03-03,P002,Rice 1kg,17,31,14,0,3.5,0,0
2026-03-03,P004,Cereal,10,25,15,0,5.0,0,0
2026-03-03,PC001,Shampoo,8,38,30,0,9.5,0,0
2026-03-03,PC002,Toothpaste,10,36,26,0,4.5,0,0
2026-03-03,S001,Potato Chips,15,15,31,0,3.0,31,0
2026-03-03,S002,Chocolate Bar,4,28,24,0,2.8,0,0
2026-03-03,S003,Cookies,14,36,22,1,3.88,0,0
2026-03-04,B001,White Bread,24,53,29,0,3.5,0,0
2026-03-04,B002,Wholemeal Bread,19,47,27,0,4.0,0,1
2026-03-04,D001,Milk 2L,34,68,34,0,4.5,0,0
2026-03-04,D002,Eggs (12 pack),19,19,47,0,7.5,47,0
2026-03-04,D003,Butter 500g,24,35,11,0,6.0,0,0
2026-03-04,D004,Cheese 500g,7,11,40,0,8.0,36,0
2026-03-04,DR001,Bottled Water 600mL,14,51,37,1,2.1,0,0
2026-03-04,DR002,Coke 1.5L,9,14,61,0,3.8,56,0
2026-03-04,DR003,Orange Juice 2L,19,19,44,0,5.5,44,0
2026-03-04,DR004,Energy Drink 250mL,12,44,32,0,4.0,0,0
2026-03-04,F001,Bananas,12,15,25,0,3.2,22,0
2026-03-04,F002,Apples,7,48,40,0,4.5,0,1
2026-03-04,FR001,Ice Cream 1L,25,52,27,0,6.5,0,0
2026-03-04,FR002,Frozen Pizza,19,53,34,0,8.0,0,0
2026-03-04,H001,Toilet Paper,18,37,19,0,8.0,0,0
2026-03-04,H002,Laundry Detergent,18,22,53,0,12.0,49,0
2026-03-04,P001,Instant Noodles,20,35,15,0,2.0,0,0
2026-03-04,P002,Rice 1kg,14,14,58,0,3.5,58,0
2026-03-04,P004,Cereal,9,15,28,0,5.0,22,0
2026-03-04,PC001,Shampoo,10,30,20,0,9.5,0,0
2026-03-04,PC002,Toothpaste,10,26,16,0,4.5,0,0
2026-03-04,S001,Potato Chips,20,31,11,0,3.0,0,0
2026-03-04,S002,Chocolate Bar,7,24,17,1,1.98,0,0
2026-03-04,S003,Cookies,14,22,46,0,4.5,38,0
2026-03-05,B001,White Bread,24,29,64,0,3.5,59,0
2026-03-05,B002,Wholemeal Bread,25,27,48,0,4.0,46,0
2026-03-05,D001,Milk 2L,34,34,42,0,4.5,42,0
2026-03-05,D002,Eggs (12 pack),17,47,29,0,7.5,0,1
2026-03-05,D003,Butter 500g,11,11,48,0,6.0,48,0
2026-03-05,D004,Cheese 500g,5,40,34,0,8.0,0,1
2026-03-05,DR001,Bottled Water 600mL,12,37,25,0,2.5,0,0
2026-03-05,DR002,Coke 1.5L,10,61,51,0,3.8,0,0
2026-03-05,DR003,Orange Juice 2L,19,44,25,0,5.5,0,0
2026-03-05,DR004,Energy Drink 250mL,13,32,19,0,4.0,0,0
2026-03-05,F001,Bananas,11,25,14,0,3.2,0,0
2026-03-05,F002,Apples,6,40,34,0,4.5,0,0
2026-03-05,FR001,Ice Cream 1L,25,27,45,0,6.5,43,0
2026-03-05,FR002,Frozen Pizza,19,34,15,1,5.77,0,0
2026-03-05,H001,Toilet Paper,19,19,31,0,8.0,31,0
2026-03-05,H002,Laundry Detergent,15,53,38,0,12.0,0,0
2026-03-05,P001,Instant Noodles,15,15,68,0,2.0,68,0
2026-03-05,P002,Rice 1kg,24,58,34,0,3.5,0,0
2026-03-05,P004,Cereal,6,28,22,0,5.0,0,0
2026-03-05,PC001,Shampoo,7,20,13,0,9.5,0,0
2026-03-05,PC002,Toothpaste,8,16,65,0,4.5,57,0
2026-03-05,S001,Potato Chips,11,11,55,0,3.0,55,0
2026-03-05,S002,Chocolate Bar,7,17,10,0,2.8,0,0
2026-03-05,S003,Cookies,12,46,34,0,4.5,0,0
2026-03-06,B001,White Bread,64,64,42,0,3.5,42,0
2026-03-06,B002,Wholemeal Bread,30,48,18,1,3.36,0,0
2026-03-06,D001,Milk 2L,38,42,33,0,4.5,29,0
2026-03-06,D002,Eggs (12 pack),29,29,54,0,7.5,54,0
2026-03-06,D003,Butter 500g,22,48,26,0,6.0,0,0
2026-03-06,D004,Cheese 500g,10,34,24,0,8.0,0,0
2026-03-06,DR001,Bottled Water 600mL,17,25,67,0,2.5,59,0
2026-03-06,DR002,Coke 1.5L,51,51,45,0,3.8,45,0
2026-03-06,DR003,Orange Juice 2L,18,25,37,0,5.5,30,0
2026-03-06,DR004,Energy Drink 250mL,11,19,49,1,2.86,41,0
2026-03-06,F001,Bananas,14,14,68,0,3.2,68,0
2026-03-06,F002,Apples,10,34,24,0,4.5,0,0
2026-03-06,FR001,Ice Cream 1L,21,45,24,0,6.5,0,0
2026-03-06,FR002,Frozen Pizza,14,15,21,1,5.68,20,0
2026-03-06,H001,Toilet Paper,17,31,14,0,8.0,0,0
2026-03-06,H002,Laundry Detergent,17,38,21,0,12.0,0,0
2026-03-06,P001,Instant Noodles,29,68,39,0,2.0,0,0
2026-03-06,P002,Rice 1kg,22,34,12,0,3.5,0,0
2026-03-06,P004,Cereal,13,22,55,0,5.0,46,0
2026-03-06,PC001,Shampoo,7,13,51,1,7.9,45,0
2026-03-06,PC002,Toothpaste,9,65,56,0,4.5,0,0
2026-03-06,S001,Potato Chips,55,55,50,0,3.0,50,0
2026-03-06,S002,Chocolate Bar,5,10,44,0,2.8,39,0
2026-03-06,S003,Cookies,20,34,14,0,4.5,0,0
2026-03-07,B001,White Bread,33,42,51,1,2.67,42,0
2026-03-07,B002,Wholemeal Bread,18,18,33,0,4.0,33,0
2026-03-07,D001,Milk 2L,33,33,46,0,4.5,46,0
2026-03-07,D002,Eggs (12 pack),36,54,18,1,5.84,0,0
2026-03-07,D003,Butter 500g,26,26,34,0,6.0,34,0
2026-03-07,D004,Cheese 500g,9,24,15,0,8.0,0,0
2026-03-07,DR001,Bottled Water 600mL,16,67,51,1,2.24,0,0
2026-03-07,DR002,Coke 1.5L,17,45,28,0,3.8,0,0
2026-03-07,DR003,Orange Juice 2L,37,37,51,0,5.5,51,0
2026-03-07,DR004,Energy Drink 250mL,14,49,35,1,3.29,0,0
2026-03-07,F001,Bananas,16,68,52,0,3.2,0,0
2026-03-07,F002,Apples,14,24,10,0,4.5,0,0
2026-03-07,FR001,Ice Cream 1L,24,24,64,0,6.5,64,0
2026-03-07,FR002,Frozen Pizza,19,21,52,0,8.0,50,0
2026-03-07,H001,Toilet Paper,14,14,40,0,8.0,40,0
2026-03-07,H002,Laundry Detergent,18,21,44,0,12.0,41,0
2026-03-07,P001,Instant Noodles,39,39,35,1,1.65,35,0
2026-03-07,P002,Rice 1kg,12,12,50,0,3.5,50,0
2026-03-07,P004,Cereal,15,55,40,1,3.97,0,0
2026-03-07,PC001,Shampoo,15,51,36,0,9.5,0,0
2026-03-07,PC002,Toothpaste,13,56,43,0,4.5,0,0
2026-03-07,S001,Potato Chips,33,50,17,1,2.3,0,0
2026-03-07,S002,Chocolate Bar,8,44,36,0,2.8,0,0
2026-03-07,S003,Cookies,14,14,51,0,4.5,51,0
2026-03-08,B001,White Bread,49,51,35,0,3.5,33,0
2026-03-08,B002,Wholemeal Bread,28,33,64,0,4.0,59,0
2026-03-08,D001,Milk 2L,45,46,33,0,4.5,32,0
2026-03-08,D002,Eggs (12 pack),18,18,63,0,7.5,63,0
2026-03-08,D003,Butter 500g,26,34,37,0,6.0,29,0
2026-03-08,D004,Cheese 500g,13,15,26,0,8.0,24,0
2026-03-08,DR001,Bottled Water 600mL,16,51,35,0,2.5,0,0
2026-03-08,DR002,Coke 1.5L,15,28,13,1,3.05,0,0
2026-03-08,DR003,Orange Juice 2L,33,51,18,0,5.5,0,0
2026-03-08,DR004,Energy Drink 250mL,12,35,23,0,4.0,0,0
2026-03-08,F001,Bananas,14,52,38,0,3.2,0,0
2026-03-08,F002,Apples,10,10,50,0,4.5,50,0
2026-03-08,FR001,Ice Cream 1L,38,64,26,0,6.5,0,0
2026-03-08,FR002,Frozen Pizza,23,52,29,0,8.0,0,0
2026-03-08,H001,Toilet Paper,27,40,13,1,6.69,0,0
2026-03-08,H002,Laundry Detergent,27,44,17,0,12.0,0,0
2026-03-08,P001,Instant Noodles,20,35,15,0,2.0,0,0
2026-03-08,P002,Rice 1kg,31,50,19,0,3.5,0,0
2026-03-08,P004,Cereal,40,40,69,0,5.0,69,0
2026-03-08,PC001,Shampoo,15,36,21,0,9.5,0,0
2026-03-08,PC002,Toothpaste,14,43,29,0,4.5,0,0
2026-03-08,S001,Potato Chips,17,17,60,0,3.0,60,0
2026-03-08,S002,Chocolate Bar,9,36,27,1,2.26,0,0
2026-03-08,S003,Cookies,23,51,28,0,4.5,0,0
2026-03-09,B001,White Bread,28,35,36,1,2.72,29,0
2026-03-09,B002,Wholemeal Bread,24,64,39,0,4.0,0,1
2026-03-09,D001,Milk 2L,33,33,46,0,4.5,46,0
2026-03-09,D002,Eggs (12 pack),24,63,38,0,7.5,0,1
2026-03-09,D003,Butter 500g,23,37,14,0,6.0,0,0
2026-03-09,D004,Cheese 500g,10,26,16,0,8.0,0,0
2026-03-09,DR001,Bottled Water 600mL,14,35,21,0,2.5,0,0
2026-03-09,DR002,Coke 1.5L,9,13,33,1,3.18,29,0
2026-03-09,DR003,Orange Juice 2L,18,18,61,0,5.5,61,0
2026-03-09,DR004,Energy Drink 250mL,8,23,15,0,4.0,0,0
2026-03-09,F001,Bananas,12,38,26,0,3.2,0,0
2026-03-09,F002,Apples,50,50,61,1,3.43,61,0
2026-03-09,FR001,Ice Cream 1L,26,26,39,0,6.5,39,0
2026-03-09,FR002,Frozen Pizza,13,29,16,0,8.0,0,0
2026-03-09,H001,Toilet Paper,13,13,38,0,8.0,38,0
2026-03-09,H002,Laundry Detergent,12,17,61,0,12.0,56,0
2026-03-09,P001,Instant Noodles,15,15,35,0,2.0,35,0
2026-03-09,P002,Rice 1kg,19,19,30,0,3.5,30,0
2026-03-09,P004,Cereal,9,69,60,0,5.0,0,0
2026-03-09,PC001,Shampoo,10,21,11,0,9.5,0,0
2026-03-09,PC002,Toothpaste,13,29,16,0,4.5,0,0
2026-03-09,S001,Potato Chips,19,60,41,0,3.0,0,0
2026-03-09,S002,Chocolate Bar,5,27,22,0,2.8,0,0
2026-03-09,S003,Cookies,17,28,11,0,4.5,0,0
2026-03-10,B001,White Bread,26,36,10,0,3.5,0,0
2026-03-10,B002,Wholemeal Bread,23,39,16,0,4.0,0,0
2026-03-10,D001,Milk 2L,36,46,10,0,4.5,0,0
2026-03-10,D002,Eggs (12 pack),25,38,13,0,7.5,0,0
2026-03-10,D003,Butter 500g,14,14,60,0,6.0,60,0
2026-03-10,D004,Cheese 500g,7,16,48,0,8.0,39,0
2026-03-10,DR001,Bottled Water 600mL,14,21,63,0,2.5,56,0
2026-03-10,DR002,Coke 1.5L,13,33,20,0,3.8,0,0
2026-03-10,DR003,Orange Juice 2L,21,61,39,1,4.44,0,1
2026-03-10,DR004,Energy Drink 250mL,11,15,43,1,2.96,39,0
2026-03-10,F001,Bananas,10,26,16,0,3.2,0,0
2026-03-10,F002,Apples,7,61,53,0,4.5,0,1
2026-03-10,FR001,Ice Cream 1L,17,39,22,0,6.5,0,0
2026-03-10,FR002,Frozen Pizza,16,16,47,0,8.0,47,0
2026-03-10,H001,Toilet Paper,17,38,21,0,8.0,0,0
2026-03-10,H002,Laundry Detergent,18,61,43,0,12.0,0,0
2026-03-10,P001,Instant Noodles,16,35,19,0,2.0,0,0
2026-03-10,P002,Rice 1kg,26,30,49,0,3.5,45,0
2026-03-10,P004,Cereal,12,60,48,0,5.0,0,0
2026-03-10,PC001,Shampoo,11,11,38,0,9.5,38,0
2026-03-10,PC002,Toothpaste,8,16,59,0,4.5,51,0
2026-03-10,S001,Potato Chips,27,41,14,1,2.26,0,0
2026-03-10,S002,Chocolate Bar,4,22,18,0,2.8,0,0
2026-03-10,S003,Cookies,11,11,65,0,4.5,65,0
2026-03-11,B001,White Bread,10,10,42,1,2.75,42,0
2026-03-11,B002,Wholemeal Bread,16,16,53,1,3.46,53,0
2026-03-11,D001,Milk 2L,10,10,64,0,4.5,64,0
2026-03-11,D002,Eggs (12 pack),13,13,69,1,5.41,69,0
2026-03-11,D003,Butter 500g,60,60,44,0,6.0,44,0
2026-03-11,D004,Cheese 500g,9,48,39,0,8.0,0,0
2026-03-11,DR001,Bottled Water 600mL,9,63,54,0,2.5,0,0
2026-03-11,DR002,Coke 1.5L,8,20,12,0,3.8,0,0
2026-03-11,DR003,Orange Juice 2L,20,39,19,0,5.5,0,0
2026-03-11,DR004,Energy Drink 250mL,9,43,34,0,4.0,0,0
2026-03-11,F001,Bananas,13,16,27,0,3.2,24,0
2026-03-11,F002,Apples,8,53,44,0,4.5,0,1
2026-03-11,FR001,Ice Cream 1L,20,22,38,0,6.5,36,0
2026-03-11,FR002,Frozen Pizza,13,47,33,0,8.0,0,1
2026-03-11,H001,Toilet Paper,14,21,36,0,8.0,29,0
2026-03-11,H002,Laundry Detergent,17,43,26,0,12.0,0,0
2026-03-11,P001,Instant Noodles,16,19,56,0,2.0,53,0
2026-03-11,P002,Rice 1kg,49,49,62,0,3.5,62,0
2026-03-11,P004,Cereal,7,48,41,1,3.68,0,0
2026-03-11,PC001,Shampoo,8,38,30,1,8.1,0,0
2026-03-11,PC002,Toothpaste,9,59,50,0,4.5,0,0
2026-03-11,S001,Potato Chips,14,14,67,0,3.0,67,0
2026-03-11,S002,Chocolate Bar,6,18,12,0,2.8,0,0
2026-03-11,S003,Cookies,15,65,50,0,4.5,0,0
2026-03-12,B001,White Bread,37,42,29,0,3.5,24,0
2026-03-12,B002,Wholemeal Bread,16,53,37,0,4.0,0,0
2026-03-12,D001,Milk 2L,32,64,32,0,4.5,0,0
2026-03-12,D002,Eggs (12 pack),69,69,52,0,7.5,52,0
2026-03-12,D003,Butter 500g,30,44,14,0,6.0,0,0
2026-03-12,D004,Cheese 500g,7,39,31,0,8.0,0,1
2026-03-12,DR001,Bottled Water 600mL,10,54,44,1,1.89,0,0
2026-03-12,DR002,Coke 1.5L,10,12,31,0,3.8,29,0
2026-03-12,DR003,Orange Juice 2L,19,19,45,0,5.5,45,0
2026-03-12,DR004,Energy Drink 250mL,11,34,23,0,4.0,0,0
2026-03-12,F001,Bananas,8,27,19,0,3.2,0,0
2026-03-12,F002,Apples,6,44,37,1,3.7,0,1
2026-03-12,FR001,Ice Cream 1L,16,38,22,0,6.5,0,0
2026-03-12,FR002,Frozen Pizza,14,33,19,0,8.0,0,0
2026-03-12,H001,Toilet Paper,19,36,17,0,8.0,0,0
2026-03-12,H002,Laundry Detergent,18,26,35,0,12.0,27,0
2026-03-12,P001,Instant Noodles,19,56,37,0,2.0,0,0
2026-03-12,P002,Rice 1kg,30,62,32,1,2.63,0,0
2026-03-12,P004,Cereal,9,41,32,0,5.0,0,0
2026-03-12,PC001,Shampoo,11,30,19,0,9.5,0,0
2026-03-12,PC002,Toothpaste,7,50,43,0,4.5,0,0
2026-03-12,S001,Potato Chips,26,67,41,1,2.53,0,0
2026-03-12,S002,Chocolate Bar,12,12,50,1,2.2,50,0
2026-03-12,S003,Cookies,13,50,37,0,4.5,0,0
2026-03-13,B001,White Bread,29,29,57,0,3.5,57,0
2026-03-13,B002,Wholemeal Bread,30,37,48,0,4.0,41,0
2026-03-13,D001,Milk 2L,32,32,49,0,4.5,49,0
2026-03-13,D002,Eggs (12 pack),26,52,25,0,7.5,0,1
2026-03-13,D003,Butter 500g,14,14,49,0,6.0,49,0
2026-03-13,D004,Cheese 500g,7,31,24,1,6.85,0,0
2026-03-13,DR001,Bottled Water 600mL,14,44,30,0,2.5,0,0
2026-03-13,DR002,Coke 1.5L,15,31,16,0,3.8,0,0
2026-03-13,DR003,Orange Juice 2L,31,45,14,0,5.5,0,0
2026-03-13,DR004,Energy Drink 250mL,14,23,56,0,4.0,47,0
2026-03-13,F001,Bananas,9,19,10,1,2.61,0,0
2026-03-13,F002,Apples,8,37,29,1,3.18,0,0
2026-03-13,FR001,Ice Cream 1L,22,22,68,0,6.5,68,0
2026-03-13,FR002,Frozen Pizza,17,19,46,0,8.0,44,0
2026-03-13,H001,Toilet Paper,17,17,56,0,8.0,56,0
2026-03-13,H002,Laundry Detergent,14,35,21,0,12.0,0,0
2026-03-13,P001,Instant Noodles,17,37,20,0,2.0,0,0
2026-03-13,P002,Rice 1kg,32,32,35,0,3.5,35,0
2026-03-13,P004,Cereal,14,32,18,0,5.0,0,0
2026-03-13,PC001,Shampoo,12,19,29,0,9.5,22,0
2026-03-13,PC002,Toothpaste,10,43,33,0,4.5,0,0
2026-03-13,S001,Potato Chips,19,41,22,0,3.0,0,0
2026-03-13,S002,Chocolate Bar,9,50,41,0,2.8,0,0
2026-03-13,S003,Cookies,13,37,24,0,4.5,0,0
2026-03-14,B001,White Bread,49,57,34,0,3.5,26,0
2026-03-14,B002,Wholemeal Bread,25,48,23,0,4.0,0,0
2026-03-14,D001,Milk 2L,49,49,49,0,4.5,49,0
2026-03-14,D002,Eggs (12 pack),25,25,41,0,7.5,41,0
2026-03-14,D003,Butter 500g,33,49,16,1,4.24,0,0
2026-03-14,D004,Cheese 500g,15,24,33,0,8.0,24,0
2026-03-14,DR001,Bottled Water 600mL,25,30,63,0,2.5,58,0
2026-03-14,DR002,Coke 1.5L,16,16,33,0,3.8,33,0
2026-03-14,DR003,Orange Juice 2L,14,14,52,0,5.5,52,0
2026-03-14,DR004,Energy Drink 250mL,14,56,42,0,4.0,0,0
2026-03-14,F001,Bananas,10,10,39,0,3.2,39,0
2026-03-14,F002,Apples,11,29,18,0,4.5,0,0
2026-03-14,FR001,Ice Cream 1L,34,68,34,0,6.5,0,0
2026-03-14,FR002,Frozen Pizza,17,46,28,0,8.0,0,1
2026-03-14,H001,Toilet Paper,31,56,25,0,8.0,0,0
2026-03-14,H002,Laundry Detergent,21,21,36,0,12.0,36,0
2026-03-14,P001,Instant Noodles,20,20,56,1,1.48,56,0
2026-03-14,P002,Rice 1kg,35,35,37,0,3.5,37,0
2026-03-14,P004,Cereal,13,18,64,0,5.0,59,0
2026-03-14,PC001,Shampoo,11,29,18,1,7.57,0,0
2026-03-14,PC002,Toothpaste,20,33,13,1,3.61,0,0
2026-03-14,S001,Potato Chips,22,22,33,0,3.0,33,0
2026-03-14,S002,Chocolate Bar,9,41,32,0,2.8,0,0
2026-03-14,S003,Cookies,17,24,36,0,4.5,29,0
2026-03-15,B001,White Bread,34,34,43,0,3.5,43,0
2026-03-15,B002,Wholemeal Bread,23,23,55,0,4.0,55,0
2026-03-15,D001,Milk 2L,47,49,31,0,4.5,29,0
2026-03-15,D002,Eggs (12 pack),41,41,58,1,6.16,58,0
2026-03-15,D003,Butter 500g,16,16,56,0,6.0,56,0
2026-03-15,D004,Cheese 500g,8,33,25,0,8.0,0,0
2026-03-15,DR001,Bottled Water 600mL,14,63,49,0,2.5,0,0
2026-03-15,DR002,Coke 1.5L,33,33,67,1,2.97,67,0
2026-03-15,DR003,Orange Juice 2L,28,52,24,0,5.5,0,0
2026-03-15,DR004,Energy Drink 250mL,42,42,33,0,4.0,33,0
2026-03-15,F001,Bananas,20,39,19,0,3.2,0,0
2026-03-15,F002,Apples,8,18,10,0,4.5,0,0
2026-03-15,FR001,Ice Cream 1L,34,34,46,0,6.5,46,0
2026-03-15,FR002,Frozen Pizza,20,28,60,0,8.0,52,0
2026-03-15,H001,Toilet Paper,25,25,33,0,8.0,33,0
2026-03-15,H002,Laundry Detergent,22,36,14,0,12.0,0,0
2026-03-15,P001,Instant Noodles,31,56,25,0,2.0,0,0
2026-03-15,P002,Rice 1kg,36,37,42,0,3.5,41,0
2026-03-15,P004,Cereal,16,64,48,0,5.0,0,0
2026-03-15,PC001,Shampoo,9,18,60,0,9.5,51,0
2026-03-15,PC002,Toothpaste,13,13,67,0,4.5,67,0
2026-03-15,S001,Potato Chips,30,33,29,0,3.0,26,0
2026-03-15,S002,Chocolate Bar,11,32,21,0,2.8,0,0
2026-03-15,S003,Cookies,29,36,49,0,4.5,42,0
2026-03-16,B001,White Bread,31,43,12,0,3.5,0,0
2026-03-16,B002,Wholemeal Bread,18,55,37,0,4.0,0,0
2026-03-16,D001,Milk 2L,28,31,62,0,4.5,59,0
2026-03-16,D002,Eggs (12 pack),22,58,35,0,7.5,0,1
2026-03-16,D003,Butter 500g,26,56,29,0,6.0,0,1
2026-03-16,D004,Cheese 500g,8,25,17,0,8.0,0,0
2026-03-16,DR001,Bottled Water 600mL,39,49,10,0,2.5,0,0
2026-03-16,DR002,Coke 1.5L,11,67,56,0,3.8,0,0
2026-03-16,DR003,Orange Juice 2L,24,24,56,0,5.5,56,0
2026-03-16,DR004,Energy Drink 250mL,13,33,20,0,4.0,0,0
2026-03-16,F001,Bananas,11,19,38,1,2.79,30,0
2026-03-16,F002,Apples,6,10,62,0,4.5,58,0
2026-03-16,FR001,Ice Cream 1L,21,46,25,0,6.5,0,0
2026-03-16,FR002,Frozen Pizza,17,60,43,0,8.0,0,0
2026-03-16,H001,Toilet Paper,19,33,14,1,7.12,0,0
2026-03-16,H002,Laundry Detergent,14,14,52,1,9.22,52,0
2026-03-16,P001,Instant Noodles,25,25,58,0,2.0,58,0
2026-03-16,P002,Rice 1kg,27,42,15,0,3.5,0,0
2026-03-16,P004,Cereal,7,48,41,0,5.0,0,0
2026-03-16,PC001,Shampoo,8,60,52,0,9.5,0,0
2026-03-16,PC002,Toothpaste,9,67,58,0,4.5,0,0
2026-03-16,S001,Potato Chips,19,29,10,0,3.0,0,0
2026-03-16,S002,Chocolate Bar,5,21,16,0,2.8,0,0
2026-03-16,S003,Cookies,13,49,36,0,4.5,0,0
2026-03-17,B001,White Bread,12,12,66,0,3.5,66,0
2026-03-17,B002,Wholemeal Bread,25,37,12,0,4.0,0,0
2026-03-17,D001,Milk 2L,37,62,25,0,4.5,0,0
2026-03-17,D002,Eggs (12 pack),28,35,42,0,7.5,35,0
2026-03-17,D003,Butter 500g,29,29,55,0,6.0,55,0
2026-03-17,D004,Cheese 500g,9,17,42,0,8.0,34,0
2026-03-17,DR001,Bottled Water 600mL,10,10,62,0,2.5,62,0
2026-03-17,DR002,Coke 1.5L,11,56,45,0,3.8,0,0
2026-03-17,DR003,Orange Juice 2L,27,56,29,0,5.5,0,0
2026-03-17,DR004,Energy Drink 250mL,8,20,12,0,4.0,0,0
2026-03-17,F001,Bananas,11,38,27,0,3.2,0,0
2026-03-17,F002,Apples,8,62,53,1,3.87,0,1
2026-03-17,FR001,Ice Cream 1L,19,25,31,0,6.5,25,0
2026-03-17,FR002,Frozen Pizza,17,43,26,0,8.0,0,0
2026-03-17,H001,Toilet Paper,14,14,52,0,8.0,52,0
2026-03-17,H002,Laundry Detergent,15,52,37,0,12.0,0,0
2026-03-17,P001,Instant Noodles,14,58,44,0,2.0,0,0
2026-03-17,P002,Rice 1kg,15,15,44,0,3.5,44,0
2026-03-17,P004,Cereal,12,41,29,0,5.0,0,0
2026-03-17,PC001,Shampoo,8,52,44,0,9.5,0,0
2026-03-17,PC002,Toothpaste,8,58,50,0,4.5,0,0
2026-03-17,S001,Potato Chips,10,10,51,0,3.0,51,0
2026-03-17,S002,Chocolate Bar,4,16,12,0,2.8,0,0
2026-03-17,S003,Cookies,36,36,66,0,4.5,66,0
2026-03-18,B001,White Bread,32,66,33,1,2.6,0,1
2026-03-18,B002,Wholemeal Bread,12,12,49,0,4.0,49,0
2026-03-18,D001,Milk 2L,25,25,64,0,4.5,64,0
2026-03-18,D002,Eggs (12 pack),16,42,26,0,7.5,0,0
2026-03-18,D003,Butter 500g,28,55,27,0,6.0,0,0
2026-03-18,D004,Cheese 500g,7,42,34,0,8.0,0,1
2026-03-18,DR001,Bottled Water 600mL,14,62,48,0,2.5,0,0
2026-03-18,DR002,Coke 1.5L,7,45,38,0,3.8,0,0
2026-03-18,DR003,Orange Juice 2L,23,29,62,0,5.5,56,0
2026-03-18,DR004,Energy Drink 250mL,7,12,34,0,4.0,29,0
2026-03-18,F001,Bananas,10,27,17,0,3.2,0,0
2026-03-18,F002,Apples,8,53,44,0,4.5,0,1
2026-03-18,FR001,Ice Cream 1L,18,31,13,1,5.34,0,0
2026-03-18,FR002,Frozen Pizza,18,26,35,0,8.0,27,0
2026-03-18,H001,Toilet Paper,15,52,37,0,8.0,0,0
2026-03-18,H002,Laundry Detergent,13,37,24,0,12.0,0,0
2026-03-18,P001,Instant Noodles,21,44,23,0,2.0,0,0
2026-03-18,P002,Rice 1kg,19,44,25,0,3.5,0,0
2026-03-18,P004,Cereal,9,29,20,0,5.0,0,0
2026-03-18,PC001,Shampoo,9,44,35,0,9.5,0,0
2026-03-18,PC002,Toothpaste,8,50,42,0,4.5,0,0
2026-03-18,S001,Potato Chips,20,51,31,0,3.0,0,0
2026-03-18,S002,Chocolate Bar,7,12,31,0,2.8,26,0
2026-03-18,S003,Cookies,17,66,49,0,4.5,0,0
2026-03-19,B001,White Bread,33,33,50,0,3.5,50,0
2026-03-19,B002,Wholemeal Bread,26,49,23,0,4.0,0,0
2026-03-19,D001,Milk 2L,38,64,26,0,4.5,0,0
2026-03-19,D002,Eggs (12 pack),26,26,59,0,7.5,59,0
2026-03-19,D003,Butter 500g,20,27,61,0,6.0,54,0
2026-03-19,D004,Cheese 500g,5,34,29,0,8.0,0,0
2026-03-19,DR001,Bottled Water 600mL,10,48,38,0,2.5,0,0
2026-03-19,DR002,Coke 1.5L,9,38,29,0,3.8,0,0
2026-03-19,DR003,Orange Juice 2L,21,62,40,0,5.5,0,1
2026-03-19,DR004,Energy Drink 250mL,12,34,22,0,4.0,0,0
2026-03-19,F001,Bananas,10,17,39,0,3.2,32,0
2026-03-19,F002,Apples,8,44,36,0,4.5,0,0
2026-03-19,FR001,Ice Cream 1L,13,13,64,0,6.5,64,0
2026-03-19,FR002,Frozen Pizza,19,35,16,0,8.0,0,0
2026-03-19,H001,Toilet Paper,19,37,18,0,8.0,0,0
2026-03-19,H002,Laundry Detergent,17,24,44,0,12.0,37,0
2026-03-19,P001,Instant Noodles,16,23,61,0,2.0,54,0
2026-03-19,P002,Rice 1kg,20,25,35,0,3.5,30,0
2026-03-19,P004,Cereal,11,20,47,0,5.0,38,0
2026-03-19,PC001,Shampoo,8,35,27,0,9.5,0,0
2026-03-19,PC002,Toothpaste,7,42,35,0,4.5,0,0
2026-03-19,S001,Potato Chips,19,31,12,0,3.0,0,0
2026-03-19,S002,Chocolate Bar,7,31,24,0,2.8,0,0
2026-03-19,S003,Cookies,11,49,38,0,4.5,0,0
2026-03-20,B001,White Bread,35,50,15,1,2.8,0,0
2026-03-20,B002,Wholemeal Bread,22,23,39,0,4.0,38,0
2026-03-20,D001,Milk 2L,26,26,45,0,4.5,45,0
2026-03-20,D002,Eggs (12 pack),33,59,26,0,7.5,0,0
2026-03-20,D003,Butter 500g,30,61,31,0,6.0,0,0
2026-03-20,D004,Cheese 500g,8,29,21,0,8.0,0,0
2026-03-20,DR001,Bottled Water 600mL,12,38,26,0,2.5,0,0
2026-03-20,DR002,Coke 1.5L,12,29,17,0,3.8,0,0
2026-03-20,DR003,Orange Juice 2L,32,40,31,0,5.5,23,0
2026-03-20,DR004,Energy Drink 250mL,14,22,49,0,4.0,41,0
2026-03-20,F001,Bananas,16,39,23,0,3.2,0,0
2026-03-20,F002,Apples,9,36,27,0,4.5,0,0
2026-03-20,FR001,Ice Cream 1L,27,64,36,1,5.6,0,1
2026-03-20,FR002,Frozen Pizza,16,16,66,0,8.0,66,0
2026-03-20,H001,Toilet Paper,15,18,49,0,8.0,46,0
2026-03-20,H002,Laundry Detergent,13,44,31,0,12.0,0,0
2026-03-20,P001,Instant Noodles,28,61,33,1,1.64,0,0
2026-03-20,P002,Rice 1kg,26,35,38,0,3.5,29,0
2026-03-20,P004,Cereal,9,47,38,0,5.0,0,0
2026-03-20,PC001,Shampoo,8,27,19,0,9.5,0,0
2026-03-20,PC002,Toothpaste,9,35,26,0,4.5,0,0
2026-03-20,S001,Potato Chips,12,12,39,0,3.0,39,0
2026-03-20,S002,Chocolate Bar,7,24,17,0,2.8,0,0
2026-03-20,S003,Cookies,21,38,17,0,4.5,0,0
2026-03-21,B001,White Bread,15,15,50,0,3.5,50,0
2026-03-21,B002,Wholemeal Bread,37,39,27,1,3.17,25,0
2026-03-21,D001,Milk 2L,45,45,59,0,4.5,59,0
2026-03-21,D002,Eggs (12 pack),26,26,53,0,7.5,53,0
2026-03-21,D003,Butter 500g,28,31,52,0,6.0,49,0
2026-03-21,D004,Cheese 500g,10,21,11,0,8.0,0,0
2026-03-21,DR001,Bottled Water 600mL,24,26,48,0,2.5,46,0
2026-03-21,DR002,Coke 1.5L,17,17,31,0,3.8,31,0
2026-03-21,DR003,Orange Juice 2L,24,31,49,0,5.5,42,0
2026-03-21,DR004,Energy Drink 250mL,14,49,35,0,4.0,0,0
2026-03-21,F001,Bananas,17,23,61,0,3.2,55,0
2026-03-21,F002,Apples,9,27,18,0,4.5,0,0
2026-03-21,FR001,Ice Cream 1L,36,36,62,0,6.5,62,0
2026-03-21,FR002,Frozen Pizza,26,66,40,0,8.0,0,0
2026-03-21,H001,Toilet Paper,34,49,15,1,5.77,0,0
2026-03-21,H002,Laundry Detergent,19,31,12,1,10.39,0,0
2026-03-21,P001,Instant Noodles,26,33,41,0,2.0,34,0
2026-03-21,P002,Rice 1kg,37,38,46,0,3.5,45,0
2026-03-21,P004,Cereal,13,38,25,0,5.0,0,0
2026-03-21,PC001,Shampoo,12,19,50,0,9.5,43,0
2026-03-21,PC002,Toothpaste,14,26,12,0,4.5,0,0
2026-03-21,S001,Potato Chips,33,39,29,0,3.0,23,0
2026-03-21,S002,Chocolate Bar,8,17,68,0,2.8,59,0
2026-03-21,S003,Cookies,17,17,58,0,4.5,58,0
2026-03-22,B001,White Bread,31,50,19,0,3.5,0,0
2026-03-22,B002,Wholemeal Bread,27,27,49,0,4.0,49,0
2026-03-22,D001,Milk 2L,59,59,58,0,4.5,58,0
2026-03-22,D002,Eggs (12 pack),53,53,64,0,7.5,64,0
2026-03-22,D003,Butter 500g,28,52,23,0,6.0,0,1
2026-03-22,D004,Cheese 500g,11,11,59,0,8.0,59,0
2026-03-22,DR001,Bottled Water 600mL,19,48,29,1,2.18,0,0
2026-03-22,DR002,Coke 1.5L,17,31,14,0,3.8,0,0
2026-03-22,DR003,Orange Juice 2L,23,49,26,0,5.5,0,0
2026-03-22,DR004,Energy Drink 250mL,16,35,19,0,4.0,0,0
2026-03-22,F001,Bananas,17,61,43,0,3.2,0,1
2026-03-22,F002,Apples,13,18,28,0,4.5,23,0
2026-03-22,FR001,Ice Cream 1L,40,62,22,0,6.5,0,0
2026-03-22,FR002,Frozen Pizza,29,40,11,0,8.0,0,0
2026-03-22,H001,Toilet Paper,15,15,61,1,6.3,61,0
2026-03-22,H002,Laundry Detergent,12,12,37,0,12.0,37,0
2026-03-22,P001,Instant Noodles,31,41,10,0,2.0,0,0
2026-03-22,P002,Rice 1kg,38,46,46,0,3.5,38,0
2026-03-22,P004,Cereal,16,25,54,0,5.0,45,0
2026-03-22,PC001,Shampoo,15,50,35,0,9.5,0,0
2026-03-22,PC002,Toothpaste,12,12,57,1,3.65,57,0
2026-03-22,S001,Potato Chips,29,29,49,0,3.0,49,0
2026-03-22,S002,Chocolate Bar,8,68,60,1,2.44,0,0
2026-03-22,S003,Cookies,30,58,28,0,4.5,0,0
2026-03-23,B001,White Bread,19,19,64,0,3.5,64,0
2026-03-23,B002,Wholemeal Bread,22,49,27,0,4.0,0,0
2026-03-23,D001,Milk 2L,41,58,17,0,4.5,0,0
2026-03-23,D002,Eggs (12 pack),20,64,44,0,7.5,0,0
2026-03-23,D003,Butter 500g,23,23,52,0,6.0,52,0
2026-03-23,D004,Cheese 500g,7,59,52,0,8.0,0,0
2026-03-23,DR001,Bottled Water 600mL,16,29,13,0,2.5,0,0
2026-03-23,DR002,Coke 1.5L,13,14,27,0,3.8,26,0
2026-03-23,DR003,Orange Juice 2L,20,26,57,0,5.5,51,0
2026-03-23,DR004,Energy Drink 250mL,10,19,38,0,4.0,29,0
2026-03-23,F001,Bananas,10,43,33,0,3.2,0,0
2026-03-23,F002,Apples,9,28,19,0,4.5,0,0
2026-03-23,FR001,Ice Cream 1L,20,22,51,0,6.5,49,0
2026-03-23,FR002,Frozen Pizza,11,11,43,0,8.0,43,0
2026-03-23,H001,Toilet Paper,20,61,41,0,8.0,0,0
2026-03-23,H002,Laundry Detergent,19,37,18,0,12.0,0,0
2026-03-23,P001,Instant Noodles,10,10,69,0,2.0,69,0
2026-03-23,P002,Rice 1kg,30,46,16,1,2.61,0,0
2026-03-23,P004,Cereal,9,54,45,0,5.0,0,0
2026-03-23,PC001,Shampoo,8,35,27,0,9.5,0,0
2026-03-23,PC002,Toothpaste,12,57,45,0,4.5,0,0
2026-03-23,S001,Potato Chips,17,49,32,1,2.53,0,0
2026-03-23,S002,Chocolate Bar,4,60,56,0,2.8,0,0
2026-03-23,S003,Cookies,15,28,13,1,3.99,0,0
2026-03-24,B001,White Bread,25,64,39,0,3.5,0,0
2026-03-24,B002,Wholemeal Bread,22,27,52,0,4.0,47,0
2026-03-24,D001,Milk 2L,17,17,65,0,4.5,65,0
2026-03-24,D002,Eggs (12 pack),25,44,19,0,7.5,0,0
2026-03-24,D003,Butter 500g,28,52,24,0,6.0,0,0
2026-03-24,D004,Cheese 500g,6,52,44,0,8.0,0,2
2026-03-24,DR001,Bottled Water 600mL,9,13,50,0,2.5,46,0
2026-03-24,DR002,Coke 1.5L,7,27,20,0,3.8,0,0
2026-03-24,DR003,Orange Juice 2L,25,57,32,0,5.5,0,0
2026-03-24,DR004,Energy Drink 250mL,9,38,29,0,4.0,0,0
2026-03-24,F001,Bananas,33,33,52,0,3.2,52,0
2026-03-24,F002,Apples,9,19,10,0,4.5,0,0
2026-03-24,FR001,Ice Cream 1L,22,51,28,1,5.66,0,1
2026-03-24,FR002,Frozen Pizza,17,43,26,0,8.0,0,0
2026-03-24,H001,Toilet Paper,17,41,24,0,8.0,0,0
2026-03-24,H002,Laundry Detergent,13,18,28,1,10.0,23,0
2026-03-24,P001,Instant Noodles,18,69,51,0,2.0,0,0
2026-03-24,P002,Rice 1kg,16,16,61,0,3.5,61,0
2026-03-24,P004,Cereal,12,45,33,0,5.0,0,0
2026-03-24,PC001,Shampoo,10,27,17,0,9.5,0,0
2026-03-24,PC002,Toothpaste,13,45,32,0,4.5,0,0
2026-03-24,S001,Potato Chips,27,32,56,0,3.0,51,0
2026-03-24,S002,Chocolate Bar,6,56,50,0,2.8,0,0
2026-03-24,S003,Cookies,13,13,55,0,4.5,55,0
2026-03-25,B001,White Bread,31,39,55,0,3.5,47,0
2026-03-25,B002,Wholemeal Bread,15,52,36,0,4.0,0,1
2026-03-25,D001,Milk 2L,43,65,22,0,4.5,0,0
2026-03-25,D002,Eggs (12 pack),19,19,64,0,7.5,64,0
2026-03-25,D003,Butter 500g,24,24,69,0,6.0,69,0
2026-03-25,D004,Cheese 500g,44,44,47,1,7.05,47,0
2026-03-25,DR001,Bottled Water 600mL,16,50,34,0,2.5,0,0
2026-03-25,DR002,Coke 1.5L,7,20,13,0,3.8,0,0
2026-03-25,DR003,Orange Juice 2L,32,32,58,0,5.5,58,0
2026-03-25,DR004,Energy Drink 250mL,10,29,19,0,4.0,0,0
2026-03-25,F001,Bananas,11,52,41,1,2.73,0,0
2026-03-25,F002,Apples,6,10,39,0,4.5,35,0
2026-03-25,FR001,Ice Cream 1L,19,28,38,0,6.5,29,0
2026-03-25,FR002,Frozen Pizza,17,26,53,0,8.0,44,0
2026-03-25,H001,Toilet Paper,14,24,10,0,8.0,0,0
2026-03-25,H002,Laundry Detergent,15,28,13,0,12.0,0,0
2026-03-25,P001,Instant Noodles,21,51,30,0,2.0,0,0
2026-03-25,P002,Rice 1kg,25,61,36,0,3.5,0,0
2026-03-25,P004,Cereal,7,33,26,0,5.0,0,0
2026-03-25,PC001,Shampoo,10,17,66,0,9.5,59,0
2026-03-25,PC002,Toothpaste,11,32,21,0,4.5,0,0
2026-03-25,S001,Potato Chips,21,56,35,0,3.0,0,0
2026-03-25,S002,Chocolate Bar,6,50,44,0,2.8,0,0
2026-03-25,S003,Cookies,12,55,43,1,3.75,0,0
2026-03-26,B001,White Bread,27,55,27,0,3.5,0,1
2026-03-26,B002,Wholemeal Bread,36,36,52,0,4.0,52,0
2026-03-26,D001,Milk 2L,22,22,32,0,4.5,32,0
2026-03-26,D002,Eggs (12 pack),18,64,44,1,6.23,0,2
2026-03-26,D003,Butter 500g,21,69,47,0,6.0,0,1
2026-03-26,D004,Cheese 500g,8,47,39,0,8.0,0,0
2026-03-26,DR001,Bottled Water 600mL,15,34,19,0,2.5,0,0
2026-03-26,DR002,Coke 1.5L,10,13,28,0,3.8,25,0
2026-03-26,DR003,Orange Juice 2L,20,58,37,0,5.5,0,1
2026-03-26,DR004,Energy Drink 250mL,12,19,51,0,4.0,44,0
2026-03-26,F001,Bananas,8,41,32,0,3.2,0,1
2026-03-26,F002,Apples,6,39,33,0,4.5,0,0
2026-03-26,FR001,Ice Cream 1L,20,38,18,1,4.92,0,0
2026-03-26,FR002,Frozen Pizza,16,53,37,0,8.0,0,0
2026-03-26,H001,Toilet Paper,10,10,65,1,6.95,65,0
2026-03-26,H002,Laundry Detergent,13,13,51,0,12.0,51,0
2026-03-26,P001,Instant Noodles,23,30,59,0,2.0,52,0
2026-03-26,P002,Rice 1kg,27,36,61,0,3.5,52,0
2026-03-26,P004,Cereal,12,26,14,1,3.78,0,0
2026-03-26,PC001,Shampoo,10,66,56,0,9.5,0,0
2026-03-26,PC002,Toothpaste,11,21,10,0,4.5,0,0
2026-03-26,S001,Potato Chips,16,35,19,1,2.66,0,0
2026-03-26,S002,Chocolate Bar,7,44,37,0,2.8,0,0
2026-03-26,S003,Cookies,16,43,27,0,4.5,0,0
2026-03-27,B001,White Bread,27,27,44,0,3.5,44,0
2026-03-27,B002,Wholemeal Bread,23,52,29,0,4.0,0,0
2026-03-27,D001,Milk 2L,31,32,46,1,3.71,45,0
2026-03-27,D002,Eggs (12 pack),44,44,44,0,7.5,44,0
2026-03-27,D003,Butter 500g,33,47,14,0,6.0,0,0
2026-03-27,D004,Cheese 500g,10,39,28,1,6.18,0,1
2026-03-27,DR001,Bottled Water 600mL,12,19,60,0,2.5,53,0
2026-03-27,DR002,Coke 1.5L,15,28,13,0,3.8,0,0
2026-03-27,DR003,Orange Juice 2L,30,37,49,0,5.5,42,0
2026-03-27,DR004,Energy Drink 250mL,13,51,38,0,4.0,0,0
2026-03-27,F001,Bananas,13,32,19,0,3.2,0,0
2026-03-27,F002,Apples,10,33,23,0,4.5,0,0
2026-03-27,FR001,Ice Cream 1L,18,18,60,0,6.5,60,0
2026-03-27,FR002,Frozen Pizza,21,37,16,0,8.0,0,0
2026-03-27,H001,Toilet Paper,20,65,45,0,8.0,0,0
2026-03-27,H002,Laundry Detergent,16,51,35,0,12.0,0,0
2026-03-27,P001,Instant Noodles,17,59,42,0,2.0,0,0
2026-03-27,P002,Rice 1kg,23,61,38,0,3.5,0,0
2026-03-27,P004,Cereal,13,14,55,0,5.0,54,0
2026-03-27,PC001,Shampoo,13,56,43,0,9.5,0,0
2026-03-27,PC002,Toothpaste,10,10,58,0,4.5,58,0
2026-03-27,S001,Potato Chips,19,19,31,0,3.0,31,0
2026-03-27,S002,Chocolate Bar,8,37,29,0,2.8,0,0
2026-03-27,S003,Cookies,23,27,51,0,4.5,47,0
2026-03-28,B001,White Bread,44,44,52,0,3.5,52,0
2026-03-28,B002,Wholemeal Bread,26,29,61,0,4.0,58,0
2026-03-28,D001,Milk 2L,46,46,48,1,3.86,48,0
2026-03-28,D002,Eggs (12 pack),41,44,50,0,7.5,47,0
2026-03-28,D003,Butter 500g,14,14,67,0,6.0,67,0
2026-03-28,D004,Cheese 500g,11,28,17,0,8.0,0,0
2026-03-28,DR001,Bottled Water 600mL,25,60,35,0,2.5,0,0
2026-03-28,DR002,Coke 1.5L,11,13,31,0,3.8,29,0
2026-03-28,DR003,Orange Juice 2L,29,49,20,0,5.5,0,0
2026-03-28,DR004,Energy Drink 250mL,19,38,19,1,3.22,0,0
2026-03-28,F001,Bananas,19,19,38,0,3.2,38,0
2026-03-28,F002,Apples,14,23,57,0,4.5,48,0
2026-03-28,FR001,Ice Cream 1L,39,60,21,0,6.5,0,0
2026-03-28,FR002,Frozen Pizza,16,16,38,1,6.12,38,0
2026-03-28,H001,Toilet Paper,33,45,12,0,8.0,0,0
2026-03-28,H002,Laundry Detergent,18,35,17,0,12.0,0,0
2026-03-28,P001,Instant Noodles,24,42,18,0,2.0,0,0
2026-03-28,P002,Rice 1kg,38,38,43,0,3.5,43,0
2026-03-28,P004,Cereal,14,55,41,0,5.0,0,0
2026-03-28,PC001,Shampoo,16,43,27,0,9.5,0,0
2026-03-28,PC002,Toothpaste,12,58,46,0,4.5,0,0
2026-03-28,S001,Potato Chips,31,31,65,0,3.0,65,0
2026-03-28,S002,Chocolate Bar,11,29,18,0,2.8,0,0
2026-03-28,S003,Cookies,24,51,27,0,4.5,0,0
2026-03-29,B001,White Bread,34,52,18,0,3.5,0,0
2026-03-29,B002,Wholemeal Bread,36,61,24,0,4.0,0,1
2026-03-29,D001,Milk 2L,48,48,59,0,4.5,59,0
2026-03-29,D002,Eggs (12 pack),37,50,13,0,7.5,0,0
2026-03-29,D003,Butter 500g,27,67,39,0,6.0,0,1
2026-03-29,D004,Cheese 500g,9,17,39,0,8.0,31,0
2026-03-29,DR001,Bottled Water 600mL,19,35,16,0,2.5,0,0
2026-03-29,DR002,Coke 1.5L,11,31,20,1,2.85,0,0
2026-03-29,DR003,Orange Juice 2L,20,20,50,0,5.5,50,0
2026-03-29,DR004,Energy Drink 250mL,14,19,60,1,3.03,55,0
2026-03-29,F001,Bananas,16,38,22,0,3.2,0,0
2026-03-29,F002,Apples,14,57,43,1,3.88,0,0
2026-03-29,FR001,Ice Cream 1L,21,21,61,0,6.5,61,0
2026-03-29,FR002,Frozen Pizza,27,38,11,0,8.0,0,0
2026-03-29,H001,Toilet Paper,12,12,34,0,8.0,34,0
2026-03-29,H002,Laundry Detergent,17,17,68,1,8.97,68,0
2026-03-29,P001,Instant Noodles,18,18,64,0,2.0,64,0
2026-03-29,P002,Rice 1kg,29,43,14,1,2.98,0,0
2026-03-29,P004,Cereal,14,41,27,1,3.83,0,0
2026-03-29,PC001,Shampoo,12,27,15,0,9.5,0,0
2026-03-29,PC002,Toothpaste,20,46,26,0,4.5,0,0
2026-03-29,S001,Potato Chips,40,65,25,0,3.0,0,0
2026-03-29,S002,Chocolate Bar,10,18,55,1,2.12,47,0
2026-03-29,S003,Cookies,24,27,48,0,4.5,45,0
2026-03-30,B001,White Bread,18,18,60,0,3.5,60,0
2026-03-30,B002,Wholemeal Bread,18,24,62,1,3.32,56,0
2026-03-30,D001,Milk 2L,37,59,22,0,4.5,0,0
2026-03-30,D002,Eggs (12 pack),13,13,33,1,6.2,33,0
2026-03-30,D003,Butter 500g,30,39,66,0,6.0,57,0
2026-03-30,D004,Cheese 500g,6,39,32,0,8.0,0,1
2026-03-30,DR001,Bottled Water 600mL,16,16,47,0,2.5,47,0
2026-03-30,DR002,Coke 1.5L,13,20,27,0,3.8,20,0
2026-03-30,DR003,Orange Juice 2L,50,50,48,0,5.5,48,0
2026-03-30,DR004,Energy Drink 250mL,11,60,49,0,4.0,0,0
2026-03-30,F001,Bananas,13,22,48,0,3.2,39,0
2026-03-30,F002,Apples,5,43,38,0,4.5,0,0
2026-03-30,FR001,Ice Cream 1L,18,61,42,0,6.5,0,1
2026-03-30,FR002,Frozen Pizza,11,11,34,0,8.0,34,0
2026-03-30,H001,Toilet Paper,19,34,15,0,8.0,0,0
2026-03-30,H002,Laundry Detergent,16,68,52,0,12.0,0,0
2026-03-30,P001,Instant Noodles,18,64,46,0,2.0,0,0
2026-03-30,P002,Rice 1kg,14,14,33,0,3.5,33,0
2026-03-30,P004,Cereal,7,27,20,0,5.0,0,0
2026-03-30,PC001,Shampoo,11,15,33,0,9.5,29,0
2026-03-30,PC002,Toothpaste,12,26,14,0,4.5,0,0
2026-03-30,S001,Potato Chips,22,25,53,0,3.0,50,0
2026-03-30,S002,Chocolate Bar,5,55,50,0,2.8,0,0
2026-03-30,S003,Cookies,20,48,28,0,4.5,0,0
2026-03-31,B001,White Bread,23,60,37,0,3.5,0,0
2026-03-31,B002,Wholemeal Bread,16,62,46,0,4.0,0,0
2026-03-31,D001,Milk 2L,22,22,35,0,4.5,35,0
2026-03-31,D002,Eggs (12 pack),25,33,29,0,7.5,21,0
2026-03-31,D003,Butter 500g,25,66,41,0,6.0,0,0
2026-03-31,D004,Cheese 500g,7,32,25,1,6.79,0,0
2026-03-31,DR001,Bottled Water 600mL,37,47,10,0,2.5,0,0
2026-03-31,DR002,Coke 1.5L,10,27,17,0,3.8,0,0
2026-03-31,DR003,Orange Juice 2L,17,48,31,0,5.5,0,0
2026-03-31,DR004,Energy Drink 250mL,8,49,41,1,3.42,0,0
2026-03-31,F001,Bananas,11,48,37,0,3.2,0,0
2026-03-31,F002,Apples,6,38,32,0,4.5,0,0
2026-03-31,FR001,Ice Cream 1L,16,42,26,1,5.14,0,0
2026-03-31,FR002,Frozen Pizza,17,34,17,0,8.0,0,0
2026-03-31,H001,Toilet Paper,15,15,62,1,6.87,62,0
2026-03-31,H002,Laundry Detergent,12,52,40,0,12.0,0,0
2026-03-31,P001,Instant Noodles,13,46,33,0,2.0,0,0
2026-03-31,P002,Rice 1kg,30,33,55,0,3.5,52,0
2026-03-31,P004,Cereal,9,20,11,0,5.0,0,0
2026-03-31,PC001,Shampoo,10,33,23,0,9.5,0,0
2026-03-31,PC002,Toothpaste,9,14,32,0,4.5,27,0
2026-03-31,S001,Potato Chips,25,53,28,0,3.0,0,0
2026-03-31,S002,Chocolate Bar,6,50,44,0,2.8,0,0
2026-03-31,S003,Cookies,16,28,12,0,4.5,0,0
2026-04-01,B001,White Bread,28,37,56,1,3.01,47,0
2026-04-01,B002,Wholemeal Bread,18,46,28,0,4.0,0,0
2026-04-01,D001,Milk 2L,35,35,62,1,3.35,62,0
2026-04-01,D002,Eggs (12 pack),28,29,35,0,7.5,34,0
2026-04-01,D003,Butter 500g,19,41,22,0,6.0,0,0
2026-04-01,D004,Cheese 500g,6,25,19,0,8.0,0,0
2026-04-01,DR001,Bottled Water 600mL,10,10,63,0,2.5,63,0
2026-04-01,DR002,Coke 1.5L,12,17,61,0,3.8,56,0
2026-04-01,DR003,Orange Juice 2L,22,31,52,0,5.5,43,0
2026-04-01,DR004,Energy Drink 250mL,41,41,37,1,2.81,37,0
2026-04-01,F001,Bananas,13,37,24,0,3.2,0,0
2026-04-01,F002,Apples,9,32,23,0,4.5,0,0
2026-04-01,FR001,Ice Cream 1L,24,26,27,0,6.5,25,0
2026-04-01,FR002,Frozen Pizza,17,17,64,0,8.0,64,0
2026-04-01,H001,Toilet Paper,62,62,62,0,8.0,62,0
2026-04-01,H002,Laundry Detergent,15,40,25,1,10.04,0,0
2026-04-01,P001,Instant Noodles,17,33,16,0,2.0,0,0
2026-04-01,P002,Rice 1kg,30,55,25,0,3.5,0,0
2026-04-01,P004,Cereal,10,11,43,0,5.0,42,0
2026-04-01,PC001,Shampoo,10,23,13,0,9.5,0,0
2026-04-01,PC002,Toothpaste,12,32,20,0,4.5,0,0
2026-04-01,S001,Potato Chips,27,28,44,0,3.0,43,0
2026-04-01,S002,Chocolate Bar,5,44,39,0,2.8,0,0
2026-04-01,S003,Cookies,12,12,35,0,4.5,35,0
2026-04-02,B001,White Bread,30,56,26,0,3.5,0,0
2026-04-02,B002,Wholemeal Bread,14,28,14,1,2.97,0,0
2026-04-02,D001,Milk 2L,43,62,19,0,4.5,0,0
2026-04-02,D002,Eggs (12 pack),29,35,37,0,7.5,31,0
2026-04-02,D003,Butter 500g,22,22,54,0,6.0,54,0
2026-04-02,D004,Cheese 500g,7,19,12,0,8.0,0,0
2026-04-02,DR001,Bottled Water 600mL,10,63,53,0,2.5,0,0
2026-04-02,DR002,Coke 1.5L,10,61,51,1,3.31,0,0
2026-04-02,DR003,Orange Juice 2L,20,52,32,0,5.5,0,0
2026-04-02,DR004,Energy Drink 250mL,13,37,24,0,4.0,0,0
2026-04-02,F001,Bananas,10,24,14,1,2.75,0,0
2026-04-02,F002,Apples,8,23,15,0,4.5,0,0
2026-04-02,FR001,Ice Cream 1L,22,27,42,0,6.5,37,0
2026-04-02,FR002,Frozen Pizza,19,64,45,0,8.0,0,0
2026-04-02,H001,Toilet Paper,12,62,50,0,8.0,0,0
2026-04-02,H002,Laundry Detergent,19,25,35,0,12.0,29,0
2026-04-02,P001,Instant Noodles,15,16,30,0,2.0,29,0
2026-04-02,P002,Rice 1kg,25,25,52,0,3.5,52,0
2026-04-02,P003,Pasta 500g,14,58,44,0,2.8,0,0
2026-04-02,P004,Cereal,9,43,34,0,5.0,0,0
2026-04-02,PC001,Shampoo,10,13,34,0,9.5,31,0
2026-04-02,PC002,Toothpaste,10,20,10,0,4.5,0,0
2026-04-02,S001,Potato Chips,16,44,28,0,3.0,0,0
2026-04-02,S002,Chocolate Bar,6,39,33,0,2.8,0,0
2026-04-02,S003,Cookies,15,35,20,0,4.5,0,0
2026-04-03,B001,White Bread,14,26,12,0,3.5,0,0
2026-04-03,B002,Wholemeal Bread,13,14,24,0,4.0,23,0
2026-04-03,D001,Milk 2L,16,19,27,0,4.5,24,0
2026-04-03,D002,Eggs (12 pack),15,37,22,1,6.39,0,0
2026-04-03,D003,Butter 500g,17,54,37,0,6.0,0,0
2026-04-03,D004,Cheese 500g,6,12,56,0,8.0,50,0
2026-04-03,DR001,Bottled Water 600mL,6,53,47,0,2.5,0,0
2026-04-03,DR002,Coke 1.5L,4,51,47,0,3.8,0,0
2026-04-03,DR003,Orange Juice 2L,10,32,22,0,5.5,0,0
2026-04-03,DR004,Energy Drink 250mL,5,24,19,0,4.0,0,0
2026-04-03,F001,Bananas,6,14,56,1,2.73,48,0
2026-04-03,F002,Apples,4,15,11,0,4.5,0,0
2026-04-03,FR001,Ice Cream 1L,15,42,26,0,6.5,0,1
2026-04-03,FR002,Frozen Pizza,10,45,35,0,8.0,0,0
2026-04-03,H001,Toilet Paper,13,50,37,0,8.0,0,0
2026-04-03,H002,Laundry Detergent,9,35,26,0,12.0,0,0
2026-04-03,P001,Instant Noodles,9,30,21,0,2.0,0,0
2026-04-03,P002,Rice 1kg,13,52,39,1,2.82,0,0
2026-04-03,P003,Pasta 500g,9,44,35,0,2.8,0,0
2026-04-03,P004,Cereal,5,34,29,1,3.68,0,0
2026-04-03,PC001,Shampoo,5,34,29,0,9.5,0,0
2026-04-03,PC002,Toothpaste,7,10,32,0,4.5,29,0
2026-04-03,S001,Potato Chips,15,28,13,0,3.0,0,0
2026-04-03,S002,Chocolate Bar,4,33,29,0,2.8,0,0
2026-04-03,S003,Cookies,8,20,12,0,4.5,0,0
2026-04-04,B001,White Bread,12,12,58,1,2.75,58,0
2026-04-04,B002,Wholemeal Bread,21,24,26,0,4.0,23,0
2026-04-04,D001,Milk 2L,27,27,69,1,3.2,69,0
2026-04-04,D002,Eggs (12 pack),22,22,51,0,7.5,51,0
2026-04-04,D003,Butter 500g,23,37,14,0,6.0,0,0
2026-04-04,D004,Cheese 500g,6,56,50,0,8.0,0,0
2026-04-04,DR001,Bottled Water 600mL,18,47,29,0,2.5,0,0
2026-04-04,DR002,Coke 1.5L,10,47,37,0,3.8,0,0
2026-04-04,DR003,Orange Juice 2L,18,22,60,0,5.5,56,0
2026-04-04,DR004,Energy Drink 250mL,13,19,59,1,3.55,53,0
2026-04-04,F001,Bananas,10,56,46,0,3.2,0,0
2026-04-04,F002,Apples,6,11,51,0,4.5,46,0
2026-04-04,FR001,Ice Cream 1L,26,26,63,0,6.5,63,0
2026-04-04,FR002,Frozen Pizza,21,35,14,1,7.08,0,0
2026-04-04,H001,Toilet Paper,22,37,15,0,8.0,0,0
2026-04-04,H002,Laundry Detergent,16,26,10,0,12.0,0,0
2026-04-04,P001,Instant Noodles,21,21,51,0,2.0,51,0
2026-04-04,P002,Rice 1kg,21,39,18,0,3.5,0,0
2026-04-04,P003,Pasta 500g,16,35,19,0,2.8,0,0
2026-04-04,P004,Cereal,12,29,17,1,4.11,0,0
2026-04-04,PC001,Shampoo,7,29,22,0,9.5,0,0
2026-04-04,PC002,Toothpaste,13,32,19,0,4.5,0,0
2026-04-04,S001,Potato Chips,13,13,60,1,2.69,60,0
2026-04-04,S002,Chocolate Bar,7,29,22,0,2.8,0,0
2026-04-04,S003,Cookies,12,12,40,0,4.5,40,0
2026-04-05,B001,White Bread,19,58,39,0,3.5,0,0
2026-04-05,B002,Wholemeal Bread,11,26,15,0,4.0,0,0
2026-04-05,D001,Milk 2L,20,69,48,0,4.5,0,1
2026-04-05,D002,Eggs (12 pack),15,51,36,1,6.64,0,0
2026-04-05,D003,Butter 500g,14,14,39,0,6.0,39,0
2026-04-05,D004,Cheese 500g,5,50,44,0,8.0,0,1
2026-04-05,DR001,Bottled Water 600mL,8,29,21,0,2.5,0,0
2026-04-05,DR002,Coke 1.5L,7,37,30,1,3.0,0,0
2026-04-05,DR003,Orange Juice 2L,11,60,48,0,5.5,0,1
2026-04-05,DR004,Energy Drink 250mL,9,59,50,0,4.0,0,0
2026-04-05,F001,Bananas,10,46,35,0,3.2,0,1
2026-04-05,F002,Apples,6,51,44,0,4.5,0,1
2026-04-05,FR001,Ice Cream 1L,18,63,45,1,5.37,0,0
2026-04-05,FR002,Frozen Pizza,14,14,56,0,8.0,56,0
2026-04-05,H001,Toilet Paper,15,15,63,0,8.0,63,0
2026-04-05,H002,Laundry Detergent,10,10,57,0,12.0,57,0
2026-04-05,P001,Instant Noodles,14,51,37,0,2.0,0,0
2026-04-05,P002,Rice 1kg,18,18,32,0,3.5,32,0
2026-04-05,P003,Pasta 500g,12,19,45,0,2.8,38,0
2026-04-05,P004,Cereal,6,17,11,0,5.0,0,0
2026-04-05,PC001,Shampoo,6,22,16,0,9.5,0,0
2026-04-05,PC002,Toothpaste,8,19,11,0,4.5,0,0
2026-04-05,S001,Potato Chips,12,60,48,0,3.0,0,0
2026-04-05,S002,Chocolate Bar,5,22,17,0,2.8,0,0
2026-04-05,S003,Cookies,15,40,25,0,4.5,0,0
2026-04-06,B001,White Bread,14,39,25,0,3.5,0,0
2026-04-06,B002,Wholemeal Bread,15,15,60,0,4.0,60,0
2026-04-06,D001,Milk 2L,23,48,25,0,4.5,0,0
2026-04-06,D002,Eggs (12 pack),15,36,21,0,7.5,0,0
2026-04-06,D003,Butter 500g,16,39,23,0,6.0,0,0
2026-04-06,D004,Cheese 500g,5,44,38,0,8.0,0,1
2026-04-06,DR001,Bottled Water 600mL,10,21,11,0,2.5,0,0
2026-04-06,DR002,Coke 1.5L,7,30,23,0,3.8,0,0
2026-04-06,DR003,Orange Juice 2L,16,48,32,0,5.5,0,0
2026-04-06,DR004,Energy Drink 250mL,8,50,42,0,4.0,0,0
2026-04-06,F001,Bananas,6,35,28,1,2.56,0,1
2026-04-06,F002,Apples,5,44,39,0,4.5,0,0
2026-04-06,FR001,Ice Cream 1L,13,45,32,0,6.5,0,0
2026-04-06,FR002,Frozen Pizza,7,56,49,0,8.0,0,0
2026-04-06,H001,Toilet Paper,13,63,50,0,8.0,0,0
2026-04-06,H002,Laundry Detergent,7,57,50,0,12.0,0,0
2026-04-06,P001,Instant Noodles,8,37,29,0,2.0,0,0
2026-04-06,P002,Rice 1kg,17,32,15,0,3.5,0,0
2026-04-06,P003,Pasta 500g,9,45,36,0,2.8,0,0
2026-04-06,P004,Cereal,5,11,60,0,5.0,54,0
2026-04-06,PC001,Shampoo,7,16,63,0,9.5,54,0
2026-04-06,PC002,Toothpaste,6,11,35,0,4.5,30,0
2026-04-06,S001,Potato Chips,18,48,30,0,3.0,0,0
2026-04-06,S002,Chocolate Bar,4,17,13,0,2.8,0,0
2026-04-06,S003,Cookies,11,25,14,0,4.5,0,0
2026-04-07,B001,White Bread,25,25,69,0,3.5,69,0
2026-04-07,B002,Wholemeal Bread,31,60,28,0,4.0,0,1
2026-04-07,D001,Milk 2L,25,25,32,0,4.5,32,0
2026-04-07,D002,Eggs (12 pack),21,21,48,0,7.5,48,0
2026-04-07,D003,Butter 500g,23,23,68,0,6.0,68,0
2026-04-07,D004,Cheese 500g,12,38,26,0,8.0,0,0
2026-04-07,DR001,Bottled Water 600mL,11,11,67,0,2.5,67,0
2026-04-07,DR002,Coke 1.5L,17,23,53,0,3.8,47,0
2026-04-07,DR003,Orange Juice 2L,31,32,31,0,5.5,30,0
2026-04-07,DR004,Energy Drink 250mL,13,42,29,0,4.0,0,0
2026-04-07,F001,Bananas,10,28,18,0,3.2,0,0
2026-04-07,F002,Apples,12,39,27,0,4.5,0,0
2026-04-07,FR001,Ice Cream 1L,32,32,51,0,6.5,51,0
2026-04-07,FR002,Frozen Pizza,14,49,35,0,8.0,0,0
2026-04-07,H001,Toilet Paper,20,50,30,0,8.0,0,0
2026-04-07,H002,Laundry Detergent,13,50,37,0,12.0,0,0
2026-04-07,P001,Instant Noodles,20,29,44,0,2.0,35,0
2026-04-07,P002,Rice 1kg,15,15,36,0,3.5,36,0
2026-04-07,P003,Pasta 500g,17,36,19,0,2.8,0,0
2026-04-07,P004,Cereal,16,60,44,0,5.0,0,0
2026-04-07,PC001,Shampoo,8,63,55,0,9.5,0,0
2026-04-07,PC002,Toothpaste,16,35,19,0,4.5,0,0
2026-04-07,S001,Potato Chips,22,30,38,1,2.18,30,0
2026-04-07,S002,Chocolate Bar,9,13,26,0,2.8,22,0
2026-04-07,S003,Cookies,14,14,54,0,4.5,54,0
2026-04-08,B001,White Bread,33,69,36,0,3.5,0,0
2026-04-08,B002,Wholemeal Bread,18,28,10,0,4.0,0,0
2026-04-08,D001,Milk 2L,32,32,35,1,3.7,35,0
2026-04-08,D002,Eggs (12 pack),23,48,25,0,7.5,0,0
2026-04-08,D003,Butter 500g,20,68,48,1,4.56,0,0
2026-04-08,D004,Cheese 500g,9,26,17,0,8.0,0,0
2026-04-08,DR001,Bottled Water 600mL,9,67,58,0,2.5,0,0
2026-04-08,DR002,Coke 1.5L,13,53,40,0,3.8,0,0
2026-04-08,DR003,Orange Juice 2L,31,31,69,0,5.5,69,0
2026-04-08,DR004,Energy Drink 250mL,9,29,20,0,4.0,0,0
2026-04-08,F001,Bananas,7,18,11,0,3.2,0,0
2026-04-08,F002,Apples,7,27,20,1,3.79,0,0
2026-04-08,FR001,Ice Cream 1L,51,51,51,1,5.8,51,0
2026-04-08,FR002,Frozen Pizza,12,35,23,0,8.0,0,0
2026-04-08,H001,Toilet Paper,13,30,17,0,8.0,0,0
2026-04-08,H002,Laundry Detergent,14,37,23,1,9.29,0,0
2026-04-08,P001,Instant Noodles,15,44,29,1,1.51,0,0
2026-04-08,P002,Rice 1kg,29,36,32,0,3.5,25,0
2026-04-08,P003,Pasta 500g,13,19,36,1,2.37,30,0
2026-04-08,P004,Cereal,11,44,33,0,5.0,0,0
2026-04-08,PC001,Shampoo,7,55,48,1,8.52,0,0
2026-04-08,PC002,Toothpaste,12,19,36,0,4.5,29,0
2026-04-08,S001,Potato Chips,25,38,13,0,3.0,0,0
2026-04-08,S002,Chocolate Bar,26,26,65,1,2.42,65,0
2026-04-08,S003,Cookies,18,54,36,0,4.5,0,0
2026-04-09,B001,White Bread,32,36,48,0,3.5,44,0
2026-04-09,B002,Wholemeal Bread,10,10,42,0,4.0,42,0
2026-04-09,D001,Milk 2L,35,35,34,0,4.5,34,0
2026-04-09,D002,Eggs (12 pack),25,25,50,0,7.5,50,0
2026-04-09,D003,Butter 500g,25,48,23,0,6.0,0,0
2026-04-09,D004,Cheese 500g,5,17,12,0,8.0,0,0
2026-04-09,DR001,Bottled Water 600mL,13,58,45,0,2.5,0,0
2026-04-09,DR002,Coke 1.5L,11,40,29,0,3.8,0,0
2026-04-09,DR003,Orange Juice 2L,22,69,46,0,5.5,0,1
2026-04-09,DR004,Energy Drink 250mL,10,20,10,0,4.0,0,0
2026-04-09,F001,Bananas,11,11,68,0,3.2,68,0
2026-04-09,F002,Apples,7,20,13,0,4.5,0,0
2026-04-09,FR001,Ice Cream 1L,25,51,26,0,6.5,0,0
2026-04-09,FR002,Frozen Pizza,14,23,40,0,8.0,31,0
2026-04-09,H001,Toilet Paper,17,17,45,0,8.0,45,0
2026-04-09,H002,Laundry Detergent,15,23,45,0,12.0,37,0
2026-04-09,P001,Instant Noodles,19,29,10,1,1.56,0,0
2026-04-09,P002,Rice 1kg,27,32,64,1,2.7,59,0
2026-04-09,P003,Pasta 500g,19,36,17,0,2.8,0,0
2026-04-09,P004,Cereal,10,33,23,0,5.0,0,0
2026-04-09,PC001,Shampoo,10,48,38,0,9.5,0,0
2026-04-09,PC002,Toothpaste,11,36,25,0,4.5,0,0
2026-04-09,S001,Potato Chips,13,13,67,0,3.0,67,0
2026-04-09,S002,Chocolate Bar,6,65,59,0,2.8,0,0
2026-04-09,S003,Cookies,18,36,18,0,4.5,0,0
2026-04-10,B001,White Bread,25,48,23,0,3.5,0,0
2026-04-10,B002,Wholemeal Bread,18,42,23,0,4.0,0,1
2026-04-10,D001,Milk 2L,34,34,43,0,4.5,43,0
2026-04-10,D002,Eggs (12 pack),29,50,21,0,7.5,0,0
2026-04-10,D003,Butter 500g,23,23,44,0,6.0,44,0
2026-04-10,D004,Cheese 500g,7,12,58,1,6.93,53,0
2026-04-10,DR001,Bottled Water 600mL,17,45,28,0,2.5,0,0
2026-04-10,DR002,Coke 1.5L,9,29,20,0,3.8,0,0
2026-04-10,DR003,Orange Juice 2L,18,46,28,0,5.5,0,0
2026-04-10,DR004,Energy Drink 250mL,10,10,49,0,4.0,49,0
2026-04-10,F001,Bananas,11,68,57,0,3.2,0,0
2026-04-10,F002,Apples,11,13,55,1,3.49,53,0
2026-04-10,FR001,Ice Cream 1L,26,26,56,0,6.5,56,0
2026-04-10,FR002,Frozen Pizza,16,40,24,0,8.0,0,0
2026-04-10,H001,Toilet Paper,20,45,25,0,8.0,0,0
2026-04-10,H002,Laundry Detergent,22,45,23,1,8.93,0,0
2026-04-10,P001,Instant Noodles,10,10,40,0,2.0,40,0
2026-04-10,P002,Rice 1kg,37,64,27,0,3.5,0,0
2026-04-10,P003,Pasta 500g,17,17,35,0,2.8,35,0
2026-04-10,P004,Cereal,11,23,12,0,5.0,0,0
2026-04-10,PC001,Shampoo,12,38,26,0,9.5,0,0
2026-04-10,PC002,Toothpaste,16,25,60,0,4.5,51,0
2026-04-10,S001,Potato Chips,33,67,34,0,3.0,0,0
2026-04-10,S002,Chocolate Bar,7,59,52,0,2.8,0,0
2026-04-10,S003,Cookies,18,18,68,0,4.5,68,0
2026-04-11,B001,White Bread,23,23,65,0,3.5,65,0
2026-04-11,B002,Wholemeal Bread,23,23,38,1,3.24,38,0
2026-04-11,D001,Milk 2L,43,43,38,0,4.5,38,0
2026-04-11,D002,Eggs (12 pack),21,21,49,0,7.5,49,0
2026-04-11,D003,Butter 500g,29,44,15,0,6.0,0,0
2026-04-11,D004,Cheese 500g,15,58,43,1,7.05,0,0
2026-04-11,DR001,Bottled Water 600mL,22,28,37,0,2.5,31,0
2026-04-11,DR002,Coke 1.5L,14,20,45,0,3.8,39,0
2026-04-11,DR003,Orange Juice 2L,28,28,56,0,5.5,56,0
2026-04-11,DR004,Energy Drink 250mL,17,49,32,0,4.0,0,0
2026-04-11,F001,Bananas,12,57,45,0,3.2,0,0
2026-04-11,F002,Apples,10,55,44,0,4.5,0,1
2026-04-11,FR001,Ice Cream 1L,28,56,27,1,4.58,0,1
2026-04-11,FR002,Frozen Pizza,16,24,32,0,8.0,24,0
2026-04-11,H001,Toilet Paper,20,25,63,1,6.46,58,0
2026-04-11,H002,Laundry Detergent,15,23,42,0,12.0,34,0
2026-04-11,P001,Instant Noodles,35,40,25,0,2.0,20,0
2026-04-11,P002,Rice 1kg,27,27,36,0,3.5,36,0
2026-04-11,P003,Pasta 500g,33,35,34,0,2.8,32,0
2026-04-11,P004,Cereal,11,12,59,1,4.0,58,0
2026-04-11,PC001,Shampoo,13,26,13,0,9.5,0,0
2026-04-11,PC002,Toothpaste,12,60,48,0,4.5,0,0
2026-04-11,S001,Potato Chips,34,34,34,1,2.43,34,0
2026-04-11,S002,Chocolate Bar,11,52,41,0,2.8,0,0
2026-04-11,S003,Cookies,21,68,47,1,3.68,0,0
2026-04-12,B001,White Bread,48,65,17,0,3.5,0,0
2026-04-12,B002,Wholemeal Bread,28,38,10,0,4.0,0,0
2026-04-12,D001,Milk 2L,38,38,36,0,4.5,36,0
2026-04-12,D002,Eggs (12 pack),28,49,21,0,7.5,0,0
2026-04-12,D003,Butter 500g,15,15,34,0,6.0,34,0
2026-04-12,D004,Cheese 500g,14,43,28,0,8.0,0,1
2026-04-12,DR001,Bottled Water 600mL,20,37,17,0,2.5,0,0
2026-04-12,DR002,Coke 1.5L,19,45,26,0,3.8,0,0
2026-04-12,DR003,Orange Juice 2L,23,56,33,1,4.58,0,0
2026-04-12,DR004,Energy Drink 250mL,13,32,19,1,3.08,0,0
2026-04-12,F001,Bananas,17,45,28,0,3.2,0,0
2026-04-12,F002,Apples,44,44,51,0,4.5,51,0
2026-04-12,FR001,Ice Cream 1L,24,27,49,0,6.5,46,0
2026-04-12,FR002,Frozen Pizza,30,32,43,0,8.0,41,0
2026-04-12,H001,Toilet Paper,29,63,34,0,8.0,0,0
2026-04-12,H002,Laundry Detergent,19,42,23,0,12.0,0,0
2026-04-12,P001,Instant Noodles,25,25,43,0,2.0,43,0
2026-04-12,P002,Rice 1kg,31,36,45,0,3.5,40,0
2026-04-12,P003,Pasta 500g,30,34,25,0,2.8,21,0
2026-04-12,P004,Cereal,11,59,48,0,5.0,0,0
2026-04-12,PC001,Shampoo,13,13,67,0,9.5,67,0
2026-04-12,PC002,Toothpaste,11,48,37,0,4.5,0,0
2026-04-12,S001,Potato Chips,24,34,10,1,2.56,0,0
2026-04-12,S002,Chocolate Bar,12,41,29,0,2.8,0,0
2026-04-12,S003,Cookies,22,47,25,0,4.5,0,0
2026-04-13,B001,White Bread,17,17,48,0,3.5,48,0
2026-04-13,B002,Wholemeal Bread,10,10,49,0,4.0,49,0
2026-04-13,D001,Milk 2L,36,36,58,0,4.5,58,0
2026-04-13,D002,Eggs (12 pack),20,21,32,0,7.5,31,0
2026-04-13,D003,Butter 500g,21,34,13,0,6.0,0,0
2026-04-13,D004,Cheese 500g,6,28,22,0,8.0,0,0
2026-04-13,DR001,Bottled Water 600mL,9,17,36,0,2.5,28,0
2026-04-13,DR002,Coke 1.5L,13,26,13,0,3.8,0,0
2026-04-13,DR003,Orange Juice 2L,26,33,65,0,5.5,58,0
2026-04-13,DR004,Energy Drink 250mL,11,19,63,0,4.0,55,0
2026-04-13,F001,Bananas,11,28,17,0,3.2,0,0
2026-04-13,F002,Apples,9,51,41,0,4.5,0,1
2026-04-13,FR001,Ice Cream 1L,26,49,23,0,6.5,0,0
2026-04-13,FR002,Frozen Pizza,13,43,30,0,8.0,0,0
2026-04-13,H001,Toilet Paper,15,34,19,0,8.0,0,0
2026-04-13,H002,Laundry Detergent,23,23,69,0,12.0,69,0
2026-04-13,P001,Instant Noodles,20,43,23,1,1.79,0,0
2026-04-13,P002,Rice 1kg,25,45,20,0,3.5,0,0
2026-04-13,P003,Pasta 500g,18,25,51,0,2.8,44,0
2026-04-13,P004,Cereal,9,48,39,0,5.0,0,0
2026-04-13,PC001,Shampoo,9,67,58,0,9.5,0,0
2026-04-13,PC002,Toothpaste,10,37,27,0,4.5,0,0
2026-04-13,S001,Potato Chips,10,10,41,0,3.0,41,0
2026-04-13,S002,Chocolate Bar,29,29,45,1,2.07,45,0
2026-04-13,S003,Cookies,18,25,35,0,4.5,28,0
2026-04-14,B001,White Bread,21,48,27,0,3.5,0,0
2026-04-14,B002,Wholemeal Bread,22,49,27,0,4.0,0,0
2026-04-14,D001,Milk 2L,28,58,29,1,3.7,0,1
2026-04-14,D002,Eggs (12 pack),28,32,55,0,7.5,51,0
2026-04-14,D003,Butter 500g,13,13,51,0,6.0,51,0
2026-04-14,D004,Cheese 500g,9,22,13,0,8.0,0,0
2026-04-14,DR001,Bottled Water 600mL,9,36,27,0,2.5,0,0
2026-04-14,DR002,Coke 1.5L,11,13,33,1,3.41,31,0
2026-04-14,DR003,Orange Juice 2L,21,65,43,1,3.9,0,1
2026-04-14,DR004,Energy Drink 250mL,13,63,50,0,4.0,0,0
2026-04-14,F001,Bananas,17,17,37,0,3.2,37,0
2026-04-14,F002,Apples,8,41,33,0,4.5,0,0
2026-04-14,FR001,Ice Cream 1L,15,23,58,0,6.5,50,0
2026-04-14,FR002,Frozen Pizza,19,30,11,0,8.0,0,0
2026-04-14,H001,Toilet Paper,17,19,55,0,8.0,53,0
2026-04-14,H002,Laundry Detergent,11,69,58,0,12.0,0,0
2026-04-14,P001,Instant Noodles,23,23,36,0,2.0,36,0
2026-04-14,P002,Rice 1kg,20,20,36,0,3.5,36,0
2026-04-14,P003,Pasta 500g,17,51,34,0,2.8,0,0
2026-04-14,P004,Cereal,11,39,28,1,3.92,0,0
2026-04-14,PC001,Shampoo,9,58,49,1,7.88,0,0
2026-04-14,PC002,Toothpaste,11,27,16,0,4.5,0,0
2026-04-14,S001,Potato Chips,28,41,13,0,3.0,0,0
2026-04-14,S002,Chocolate Bar,6,45,39,0,2.8,0,0
2026-04-14,S003,Cookies,14,35,21,0,4.5,0,0
2026-04-15,B001,White Bread,27,27,66,0,3.5,66,0
2026-04-15,B002,Wholemeal Bread,17,27,10,0,4.0,0,0
2026-04-15,D001,Milk 2L,29,29,53,0,4.5,53,0
2026-04-15,D002,Eggs (12 pack),18,55,37,0,7.5,0,0
2026-04-15,D003,Butter 500g,24,51,27,0,6.0,0,0
2026-04-15,D004,Cheese 500g,7,13,31,0,8.0,25,0
2026-04-15,DR001,Bottled Water 600mL,12,27,15,1,1.85,0,0
2026-04-15,DR002,Coke 1.5L,8,33,25,0,3.8,0,0
2026-04-15,DR003,Orange Juice 2L,22,43,21,0,5.5,0,0
2026-04-15,DR004,Energy Drink 250mL,13,50,37,0,4.0,0,0
2026-04-15,F001,Bananas,12,37,24,0,3.2,0,1
2026-04-15,F002,Apples,8,33,25,1,3.46,0,0
2026-04-15,FR001,Ice Cream 1L,26,58,32,0,6.5,0,0
2026-04-15,FR002,Frozen Pizza,11,11,69,0,8.0,69,0
2026-04-15,H001,Toilet Paper,14,55,41,0,8.0,0,0
2026-04-15,H002,Laundry Detergent,18,58,40,0,12.0,0,0
2026-04-15,P001,Instant Noodles,25,36,11,0,2.0,0,0
2026-04-15,P002,Rice 1kg,24,36,12,0,3.5,0,0
2026-04-15,P003,Pasta 500g,34,34,69,0,2.8,69,0
2026-04-15,P004,Cereal,10,28,18,0,5.0,0,0
2026-04-15,PC001,Shampoo,10,49,39,1,8.22,0,0
2026-04-15,PC002,Toothpaste,11,16,61,0,4.5,56,0
2026-04-15,S001,Potato Chips,13,13,33,0,3.0,33,0
2026-04-15,S002,Chocolate Bar,7,39,32,0,2.8,0,0
2026-04-15,S003,Cookies,15,21,50,0,4.5,44,0
2026-04-16,B001,White Bread,20,66,46,1,2.54,0,0
2026-04-16,B002,Wholemeal Bread,10,10,32,0,4.0,32,0
2026-04-16,D001,Milk 2L,29,53,24,0,4.5,0,0
2026-04-16,D002,Eggs (12 pack),37,37,47,0,7.5,47,0
2026-04-16,D003,Butter 500g,27,27,61,0,6.0,61,0
2026-04-16,D004,Cheese 500g,9,31,22,0,8.0,0,0
2026-04-16,DR001,Bottled Water 600mL,15,15,61,0,2.5,61,0
2026-04-16,DR002,Coke 1.5L,11,25,14,0,3.8,0,0
2026-04-16,DR003,Orange Juice 2L,21,21,38,0,5.5,38,0
2026-04-16,DR004,Energy Drink 250mL,9,37,28,0,4.0,0,0
2026-04-16,F001,Bananas,13,24,11,0,3.2,0,0
2026-04-16,F002,Apples,5,25,20,0,4.5,0,0
2026-04-16,FR001,Ice Cream 1L,17,32,15,1,4.77,0,0
2026-04-16,FR002,Frozen Pizza,18,69,50,1,5.6,0,1
2026-04-16,H001,Toilet Paper,16,41,25,0,8.0,0,0
2026-04-16,H002,Laundry Detergent,14,40,26,0,12.0,0,0
2026-04-16,P001,Instant Noodles,11,11,45,0,2.0,45,0
2026-04-16,P002,Rice 1kg,12,12,33,1,2.73,33,0
2026-04-16,P003,Pasta 500g,18,69,51,1,2.3,0,0
2026-04-16,P004,Cereal,7,18,11,0,5.0,0,0
2026-04-16,PC001,Shampoo,9,39,30,0,9.5,0,0
2026-04-16,PC002,Toothpaste,10,61,51,0,4.5,0,0
2026-04-16,S001,Potato Chips,18,33,15,1,2.49,0,0
2026-04-16,S002,Chocolate Bar,7,32,25,0,2.8,0,0
2026-04-16,S003,Cookies,12,50,38,0,4.5,0,0
2026-04-17,B001,White Bread,35,46,11,0,3.5,0,0
2026-04-17,B002,Wholemeal Bread,25,32,56,0,4.0,49,0
2026-04-17,D001,Milk 2L,24,24,40,0,4.5,40,0
2026-04-17,D002,Eggs (12 pack),24,47,23,1,5.29,0,0
2026-04-17,D003,Butter 500g,34,61,27,0,6.0,0,0
2026-04-17,D004,Cheese 500g,22,22,33,0,8.0,33,0
2026-04-17,DR001,Bottled Water 600mL,11,61,50,1,2.0,0,0
2026-04-17,DR002,Coke 1.5L,13,14,53,0,3.8,52,0
2026-04-17,DR003,Orange Juice 2L,21,38,17,0,5.5,0,0
2026-04-17,DR004,Energy Drink 250mL,9,28,19,0,4.0,0,0
2026-04-17,F001,Bananas,11,11,46,0,3.2,46,0
2026-04-17,F002,Apples,11,20,50,0,4.5,41,0
2026-04-17,FR001,Ice Cream 1L,15,15,42,0,6.5,42,0
2026-04-17,FR002,Frozen Pizza,22,50,28,0,8.0,0,0
2026-04-17,H001,Toilet Paper,23,25,25,0,8.0,23,0
2026-04-17,H002,Laundry Detergent,21,26,43,0,12.0,38,0
2026-04-17,P001,Instant Noodles,21,45,24,0,2.0,0,0
2026-04-17,P002,Rice 1kg,29,33,32,0,3.5,28,0
2026-04-17,P003,Pasta 500g,23,51,28,0,2.8,0,0
2026-04-17,P004,Cereal,11,11,47,0,5.0,47,0
2026-04-17,PC001,Shampoo,13,30,17,0,9.5,0,0
2026-04-17,PC002,Toothpaste,9,51,42,1,3.16,0,0
2026-04-17,S001,Potato Chips,15,15,60,0,3.0,60,0
2026-04-17,S002,Chocolate Bar,7,25,18,0,2.8,0,0
2026-04-17,S003,Cookies,19,38,19,0,4.5,0,0
2026-04-18,B001,White Bread,11,11,63,0,3.5,63,0
2026-04-18,B002,Wholemeal Bread,25,56,31,1,3.12,0,0
2026-04-18,D001,Milk 2L,40,40,37,0,4.5,37,0
2026-04-18,D002,Eggs (12 pack),23,23,52,0,7.5,52,0
2026-04-18,D003,Butter 500g,27,27,42,0,6.0,42,0
2026-04-18,D004,Cheese 500g,13,33,20,1,7.14,0,0
2026-04-18,DR001,Bottled Water 600mL,14,50,36,1,1.93,0,0
2026-04-18,DR002,Coke 1.5L,14,53,39,0,3.8,0,0
2026-04-18,DR003,Orange Juice 2L,17,17,33,1,4.04,33,0
2026-04-18,DR004,Energy Drink 250mL,16,19,51,0,4.0,48,0
2026-04-18,F001,Bananas,14,46,32,0,3.2,0,0
2026-04-18,F002,Apples,11,50,38,0,4.5,0,1
2026-04-18,FR001,Ice Cream 1L,34,42,56,0,6.5,48,0
2026-04-18,FR002,Frozen Pizza,23,28,50,0,8.0,45,0
2026-04-18,H001,Toilet Paper,25,25,31,0,8.0,31,0
2026-04-18,H002,Laundry Detergent,22,43,21,0,12.0,0,0
2026-04-18,P001,Instant Noodles,24,24,54,0,2.0,54,0
2026-04-18,P002,Rice 1kg,32,32,64,0,3.5,64,0
2026-04-18,P003,Pasta 500g,28,28,35,0,2.8,35,0
2026-04-18,P004,Cereal,17,47,30,0,5.0,0,0
2026-04-18,PC001,Shampoo,12,17,31,0,9.5,26,0
2026-04-18,PC002,Toothpaste,14,42,28,0,4.5,0,0
2026-04-18,S001,Potato Chips,35,60,25,0,3.0,0,0
2026-04-18,S002,Chocolate Bar,8,18,10,1,2.22,0,0
2026-04-18,S003,Cookies,19,19,58,0,4.5,58,0
2026-04-19,B001,White Bread,43,63,20,0,3.5,0,0
2026-04-19,B002,Wholemeal Bread,24,31,40,0,4.0,33,0
2026-04-19,D001,Milk 2L,37,37,52,0,4.5,52,0
2026-04-19,D002,Eggs (12 pack),26,52,25,0,7.5,0,1
2026-04-19,D003,Butter 500g,30,42,12,0,6.0,0,0
2026-04-19,D004,Cheese 500g,11,20,55,1,7.13,46,0
2026-04-19,DR001,Bottled Water 600mL,18,36,18,0,2.5,0,0
2026-04-19,DR002,Coke 1.5L,20,39,19,0,3.8,0,0
2026-04-19,DR003,Orange Juice 2L,26,33,32,0,5.5,25,0
2026-04-19,DR004,Energy Drink 250mL,12,51,39,1,2.88,0,0
2026-04-19,F001,Bananas,20,32,12,0,3.2,0,0
2026-04-19,F002,Apples,14,38,23,0,4.5,0,1
2026-04-19,FR001,Ice Cream 1L,34,56,22,0,6.5,0,0
2026-04-19,FR002,Frozen Pizza,50,50,49,0,8.0,49,0
2026-04-19,H001,Toilet Paper,31,31,41,0,8.0,41,0
2026-04-19,H002,Laundry Detergent,20,21,23,0,12.0,22,0
2026-04-19,P001,Instant Noodles,20,54,34,0,2.0,0,0
2026-04-19,P002,Rice 1kg,45,64,19,0,3.5,0,0
2026-04-19,P003,Pasta 500g,30,35,54,0,2.8,49,0
2026-04-19,P004,Cereal,17,30,13,0,5.0,0,0
2026-04-19,PC001,Shampoo,17,31,14,0,9.5,0,0
2026-04-19,PC002,Toothpaste,11,28,17,0,4.5,0,0
2026-04-19,S001,Potato Chips,23,25,29,0,3.0,27,0
2026-04-19,S002,Chocolate Bar,10,10,44,0,2.8,44,0
2026-04-19,S003,Cookies,20,58,38,0,4.5,0,0
2026-04-20,B001,White Bread,20,20,64,1,2.98,64,0
2026-04-20,B002,Wholemeal Bread,14,40,26,0,4.0,0,0
2026-04-20,D001,Milk 2L,37,52,15,0,4.5,0,0
2026-04-20,D002,Eggs (12 pack),21,25,53,1,6.43,49,0
2026-04-20,D003,Butter 500g,12,12,44,0,6.0,44,0
2026-04-20,D004,Cheese 500g,7,55,46,0,8.0,0,2
2026-04-20,DR001,Bottled Water 600mL,14,18,30,0,2.5,26,0
2026-04-20,DR002,Coke 1.5L,7,19,12,0,3.8,0,0
2026-04-20,DR003,Orange Juice 2L,25,32,60,0,5.5,53,0
2026-04-20,DR004,Energy Drink 250mL,9,39,30,0,4.0,0,0
2026-04-20,F001,Bananas,12,12,51,0,3.2,51,0
2026-04-20,F002,Apples,9,23,14,0,4.5,0,0
2026-04-20,FR001,Ice Cream 1L,22,22,53,0,6.5,53,0
2026-04-20,FR002,Frozen Pizza,14,49,34,0,8.0,0,1
2026-04-20,H001,Toilet Paper,14,41,27,0,8.0,0,0
2026-04-20,H002,Laundry Detergent,18,23,48,0,12.0,43,0
2026-04-20,P001,Instant Noodles,18,34,16,0,2.0,0,0
2026-04-20,P002,Rice 1kg,19,19,64,0,3.5,64,0
2026-04-20,P003,Pasta 500g,22,54,32,1,2.29,0,0
2026-04-20,P004,Cereal,11,13,46,0,5.0,44,0
2026-04-20,PC001,Shampoo,10,14,42,0,9.5,38,0
2026-04-20,PC002,Toothpaste,12,17,58,0,4.5,53,0
2026-04-20,S001,Potato Chips,16,29,13,0,3.0,0,0
2026-04-20,S002,Chocolate Bar,4,44,40,0,2.8,0,0
2026-04-20,S003,Cookies,11,38,27,1,3.57,0,0
2026-04-21,B001,White Bread,28,64,35,1,2.73,0,1
2026-04-21,B002,Wholemeal Bread,23,26,29,0,4.0,26,0
2026-04-21,D001,Milk 2L,15,15,66,0,4.5,66,0
2026-04-21,D002,Eggs (12 pack),26,53,27,0,7.5,0,0
2026-04-21,D003,Butter 500g,22,44,22,0,6.0,0,0
2026-04-21,D004,Cheese 500g,9,46,37,0,8.0,0,0
2026-04-21,DR001,Bottled Water 600mL,10,30,20,0,2.5,0,0
2026-04-21,DR002,Coke 1.5L,7,12,62,0,3.8,57,0
2026-04-21,DR003,Orange Juice 2L,15,60,44,1,4.23,0,1
2026-04-21,DR004,Energy Drink 250mL,13,30,17,0,4.0,0,0
2026-04-21,F001,Bananas,11,51,40,0,3.2,0,0
2026-04-21,F002,Apples,6,14,48,0,4.5,40,0
2026-04-21,FR001,Ice Cream 1L,28,53,25,0,6.5,0,0
2026-04-21,FR002,Frozen Pizza,20,34,14,0,8.0,0,0
2026-04-21,H001,Toilet Paper,12,27,15,0,8.0,0,0
2026-04-21,H002,Laundry Detergent,16,48,32,0,12.0,0,0
2026-04-21,P001,Instant Noodles,13,16,34,0,2.0,31,0
2026-04-21,P002,Rice 1kg,24,64,40,0,3.5,0,0
2026-04-21,P003,Pasta 500g,25,32,61,0,2.8,54,0
2026-04-21,P004,Cereal,10,46,36,0,5.0,0,0
2026-04-21,PC001,Shampoo,11,42,31,1,7.39,0,0
2026-04-21,PC002,Toothpaste,11,58,47,0,4.5,0,0
2026-04-21,S001,Potato Chips,13,13,57,0,3.0,57,0
2026-04-21,S002,Chocolate Bar,5,40,35,1,2.5,0,0
2026-04-21,S003,Cookies,18,27,41,0,4.5,32,0
2026-04-22,B001,White Bread,23,35,12,0,3.5,0,0
2026-04-22,B002,Wholemeal Bread,21,29,44,0,4.0,36,0
2026-04-22,D001,Milk 2L,33,66,33,1,3.58,0,0
2026-04-22,D002,Eggs (12 pack),26,27,40,0,7.5,39,0
2026-04-22,D003,Butter 500g,16,22,31,0,6.0,25,0
2026-04-22,D004,Cheese 500g,10,37,27,0,8.0,0,0
2026-04-22,DR001,Bottled Water 600mL,15,20,42,0,2.5,37,0
2026-04-22,DR002,Coke 1.5L,8,62,54,0,3.8,0,0
2026-04-22,DR003,Orange Juice 2L,15,44,29,0,5.5,0,0
2026-04-22,DR004,Energy Drink 250mL,13,17,33,0,4.0,29,0
2026-04-22,F001,Bananas,10,40,30,1,2.64,0,0
2026-04-22,F002,Apples,8,48,40,0,4.5,0,0
2026-04-22,FR001,Ice Cream 1L,23,25,45,0,6.5,43,0
2026-04-22,FR002,Frozen Pizza,14,14,44,0,8.0,44,0
2026-04-22,H001,Toilet Paper,15,15,68,0,8.0,68,0
2026-04-22,H002,Laundry Detergent,16,32,16,0,12.0,0,0
2026-04-22,P001,Instant Noodles,23,34,11,0,2.0,0,0
2026-04-22,P002,Rice 1kg,27,40,13,0,3.5,0,0
2026-04-22,P003,Pasta 500g,22,61,39,1,2.16,0,0
2026-04-22,P004,Cereal,10,36,26,0,5.0,0,0
2026-04-22,PC001,Shampoo,8,31,23,0,9.5,0,0
2026-04-22,PC002,Toothpaste,7,47,40,0,4.5,0,0
2026-04-22,S001,Potato Chips,18,57,39,0,3.0,0,0
2026-04-22,S002,Chocolate Bar,4,35,31,0,2.8,0,0
2026-04-22,S003,Cookies,13,41,28,0,4.5,0,0
2026-04-23,B001,White Bread,12,12,40,0,3.5,40,0
2026-04-23,B002,Wholemeal Bread,26,44,18,0,4.0,0,0
2026-04-23,D001,Milk 2L,29,33,58,0,4.5,54,0
2026-04-23,D002,Eggs (12 pack),18,40,22,0,7.5,0,0
2026-04-23,D003,Butter 500g,24,31,49,0,6.0,42,0
2026-04-23,D004,Cheese 500g,10,27,17,0,8.0,0,0
2026-04-23,DR001,Bottled Water 600mL,14,42,28,0,2.5,0,0
2026-04-23,DR002,Coke 1.5L,7,54,47,0,3.8,0,0
2026-04-23,DR003,Orange Juice 2L,18,29,11,0,5.5,0,0
2026-04-23,DR004,Energy Drink 250mL,13,33,20,0,4.0,0,0
2026-04-23,F001,Bananas,9,30,21,0,3.2,0,0
2026-04-23,F002,Apples,7,40,32,0,4.5,0,1
2026-04-23,FR001,Ice Cream 1L,24,45,21,0,6.5,0,0
2026-04-23,FR002,Frozen Pizza,16,44,28,0,8.0,0,0
2026-04-23,H001,Toilet Paper,14,68,54,0,8.0,0,0
2026-04-23,H002,Laundry Detergent,12,16,61,0,12.0,57,0
2026-04-23,P001,Instant Noodles,11,11,57,0,2.0,57,0
2026-04-23,P002,Rice 1kg,13,13,64,0,3.5,64,0
2026-04-23,P003,Pasta 500g,16,39,23,1,2.22,0,0
2026-04-23,P004,Cereal,7,26,19,0,5.0,0,0
2026-04-23,PC001,Shampoo,7,23,16,0,9.5,0,0
2026-04-23,PC002,Toothpaste,10,40,30,0,4.5,0,0
2026-04-23,S001,Potato Chips,22,39,17,0,3.0,0,0
2026-04-23,S002,Chocolate Bar,6,31,25,0,2.8,0,0
2026-04-23,S003,Cookies,28,28,66,0,4.5,66,0
2026-04-24,B001,White Bread,27,40,13,0,3.5,0,0
2026-04-24,B002,Wholemeal Bread,18,18,38,0,4.0,38,0
2026-04-24,D001,Milk 2L,30,58,28,0,4.5,0,0
2026-04-24,D002,Eggs (12 pack),19,22,58,0,7.5,55,0
2026-04-24,D003,Butter 500g,49,49,33,0,6.0,33,0
2026-04-24,D004,Cheese 500g,12,17,48,0,8.0,43,0
2026-04-24,DR001,Bottled Water 600mL,12,28,16,0,2.5,0,0
2026-04-24,DR002,Coke 1.5L,10,47,37,0,3.8,0,0
2026-04-24,DR003,Orange Juice 2L,11,11,42,0,5.5,42,0
2026-04-24,DR004,Energy Drink 250mL,14,20,45,1,3.02,39,0
2026-04-24,F001,Bananas,21,21,34,0,3.2,34,0
2026-04-24,F002,Apples,10,32,22,0,4.5,0,0
2026-04-24,FR001,Ice Cream 1L,21,21,37,0,6.5,37,0
2026-04-24,FR002,Frozen Pizza,15,28,13,0,8.0,0,0
2026-04-24,H001,Toilet Paper,27,54,27,1,5.67,0,0
2026-04-24,H002,Laundry Detergent,17,61,44,1,9.05,0,0
2026-04-24,P001,Instant Noodles,18,57,39,0,2.0,0,0
2026-04-24,P002,Rice 1kg,21,64,43,0,3.5,0,0
2026-04-24,P003,Pasta 500g,23,23,48,0,2.8,48,0
2026-04-24,P004,Cereal,13,19,42,0,5.0,36,0
2026-04-24,PC001,Shampoo,13,16,35,0,9.5,32,0
2026-04-24,PC002,Toothpaste,12,30,18,0,4.5,0,0
2026-04-24,S001,Potato Chips,17,17,57,0,3.0,57,0
2026-04-24,S002,Chocolate Bar,7,25,18,0,2.8,0,0
2026-04-24,S003,Cookies,15,66,51,0,4.5,0,0
2026-04-25,B001,White Bread,13,13,39,0,3.5,39,0
2026-04-25,B002,Wholemeal Bread,13,38,25,0,4.0,0,0
2026-04-25,D001,Milk 2L,25,28,45,0,4.5,42,0
2026-04-25,D002,Eggs (12 pack),13,58,44,0,7.5,0,1
2026-04-25,D003,Butter 500g,12,33,21,0,6.0,0,0
2026-04-25,D004,Cheese 500g,6,48,42,0,8.0,0,0
2026-04-25,DR001,Bottled Water 600mL,9,16,48,0,2.5,41,0
2026-04-25,DR002,Coke 1.5L,7,37,30,0,3.8,0,0
2026-04-25,DR003,Orange Juice 2L,9,42,32,0,5.5,0,1
2026-04-25,DR004,Energy Drink 250mL,4,45,41,1,2.88,0,0
2026-04-25,F001,Bananas,8,34,26,0,3.2,0,0
2026-04-25,F002,Apples,5,22,17,0,4.5,0,0
2026-04-25,FR001,Ice Cream 1L,14,37,23,0,6.5,0,0
2026-04-25,FR002,Frozen Pizza,8,13,59,1,5.69,54,0
2026-04-25,H001,Toilet Paper,7,27,20,0,8.0,0,0
2026-04-25,H002,Laundry Detergent,9,44,35,0,12.0,0,0
2026-04-25,P001,Instant Noodles,11,39,28,0,2.0,0,0
2026-04-25,P002,Rice 1kg,16,43,27,0,3.5,0,0
2026-04-25,P003,Pasta 500g,9,48,39,0,2.8,0,0
2026-04-25,P004,Cereal,5,42,37,0,5.0,0,0
2026-04-25,PC001,Shampoo,5,35,30,0,9.5,0,0
2026-04-25,PC002,Toothpaste,4,18,14,0,4.5,0,0
2026-04-25,S001,Potato Chips,15,57,42,0,3.0,0,0
2026-04-25,S002,Chocolate Bar,4,18,14,0,2.8,0,0
2026-04-25,S003,Cookies,9,51,42,1,3.89,0,0
2026-04-26,B001,White Bread,39,39,47,0,3.5,47,0
2026-04-26,B002,Wholemeal Bread,25,25,68,0,4.0,68,0
2026-04-26,D001,Milk 2L,45,45,35,0,4.5,35,0
2026-04-26,D002,Eggs (12 pack),33,44,11,0,7.5,0,0
2026-04-26,D003,Butter 500g,21,21,55,0,6.0,55,0
2026-04-26,D004,Cheese 500g,11,42,31,0,8.0,0,0
2026-04-26,DR001,Bottled Water 600mL,33,48,15,0,2.5,0,0
2026-04-26,DR002,Coke 1.5L,19,30,11,0,3.8,0,0
2026-04-26,DR003,Orange Juice 2L,30,32,26,0,5.5,24,0
2026-04-26,DR004,Energy Drink 250mL,15,41,26,0,4.0,0,0
2026-04-26,F001,Bananas,21,26,61,0,3.2,56,0
2026-04-26,F002,Apples,14,17,62,0,4.5,59,0
2026-04-26,FR001,Ice Cream 1L,23,23,57,1,4.73,57,0
2026-04-26,FR002,Frozen Pizza,34,59,25,0,8.0,0,0
2026-04-26,H001,Toilet Paper,20,20,58,0,8.0,58,0
2026-04-26,H002,Laundry Detergent,32,35,53,0,12.0,50,0
2026-04-26,P001,Instant Noodles,28,28,59,0,2.0,59,0
2026-04-26,P002,Rice 1kg,27,27,30,0,3.5,30,0
2026-04-26,P003,Pasta 500g,39,39,55,0,2.8,55,0
2026-04-26,P004,Cereal,17,37,20,0,5.0,0,0
2026-04-26,PC001,Shampoo,19,30,11,0,9.5,0,0
2026-04-26,PC002,Toothpaste,14,14,57,0,4.5,57,0
2026-04-26,S001,Potato Chips,42,42,30,0,3.0,30,0
2026-04-26,S002,Chocolate Bar,12,14,22,0,2.8,20,0
2026-04-26,S003,Cookies,33,42,31,0,4.5,22,0
2026-04-27,B001,White Bread,35,47,12,0,3.5,0,0
2026-04-27,B002,Wholemeal Bread,68,68,37,0,4.0,37,0
2026-04-27,D001,Milk 2L,24,35,11,0,4.5,0,0
2026-04-27,D002,Eggs (12 pack),11,11,66,0,7.5,66,0
2026-04-27,D003,Butter 500g,25,55,29,0,6.0,0,1
2026-04-27,D004,Cheese 500g,9,31,22,1,5.91,0,0
2026-04-27,DR001,Bottled Water 600mL,12,15,28,0,2.5,25,0
2026-04-27,DR002,Coke 1.5L,8,11,41,0,3.8,38,0
2026-04-27,DR003,Orange Juice 2L,20,26,29,0,5.5,23,0
2026-04-27,DR004,Energy Drink 250mL,13,26,13,0,4.0,0,0
2026-04-27,F001,Bananas,11,61,50,0,3.2,0,0
2026-04-27,F002,Apples,5,62,57,0,4.5,0,0
2026-04-27,FR001,Ice Cream 1L,26,57,30,0,6.5,0,1
2026-04-27,FR002,Frozen Pizza,16,25,65,1,7.01,56,0
2026-04-27,H001,Toilet Paper,20,58,38,0,8.0,0,0
2026-04-27,H002,Laundry Detergent,12,53,41,0,12.0,0,0
2026-04-27,P001,Instant Noodles,16,59,43,0,2.0,0,0
2026-04-27,P002,Rice 1kg,29,30,58,0,3.5,57,0
2026-04-27,P003,Pasta 500g,22,55,33,0,2.8,0,0
2026-04-27,P004,Cereal,10,20,10,0,5.0,0,0
2026-04-27,PC001,Shampoo,8,11,23,1,7.56,20,0
2026-04-27,PC002,Toothpaste,12,57,45,0,4.5,0,0
2026-04-27,S001,Potato Chips,24,30,57,1,2.17,51,0
2026-04-27,S002,Chocolate Bar,6,22,16,1,2.38,0,0
2026-04-27,S003,Cookies,20,31,11,0,4.5,0,0
2026-04-28,B001,White Bread,12,12,54,0,3.5,54,0
2026-04-28,B002,Wholemeal Bread,22,37,15,0,4.0,0,0
2026-04-28,D001,Milk 2L,11,11,54,1,3.6,54,0
2026-04-28,D002,Eggs (12 pack),28,66,38,0,7.5,0,0
2026-04-28,D003,Butter 500g,29,29,48,1,4.35,48,0
2026-04-28,D004,Cheese 500g,9,22,13,0,8.0,0,0
2026-04-28,DR001,Bottled Water 600mL,15,28,13,0,2.5,0,0
2026-04-28,DR002,Coke 1.5L,12,41,29,0,3.8,0,0
2026-04-28,DR003,Orange Juice 2L,16,29,13,0,5.5,0,0
2026-04-28,DR004,Energy Drink 250mL,12,13,55,0,4.0,54,0
2026-04-28,F001,Bananas,9,50,41,0,3.2,0,0
2026-04-28,F002,Apples,6,57,51,0,4.5,0,0
2026-04-28,FR001,Ice Cream 1L,25,30,43,0,6.5,38,0
2026-04-28,FR002,Frozen Pizza,15,65,50,0,8.0,0,0
2026-04-28,H001,Toilet Paper,38,38,41,0,8.0,41,0
2026-04-28,H002,Laundry Detergent,13,41,28,0,12.0,0,0
2026-04-28,P001,Instant Noodles,14,43,29,0,2.0,0,0
2026-04-28,P002,Rice 1kg,23,58,35,0,3.5,0,0
2026-04-28,P003,Pasta 500g,24,33,33,0,2.8,24,0
2026-04-28,P004,Cereal,10,10,36,0,5.0,36,0
2026-04-28,PC001,Shampoo,10,23,13,0,9.5,0,0
2026-04-28,PC002,Toothpaste,11,45,34,1,3.48,0,0
2026-04-28,S001,Potato Chips,24,57,33,0,3.0,0,0
2026-04-28,S002,Chocolate Bar,6,16,10,0,2.8,0,0
2026-04-28,S003,Cookies,11,11,31,0,4.5,31,0
2026-04-29,B001,White Bread,32,54,22,0,3.5,0,0
2026-04-29,B002,Wholemeal Bread,15,15,44,0,4.0,44,0
2026-04-29,D001,Milk 2L,43,54,11,0,4.5,0,0
2026-04-29,D002,Eggs (12 pack),24,38,14,0,7.5,0,0
2026-04-29,D003,Butter 500g,21,48,27,0,6.0,0,0
2026-04-29,D004,Cheese 500g,8,13,52,0,8.0,47,0
2026-04-29,DR001,Bottled Water 600mL,13,13,44,0,2.5,44,0
2026-04-29,DR002,Coke 1.5L,11,29,18,0,3.8,0,0
2026-04-29,DR003,Orange Juice 2L,13,13,62,0,5.5,62,0
2026-04-29,DR004,Energy Drink 250mL,11,55,44,1,3.08,0,0
2026-04-29,F001,Bananas,10,41,31,0,3.2,0,0
2026-04-29,F002,Apples,8,51,43,0,4.5,0,0
2026-04-29,FR001,Ice Cream 1L,23,43,20,1,4.9,0,0
2026-04-29,FR002,Frozen Pizza,13,50,37,0,8.0,0,0
2026-04-29,H001,Toilet Paper,22,41,19,0,8.0,0,0
2026-04-29,H002,Laundry Detergent,10,28,18,0,12.0,0,0
2026-04-29,P001,Instant Noodles,13,29,16,1,1.6,0,0
2026-04-29,P002,Rice 1kg,18,35,17,1,3.12,0,0
2026-04-29,P003,Pasta 500g,15,33,18,0,2.8,0,0
2026-04-29,P004,Cereal,8,36,28,1,4.27,0,0
2026-04-29,PC001,Shampoo,10,13,46,0,9.5,43,0
2026-04-29,PC002,Toothpaste,12,34,22,0,4.5,0,0
2026-04-29,S001,Potato Chips,17,33,16,0,3.0,0,0
2026-04-29,S002,Chocolate Bar,5,10,40,0,2.8,35,0
2026-04-29,S003,Cookies,15,31,16,1,3.17,0,0
2026-04-30,B001,White Bread,22,22,32,0,3.5,32,0
2026-04-30,B002,Wholemeal Bread,21,44,23,1,3.03,0,0
2026-04-30,D001,Milk 2L,11,11,49,0,4.5,49,0
2026-04-30,D002,Eggs (12 pack),14,14,53,0,7.5,53,0
2026-04-30,D003,Butter 500g,20,27,66,1,5.05,59,0
2026-04-30,D004,Cheese 500g,10,52,41,0,8.0,0,1
2026-04-30,DR001,Bottled Water 600mL,13,44,31,1,1.99,0,0
2026-04-30,DR002,Coke 1.5L,7,18,11,0,3.8,0,0
2026-04-30,DR003,Orange Juice 2L,21,62,41,0,5.5,0,0
2026-04-30,DR004,Energy Drink 250mL,13,44,31,1,3.46,0,0
2026-04-30,F001,Bananas,8,31,23,0,3.2,0,0
2026-04-30,F002,Apples,7,43,35,0,4.5,0,1
2026-04-30,FR001,Ice Cream 1L,20,20,65,0,6.5,65,0
2026-04-30,FR002,Frozen Pizza,19,37,18,0,8.0,0,0
2026-04-30,H001,Toilet Paper,19,19,37,0,8.0,37,0
2026-04-30,H002,Laundry Detergent,10,18,56,0,12.0,48,0
2026-04-30,P001,Instant Noodles,16,16,58,1,1.79,58,0
2026-04-30,P002,Rice 1kg,17,17,60,0,3.5,60,0
2026-04-30,P003,Pasta 500g,18,18,50,0,2.8,50,0
2026-04-30,P004,Cereal,7,28,21,0,5.0,0,0
2026-04-30,PC001,Shampoo,6,46,40,0,9.5,0,0
2026-04-30,PC002,Toothpaste,11,22,11,0,4.5,0,0
2026-04-30,S001,Potato Chips,16,16,68,0,3.0,68,0
2026-04-30,S002,Chocolate Bar,4,40,36,1,2.05,0,0
2026-04-30,S003,Cookies,16,16,61,0,4.5,61,0
2026-05-01,B001,White Bread,32,32,36,0,3.5,36,0
2026-05-01,B002,Wholemeal Bread,22,23,44,1,3.04,43,0
2026-05-01,D001,Milk 2L,45,49,53,0,4.5,49,0
2026-05-01,D002,Eggs (12 pack),22,53,31,1,6.7,0,0
2026-05-01,D003,Butter 500g,29,66,36,0,6.0,0,1
2026-05-01,D004,Cheese 500g,9,41,32,0,8.0,0,0
2026-05-01,DR001,Bottled Water 600mL,18,31,13,0,2.5,0,0
2026-05-01,DR002,Coke 1.5L,10,11,39,0,3.8,38,0
2026-05-01,DR003,Orange Juice 2L,21,41,20,0,5.5,0,0
2026-05-01,DR004,Energy Drink 250mL,13,31,18,1,2.98,0,0
2026-05-01,F001,Bananas,23,23,30,1,2.52,30,0
2026-05-01,F002,Apples,8,35,27,1,3.6,0,0
2026-05-01,FR001,Ice Cream 1L,27,65,37,0,6.5,0,1
2026-05-01,FR002,Frozen Pizza,18,18,66,0,8.0,66,0
2026-05-01,H001,Toilet Paper,24,37,13,0,8.0,0,0
2026-05-01,H002,Laundry Detergent,18,56,38,0,12.0,0,0
2026-05-01,P001,Instant Noodles,22,58,36,0,2.0,0,0
2026-05-01,P002,Rice 1kg,28,60,32,0,3.5,0,0
2026-05-01,P003,Pasta 500g,21,50,29,1,2.11,0,0
2026-05-01,P004,Cereal,11,21,10,0,5.0,0,0
2026-05-01,PC001,Shampoo,12,40,28,0,9.5,0,0
2026-05-01,PC002,Toothpaste,10,11,39,0,4.5,38,0
2026-05-01,S001,Potato Chips,33,68,35,0,3.0,0,0
2026-05-01,S002,Chocolate Bar,6,36,30,0,2.8,0,0
2026-05-01,S003,Cookies,24,61,37,0,4.5,0,0
2026-05-02,B001,White Bread,36,36,65,0,3.5,65,0
2026-05-02,B002,Wholemeal Bread,28,44,16,0,4.0,0,0
2026-05-02,D001,Milk 2L,53,53,63,0,4.5,63,0
2026-05-02,D002,Eggs (12 pack),31,31,66,0,7.5,66,0
2026-05-02,D003,Butter 500g,36,36,40,0,6.0,40,0
2026-05-02,D004,Cheese 500g,10,32,22,1,7.01,0,0
2026-05-02,DR001,Bottled Water 600mL,13,13,69,0,2.5,69,0
2026-05-02,DR002,Coke 1.5L,15,39,24,0,3.8,0,0
2026-05-02,DR003,Orange Juice 2L,20,20,35,1,4.91,35,0
2026-05-02,DR004,Energy Drink 250mL,18,18,33,0,4.0,33,0
2026-05-02,F001,Bananas,16,30,14,1,2.63,0,0
2026-05-02,F002,Apples,12,27,15,0,4.5,0,0
2026-05-02,FR001,Ice Cream 1L,34,37,60,0,6.5,57,0
2026-05-02,FR002,Frozen Pizza,18,66,46,1,6.53,0,2
2026-05-02,H001,Toilet Paper,13,13,49,0,8.0,49,0
2026-05-02,H002,Laundry Detergent,38,38,58,0,12.0,58,0
2026-05-02,P001,Instant Noodles,32,36,58,1,1.69,54,0
2026-05-02,P002,Rice 1kg,32,32,57,0,3.5,57,0
2026-05-02,P003,Pasta 500g,29,29,55,0,2.8,55,0
2026-05-02,P004,Cereal,10,10,44,0,5.0,44,0
2026-05-02,PC001,Shampoo,12,28,16,0,9.5,0,0
2026-05-02,PC002,Toothpaste,19,39,20,0,4.5,0,0
2026-05-02,S001,Potato Chips,31,35,52,0,3.0,48,0
2026-05-02,S002,Chocolate Bar,8,30,22,0,2.8,0,0
2026-05-02,S003,Cookies,37,37,69,0,4.5,69,0
2026-05-03,B001,White Bread,51,65,14,0,3.5,0,0
2026-05-03,B002,Wholemeal Bread,16,16,45,0,4.0,45,0
2026-05-03,D001,Milk 2L,58,63,47,0,4.5,42,0
2026-05-03,D002,Eggs (12 pack),29,66,37,0,7.5,0,0
2026-05-03,D003,Butter 500g,40,40,65,0,6.0,65,0
2026-05-03,D004,Cheese 500g,13,22,50,0,8.0,41,0
2026-05-03,DR001,Bottled Water 600mL,20,69,49,1,1.77,0,0
2026-05-03,DR002,Coke 1.5L,19,24,58,1,3.36,53,0
2026-05-03,DR003,Orange Juice 2L,30,35,43,0,5.5,38,0
2026-05-03,DR004,Energy Drink 250mL,16,33,17,0,4.0,0,0
2026-05-03,F001,Bananas,14,14,46,0,3.2,46,0
2026-05-03,F002,Apples,12,15,53,0,4.5,50,0
2026-05-03,FR001,Ice Cream 1L,38,60,21,0,6.5,0,1
2026-05-03,FR002,Frozen Pizza,20,46,26,0,8.0,0,0
2026-05-03,H001,Toilet Paper,23,49,26,0,8.0,0,0
2026-05-03,H002,Laundry Detergent,26,58,32,1,8.78,0,0
2026-05-03,P001,Instant Noodles,35,58,23,0,2.0,0,0
2026-05-03,P002,Rice 1kg,33,57,24,0,3.5,0,0
2026-05-03,P003,Pasta 500g,29,55,26,0,2.8,0,0
2026-05-03,P004,Cereal,44,44,50,0,5.0,50,0
2026-05-03,PC001,Shampoo,16,16,38,1,8.17,38,0
2026-05-03,PC002,Toothpaste,11,20,36,0,4.5,27,0
2026-05-03,S001,Potato Chips,39,52,13,0,3.0,0,0
2026-05-03,S002,Chocolate Bar,6,22,16,1,2.13,0,0
2026-05-03,S003,Cookies,25,69,44,0,4.5,0,0
2026-05-04,B001,White Bread,14,14,44,0,3.5,44,0
2026-05-04,B002,Wholemeal Bread,14,45,30,0,4.0,0,1
2026-05-04,D001,Milk 2L,47,47,39,1,3.95,39,0
2026-05-04,D002,Eggs (12 pack),28,37,37,0,7.5,28,0
2026-05-04,D003,Butter 500g,20,65,44,0,6.0,0,1
2026-05-04,D004,Cheese 500g,10,50,39,0,8.0,0,1
2026-05-04,DR001,Bottled Water 600mL,14,49,35,0,2.5,0,0
2026-05-04,DR002,Coke 1.5L,10,58,48,0,3.8,0,0
2026-05-04,DR003,Orange Juice 2L,15,43,27,0,5.5,0,1
2026-05-04,DR004,Energy Drink 250mL,13,17,44,0,4.0,40,0
2026-05-04,F001,Bananas,11,46,35,0,3.2,0,0
2026-05-04,F002,Apples,7,53,45,0,4.5,0,1
2026-05-04,FR001,Ice Cream 1L,20,21,26,0,6.5,25,0
2026-05-04,FR002,Frozen Pizza,19,26,33,1,6.5,26,0
2026-05-04,H001,Toilet Paper,17,26,32,0,8.0,23,0
2026-05-04,H002,Laundry Detergent,14,32,18,0,12.0,0,0
2026-05-04,P001,Instant Noodles,16,23,55,1,1.71,48,0
2026-05-04,P002,Rice 1kg,17,24,37,0,3.5,30,0
2026-05-04,P003,Pasta 500g,20,26,45,0,2.8,39,0
2026-05-04,P004,Cereal,7,50,43,0,5.0,0,0
2026-05-04,PC001,Shampoo,8,38,30,0,9.5,0,0
2026-05-04,PC002,Toothpaste,8,36,28,1,3.66,0,0
2026-05-04,S001,Potato Chips,13,13,60,0,3.0,60,0
2026-05-04,S002,Chocolate Bar,5,16,11,1,2.14,0,0
2026-05-04,S003,Cookies,17,44,27,0,4.5,0,0
2026-05-05,B001,White Bread,21,44,23,1,2.72,0,0
2026-05-05,B002,Wholemeal Bread,23,30,55,0,4.0,48,0
2026-05-05,D001,Milk 2L,30,39,51,0,4.5,42,0
2026-05-05,D002,Eggs (12 pack),26,37,11,1,5.85,0,0
2026-05-05,D003,Butter 500g,19,44,25,0,6.0,0,0
2026-05-05,D004,Cheese 500g,8,39,31,0,8.0,0,0
2026-05-05,DR001,Bottled Water 600mL,15,35,20,0,2.5,0,0
2026-05-05,DR002,Coke 1.5L,8,48,40,1,3.36,0,0
2026-05-05,DR003,Orange Juice 2L,22,27,49,0,5.5,44,0
2026-05-05,DR004,Energy Drink 250mL,11,44,33,1,3.21,0,0
2026-05-05,F001,Bananas,9,35,26,0,3.2,0,0
2026-05-05,F002,Apples,7,45,38,0,4.5,0,0
2026-05-05,FR001,Ice Cream 1L,26,26,36,0,6.5,36,0
2026-05-05,FR002,Frozen Pizza,11,33,22,0,8.0,0,0
2026-05-05,H001,Toilet Paper,22,32,10,0,8.0,0,0
2026-05-05,H002,Laundry Detergent,13,18,47,0,12.0,42,0
2026-05-05,P001,Instant Noodles,21,55,34,0,2.0,0,0
2026-05-05,P002,Rice 1kg,28,37,50,0,3.5,41,0
2026-05-05,P003,Pasta 500g,14,45,31,0,2.8,0,0
2026-05-05,P004,Cereal,12,43,31,0,5.0,0,0
2026-05-05,PC001,Shampoo,11,30,19,1,8.24,0,0
2026-05-05,PC002,Toothpaste,9,28,19,0,4.5,0,0
2026-05-05,S001,Potato Chips,26,60,34,0,3.0,0,0
2026-05-05,S002,Chocolate Bar,7,11,29,0,2.8,25,0
2026-05-05,S003,Cookies,19,27,54,1,3.73,46,0
2026-05-06,B001,White Bread,23,23,37,0,3.5,37,0
2026-05-06,B002,Wholemeal Bread,23,55,32,0,4.0,0,0
2026-05-06,D001,Milk 2L,27,51,23,0,4.5,0,1
2026-05-06,D002,Eggs (12 pack),11,11,61,0,7.5,61,0
2026-05-06,D003,Butter 500g,25,25,67,0,6.0,67,0
2026-05-06,D004,Cheese 500g,7,31,24,1,6.84,0,0
2026-05-06,DR001,Bottled Water 600mL,10,20,10,0,2.5,0,0
2026-05-06,DR002,Coke 1.5L,8,40,32,0,3.8,0,0
2026-05-06,DR003,Orange Juice 2L,27,49,22,0,5.5,0,0
2026-05-06,DR004,Energy Drink 250mL,13,33,20,0,4.0,0,0
2026-05-06,F001,Bananas,13,26,13,0,3.2,0,0
2026-05-06,F002,Apples,8,38,29,0,4.5,0,1
2026-05-06,FR001,Ice Cream 1L,26,36,10,0,6.5,0,0
2026-05-06,FR002,Frozen Pizza,15,22,41,0,8.0,34,0
2026-05-06,H001,Toilet Paper,10,10,58,0,8.0,58,0
2026-05-06,H002,Laundry Detergent,11,47,36,0,12.0,0,0
2026-05-06,P001,Instant Noodles,18,34,16,0,2.0,0,0
2026-05-06,P002,Rice 1kg,22,50,28,0,3.5,0,0
2026-05-06,P003,Pasta 500g,21,31,10,0,2.8,0,0
2026-05-06,P004,Cereal,9,31,22,0,5.0,0,0
2026-05-06,PC001,Shampoo,7,19,12,0,9.5,0,0
2026-05-06,PC002,Toothpaste,10,19,43,0,4.5,34,0
2026-05-06,S001,Potato Chips,26,34,43,1,2.23,35,0
2026-05-06,S002,Chocolate Bar,29,29,57,0,2.8,57,0
2026-05-06,S003,Cookies,17,54,37,0,4.5,0,0
2026-05-07,B001,White Bread,23,37,14,1,3.08,0,0
2026-05-07,B002,Wholemeal Bread,21,32,11,0,4.0,0,0
2026-05-07,D001,Milk 2L,23,23,58,0,4.5,58,0
2026-05-07,D002,Eggs (12 pack),25,61,35,1,6.07,0,1
2026-05-07,D003,Butter 500g,21,67,46,0,6.0,0,0
2026-05-07,D004,Cheese 500g,10,24,14,0,8.0,0,0
2026-05-07,DR001,Bottled Water 600mL,10,10,32,1,2.14,32,0
2026-05-07,DR002,Coke 1.5L,10,32,22,0,3.8,0,0
2026-05-07,DR003,Orange Juice 2L,22,22,50,0,5.5,50,0
2026-05-07,DR004,Energy Drink 250mL,10,20,10,0,4.0,0,0
2026-05-07,F001,Bananas,10,13,29,0,3.2,26,0
2026-05-07,F002,Apples,7,29,22,1,3.6,0,0
2026-05-07,FR001,Ice Cream 1L,10,10,53,0,6.5,53,0
2026-05-07,FR002,Frozen Pizza,41,41,68,0,8.0,68,0
2026-05-07,H001,Toilet Paper,16,58,42,0,8.0,0,0
2026-05-07,H002,Laundry Detergent,12,36,24,0,12.0,0,0
2026-05-07,P001,Instant Noodles,16,16,40,0,2.0,40,0
2026-05-07,P002,Rice 1kg,17,28,11,0,3.5,0,0
2026-05-07,P003,Pasta 500g,10,10,62,0,2.8,62,0
2026-05-07,P004,Cereal,7,22,15,0,5.0,0,0
2026-05-07,PC001,Shampoo,10,12,40,0,9.5,38,0
2026-05-07,PC002,Toothpaste,12,43,31,0,4.5,0,0
2026-05-07,S001,Potato Chips,28,43,15,0,3.0,0,0
2026-05-07,S002,Chocolate Bar,5,57,52,0,2.8,0,0
2026-05-07,S003,Cookies,17,37,20,1,3.36,0,0
2026-05-08,B001,White Bread,14,14,68,0,3.5,68,0
2026-05-08,B002,Wholemeal Bread,11,11,48,1,3.26,48,0
2026-05-08,D001,Milk 2L,36,58,22,0,4.5,0,0
2026-05-08,D002,Eggs (12 pack),24,35,11,0,7.5,0,0
2026-05-08,D003,Butter 500g,23,46,23,1,4.23,0,0
2026-05-08,D004,Cheese 500g,9,14,28,0,8.0,23,0
2026-05-08,DR001,Bottled Water 600mL,12,32,20,1,2.09,0,0
2026-05-08,DR002,Coke 1.5L,9,22,13,0,3.8,0,0
2026-05-08,DR003,Orange Juice 2L,20,50,29,0,5.5,0,1
2026-05-08,DR004,Energy Drink 250mL,9,10,29,0,4.0,28,0
2026-05-08,F001,Bananas,14,29,15,0,3.2,0,0
2026-05-08,F002,Apples,7,22,15,0,4.5,0,0
2026-05-08,FR001,Ice Cream 1L,20,53,33,0,6.5,0,0
2026-05-08,FR002,Frozen Pizza,19,68,49,0,8.0,0,0
2026-05-08,H001,Toilet Paper,15,42,27,0,8.0,0,0
2026-05-08,H002,Laundry Detergent,15,24,29,0,12.0,20,0
2026-05-08,P001,Instant Noodles,28,40,12,0,2.0,0,0
2026-05-08,P002,Rice 1kg,11,11,59,1,2.73,59,0
2026-05-08,P003,Pasta 500g,30,62,32,0,2.8,0,0
2026-05-08,P004,Cereal,10,15,53,1,3.62,48,0
2026-05-08,PC001,Shampoo,8,40,32,0,9.5,0,0
2026-05-08,PC002,Toothpaste,12,31,19,0,4.5,0,0
2026-05-08,S001,Potato Chips,15,15,69,1,2.66,69,0
2026-05-08,S002,Chocolate Bar,6,52,46,0,2.8,0,0
2026-05-08,S003,Cookies,20,20,66,0,4.5,66,0
2026-05-09,B001,White Bread,45,68,23,0,3.5,0,0
2026-05-09,B002,Wholemeal Bread,37,48,11,1,2.83,0,0
2026-05-09,D001,Milk 2L,22,22,37,0,4.5,37,0
2026-05-09,D002,Eggs (12 pack),11,11,48,0,7.5,48,0
2026-05-09,D003,Butter 500g,23,23,67,0,6.0,67,0
2026-05-09,D004,Cheese 500g,9,28,19,0,8.0,0,0
2026-05-09,DR001,Bottled Water 600mL,18,20,29,0,2.5,27,0
2026-05-09,DR002,Coke 1.5L,13,13,53,0,3.8,53,0
2026-05-09,DR003,Orange Juice 2L,29,29,50,0,5.5,50,0
2026-05-09,DR004,Energy Drink 250mL,15,29,14,0,4.0,0,0
2026-05-09,F001,Bananas,15,15,50,0,3.2,50,0
2026-05-09,F002,Apples,11,15,36,0,4.5,32,0
2026-05-09,FR001,Ice Cream 1L,33,33,53,0,6.5,53,0
2026-05-09,FR002,Frozen Pizza,49,49,65,0,8.0,65,0
2026-05-09,H001,Toilet Paper,20,27,28,0,8.0,21,0
2026-05-09,H002,Laundry Detergent,23,29,29,1,9.52,23,0
2026-05-09,P001,Instant Noodles,12,12,33,1,1.53,33,0
2026-05-09,P002,Rice 1kg,31,59,28,0,3.5,0,0
2026-05-09,P003,Pasta 500g,24,32,60,0,2.8,52,0
2026-05-09,P004,Cereal,11,53,42,0,5.0,0,0
2026-05-09,PC001,Shampoo,12,32,20,0,9.5,0,0
2026-05-09,PC002,Toothpaste,17,19,33,0,4.5,31,0
2026-05-09,S001,Potato Chips,28,69,41,0,3.0,0,0
2026-05-09,S002,Chocolate Bar,7,46,39,0,2.8,0,0
2026-05-09,S003,Cookies,30,66,36,0,4.5,0,0
2026-05-10,B001,White Bread,23,23,55,0,3.5,55,0
2026-05-10,B002,Wholemeal Bread,11,11,69,0,4.0,69,0
2026-05-10,D001,Milk 2L,37,37,36,1,3.94,36,0
2026-05-10,D002,Eggs (12 pack),25,48,22,1,6.02,0,1
2026-05-10,D003,Butter 500g,25,67,42,0,6.0,0,0
2026-05-10,D004,Cheese 500g,13,19,53,1,6.57,47,0
2026-05-10,DR001,Bottled Water 600mL,16,29,13,0,2.5,0,0
2026-05-10,DR002,Coke 1.5L,15,53,38,0,3.8,0,0
2026-05-10,DR003,Orange Juice 2L,25,50,25,0,5.5,0,0
2026-05-10,DR004,Energy Drink 250mL,14,14,52,1,2.85,52,0
2026-05-10,F001,Bananas,20,50,30,0,3.2,0,0
2026-05-10,F002,Apples,8,36,28,0,4.5,0,0
2026-05-10,FR001,Ice Cream 1L,29,53,24,0,6.5,0,0
2026-05-10,FR002,Frozen Pizza,21,65,42,0,8.0,0,2
2026-05-10,H001,Toilet Paper,28,28,32,0,8.0,32,0
2026-05-10,H002,Laundry Detergent,28,29,22,0,12.0,21,0
2026-05-10,P001,Instant Noodles,33,33,58,0,2.0,58,0
2026-05-10,P002,Rice 1kg,28,28,48,0,3.5,48,0
2026-05-10,P003,Pasta 500g,37,60,23,0,2.8,0,0
2026-05-10,P004,Cereal,13,42,29,0,5.0,0,0
2026-05-10,PC001,Shampoo,11,20,54,0,9.5,45,0
2026-05-10,PC002,Toothpaste,19,33,14,0,4.5,0,0
2026-05-10,S001,Potato Chips,35,41,58,0,3.0,52,0
2026-05-10,S002,Chocolate Bar,8,39,31,0,2.8,0,0
2026-05-10,S003,Cookies,21,36,15,0,4.5,0,0
2026-05-11,B001,White Bread,37,55,18,0,3.5,0,0
2026-05-11,B002,Wholemeal Bread,21,69,47,1,3.16,0,1
2026-05-11,D001,Milk 2L,25,36,11,0,4.5,0,0
2026-05-11,D002,Eggs (12 pack),19,22,34,0,7.5,31,0
2026-05-11,D003,Butter 500g,22,42,20,0,6.0,0,0
2026-05-11,D004,Cheese 500g,10,53,43,0,8.0,0,0
2026-05-11,DR001,Bottled Water 600mL,13,13,40,0,2.5,40,0
2026-05-11,DR002,Coke 1.5L,11,38,27,0,3.8,0,0
2026-05-11,DR003,Orange Juice 2L,19,25,57,1,4.82,51,0
2026-05-11,DR004,Energy Drink 250mL,12,52,40,0,4.0,0,0
2026-05-11,F001,Bananas,11,30,19,0,3.2,0,0
2026-05-11,F002,Apples,9,28,19,1,3.71,0,0
2026-05-11,FR001,Ice Cream 1L,16,24,33,0,6.5,25,0
2026-05-11,FR002,Frozen Pizza,16,42,26,0,8.0,0,0
2026-05-11,H001,Toilet Paper,16,32,16,0,8.0,0,0
2026-05-11,H002,Laundry Detergent,14,22,66,0,12.0,58,0
2026-05-11,P001,Instant Noodles,18,58,40,0,2.0,0,0
2026-05-11,P002,Rice 1kg,17,48,31,0,3.5,0,0
2026-05-11,P003,Pasta 500g,22,23,31,0,2.8,30,0
2026-05-11,P004,Cereal,10,29,19,0,5.0,0,0
2026-05-11,PC001,Shampoo,10,54,44,0,9.5,0,0
2026-05-11,PC002,Toothpaste,9,14,44,1,3.44,39,0
2026-05-11,S001,Potato Chips,19,58,39,0,3.0,0,0
2026-05-11,S002,Chocolate Bar,7,31,24,0,2.8,0,0
2026-05-11,S003,Cookies,15,15,58,0,4.5,58,0
2026-05-12,B001,White Bread,18,18,57,0,3.5,57,0
2026-05-12,B002,Wholemeal Bread,23,47,24,0,4.0,0,0
2026-05-12,D001,Milk 2L,11,11,33,0,4.5,33,0
2026-05-12,D002,Eggs (12 pack),28,34,57,0,7.5,51,0
2026-05-12,D003,Butter 500g,16,20,37,0,6.0,33,0
2026-05-12,D004,Cheese 500g,6,43,36,1,5.85,0,1
2026-05-12,DR001,Bottled Water 600mL,15,40,25,0,2.5,0,0
2026-05-12,DR002,Coke 1.5L,12,27,15,0,3.8,0,0
2026-05-12,DR003,Orange Juice 2L,18,57,39,0,5.5,0,0
2026-05-12,DR004,Energy Drink 250mL,10,40,30,0,4.0,0,0
2026-05-12,F001,Bananas,12,19,30,0,3.2,23,0
2026-05-12,F002,Apples,7,19,12,0,4.5,0,0
2026-05-12,FR001,Ice Cream 1L,20,33,13,0,6.5,0,0
2026-05-12,FR002,Frozen Pizza,14,26,12,0,8.0,0,0
2026-05-12,H001,Toilet Paper,16,16,61,0,8.0,61,0
2026-05-12,H002,Laundry Detergent,10,66,56,0,12.0,0,0
2026-05-12,P001,Instant Noodles,16,40,24,0,2.0,0,0
2026-05-12,P002,Rice 1kg,27,31,58,0,3.5,54,0
2026-05-12,P003,Pasta 500g,16,31,15,0,2.8,0,0
2026-05-12,P004,Cereal,12,19,27,0,5.0,20,0
2026-05-12,PC001,Shampoo,7,44,37,0,9.5,0,0
2026-05-12,PC002,Toothpaste,10,44,34,0,4.5,0,0
2026-05-12,S001,Potato Chips,19,39,20,0,3.0,0,0
2026-05-12,S002,Chocolate Bar,6,24,18,0,2.8,0,0
2026-05-12,S003,Cookies,17,58,41,0,4.5,0,0
2026-05-13,B001,White Bread,25,57,31,1,2.99,0,1
2026-05-13,B002,Wholemeal Bread,16,24,55,0,4.0,47,0
2026-05-13,D001,Milk 2L,33,33,38,0,4.5,38,0
2026-05-13,D002,Eggs (12 pack),26,57,31,0,7.5,0,0
2026-05-13,D003,Butter 500g,26,37,11,0,6.0,0,0
2026-05-13,D004,Cheese 500g,9,36,26,0,8.0,0,1
2026-05-13,DR001,Bottled Water 600mL,14,25,11,0,2.5,0,0
2026-05-13,DR002,Coke 1.5L,12,15,53,0,3.8,50,0
2026-05-13,DR003,Orange Juice 2L,27,39,12,0,5.5,0,0
2026-05-13,DR004,Energy Drink 250mL,7,30,23,0,4.0,0,0
2026-05-13,F001,Bananas,8,30,21,0,3.2,0,1
2026-05-13,F002,Apples,6,12,65,0,4.5,59,0
2026-05-13,FR001,Ice Cream 1L,13,13,59,0,6.5,59,0
2026-05-13,FR002,Frozen Pizza,12,12,60,0,8.0,60,0
2026-05-13,H001,Toilet Paper,18,61,43,1,5.86,0,0
2026-05-13,H002,Laundry Detergent,18,56,38,0,12.0,0,0
2026-05-13,P001,Instant Noodles,23,24,28,1,1.51,27,0
2026-05-13,P002,Rice 1kg,20,58,38,0,3.5,0,0
2026-05-13,P003,Pasta 500g,15,15,35,0,2.8,35,0
2026-05-13,P004,Cereal,8,27,19,0,5.0,0,0
2026-05-13,PC001,Shampoo,6,37,31,0,9.5,0,0
2026-05-13,PC002,Toothpaste,13,34,21,0,4.5,0,0
2026-05-13,S001,Potato Chips,20,20,50,0,3.0,50,0
2026-05-13,S002,Chocolate Bar,7,18,11,0,2.8,0,0
2026-05-13,S003,Cookies,17,41,24,0,4.5,0,0
2026-05-14,B001,White Bread,31,31,34,0,3.5,34,0
2026-05-14,B002,Wholemeal Bread,15,55,39,0,4.0,0,1
2026-05-14,D001,Milk 2L,38,38,33,0,4.5,33,0
2026-05-14,D002,Eggs (12 pack),17,31,14,0,7.5,0,0
2026-05-14,D003,Butter 500g,11,11,50,0,6.0,50,0
2026-05-14,D004,Cheese 500g,8,26,18,0,8.0,0,0
2026-05-14,DR001,Bottled Water 600mL,11,11,34,0,2.5,34,0
2026-05-14,DR002,Coke 1.5L,9,53,44,0,3.8,0,0
2026-05-14,DR003,Orange Juice 2L,12,12,31,0,5.5,31,0
2026-05-14,DR004,Energy Drink 250mL,13,23,10,0,4.0,0,0
2026-05-14,F001,Bananas,12,21,36,0,3.2,27,0
2026-05-14,F002,Apples,7,65,57,0,4.5,0,1
2026-05-14,FR001,Ice Cream 1L,16,59,43,0,6.5,0,0
2026-05-14,FR002,Frozen Pizza,19,60,41,0,8.0,0,0
2026-05-14,H001,Toilet Paper,19,43,24,0,8.0,0,0
2026-05-14,H002,Laundry Detergent,11,38,27,0,12.0,0,0
2026-05-14,P001,Instant Noodles,19,28,29,0,2.0,20,0
2026-05-14,P002,Rice 1kg,17,38,21,0,3.5,0,0
2026-05-14,P003,Pasta 500g,13,35,22,0,2.8,0,0
2026-05-14,P004,Cereal,7,19,12,1,3.92,0,0
2026-05-14,PC001,Shampoo,6,31,25,0,9.5,0,0
2026-05-14,PC002,Toothpaste,12,21,57,0,4.5,48,0
2026-05-14,S001,Potato Chips,17,50,33,0,3.0,0,0
2026-05-14,S002,Chocolate Bar,7,11,48,0,2.8,44,0
2026-05-14,S003,Cookies,14,24,10,0,4.5,0,0
2026-05-15,B001,White Bread,33,34,60,0,3.5,59,0
2026-05-15,B002,Wholemeal Bread,21,39,18,1,3.02,0,0
2026-05-15,D001,Milk 2L,33,33,61,0,4.5,61,0
2026-05-15,D002,Eggs (12 pack),14,14,46,1,5.65,46,0
2026-05-15,D003,Butter 500g,23,50,26,1,4.33,0,1
2026-05-15,D004,Cheese 500g,10,18,35,0,8.0,27,0
2026-05-15,DR001,Bottled Water 600mL,19,34,15,1,2.05,0,0
2026-05-15,DR002,Coke 1.5L,15,44,29,0,3.8,0,0
2026-05-15,DR003,Orange Juice 2L,23,31,67,1,4.57,59,0
2026-05-15,DR004,Energy Drink 250mL,10,10,63,0,4.0,63,0
2026-05-15,F001,Bananas,17,36,19,1,2.34,0,0
2026-05-15,F002,Apples,10,57,47,0,4.5,0,0
2026-05-15,FR001,Ice Cream 1L,20,43,23,0,6.5,0,0
2026-05-15,FR002,Frozen Pizza,18,41,22,1,6.92,0,1
2026-05-15,H001,Toilet Paper,24,24,68,0,8.0,68,0
2026-05-15,H002,Laundry Detergent,16,27,11,0,12.0,0,0
2026-05-15,P001,Instant Noodles,22,29,49,1,1.48,42,0
2026-05-15,P002,Rice 1kg,21,21,30,0,3.5,30,0
2026-05-15,P003,Pasta 500g,22,22,55,0,2.8,55,0
2026-05-15,P004,Cereal,11,12,54,0,5.0,53,0
2026-05-15,PC001,Shampoo,8,25,17,1,8.48,0,0
2026-05-15,PC002,Toothpaste,10,57,47,0,4.5,0,0
2026-05-15,S001,Potato Chips,21,33,12,0,3.0,0,0
2026-05-15,S002,Chocolate Bar,8,48,40,1,2.52,0,0
2026-05-15,S003,Cookies,10,10,52,0,4.5,52,0
2026-05-16,B001,White Bread,30,60,29,0,3.5,0,1
2026-05-16,B002,Wholemeal Bread,18,18,64,1,3.38,64,0
2026-05-16,D001,Milk 2L,45,61,16,0,4.5,0,0
2026-05-16,D002,Eggs (12 pack),38,46,66,0,7.5,58,0
2026-05-16,D003,Butter 500g,26,26,55,0,6.0,55,0
2026-05-16,D004,Cheese 500g,13,35,22,0,8.0,0,0
2026-05-16,DR001,Bottled Water 600mL,15,15,41,0,2.5,41,0
2026-05-16,DR002,Coke 1.5L,18,29,11,0,3.8,0,0
2026-05-16,DR003,Orange Juice 2L,32,67,35,0,5.5,0,0
2026-05-16,DR004,Energy Drink 250mL,20,63,43,0,4.0,0,0
2026-05-16,F001,Bananas,12,19,41,0,3.2,34,0
2026-05-16,F002,Apples,10,47,36,0,4.5,0,1
2026-05-16,FR001,Ice Cream 1L,23,23,37,0,6.5,37,0
2026-05-16,FR002,Frozen Pizza,22,22,37,0,8.0,37,0
2026-05-16,H001,Toilet Paper,19,68,49,0,8.0,0,0
2026-05-16,H002,Laundry Detergent,11,11,40,1,10.09,40,0
2026-05-16,P001,Instant Noodles,30,49,19,0,2.0,0,0
2026-05-16,P002,Rice 1kg,30,30,39,0,3.5,39,0
2026-05-16,P003,Pasta 500g,32,55,23,0,2.8,0,0
2026-05-16,P004,Cereal,13,54,41,0,5.0,0,0
2026-05-16,PC001,Shampoo,17,17,32,0,9.5,32,0
2026-05-16,PC002,Toothpaste,13,47,34,0,4.5,0,0
2026-05-16,S001,Potato Chips,12,12,68,0,3.0,68,0
2026-05-16,S002,Chocolate Bar,8,40,32,1,2.24,0,0
2026-05-16,S003,Cookies,23,52,29,0,4.5,0,0
2026-05-17,B001,White Bread,29,29,68,0,3.5,68,0
2026-05-17,B002,Wholemeal Bread,26,64,37,0,4.0,0,1
2026-05-17,D001,Milk 2L,16,16,35,0,4.5,35,0
2026-05-17,D002,Eggs (12 pack),42,66,24,0,7.5,0,0
2026-05-17,D003,Butter 500g,34,55,21,0,6.0,0,0
2026-05-17,D004,Cheese 500g,15,22,47,0,8.0,40,0
2026-05-17,DR001,Bottled Water 600mL,23,41,18,1,2.13,0,0
2026-05-17,DR002,Coke 1.5L,11,11,33,0,3.8,33,0
2026-05-17,DR003,Orange Juice 2L,35,35,34,0,5.5,34,0
2026-05-17,DR004,Energy Drink 250mL,14,43,29,0,4.0,0,0
2026-05-17,F001,Bananas,15,41,26,0,3.2,0,0
2026-05-17,F002,Apples,12,36,24,0,4.5,0,0
2026-05-17,FR001,Ice Cream 1L,31,37,48,0,6.5,42,0
2026-05-17,FR002,Frozen Pizza,27,37,10,0,8.0,0,0
2026-05-17,H001,Toilet Paper,31,49,18,1,6.45,0,0
2026-05-17,H002,Laundry Detergent,18,40,22,0,12.0,0,0
2026-05-17,P001,Instant Noodles,19,19,42,0,2.0,42,0
2026-05-17,P002,Rice 1kg,30,39,63,0,3.5,54,0
2026-05-17,P003,Pasta 500g,22,23,47,0,2.8,46,0
2026-05-17,P004,Cereal,17,41,24,0,5.0,0,0
2026-05-17,PC001,Shampoo,11,32,21,0,9.5,0,0
2026-05-17,PC002,Toothpaste,11,34,23,0,4.5,0,0
2026-05-17,S001,Potato Chips,27,68,41,0,3.0,0,0
2026-05-17,S002,Chocolate Bar,11,32,21,0,2.8,0,0
2026-05-17,S003,Cookies,17,29,12,0,4.5,0,0
2026-05-18,B001,White Bread,35,68,33,0,3.5,0,0
2026-05-18,B002,Wholemeal Bread,21,37,16,0,4.0,0,0
2026-05-18,D001,Milk 2L,35,35,43,0,4.5,43,0
2026-05-18,D002,Eggs (12 pack),24,24,68,0,7.5,68,0
2026-05-18,D003,Butter 500g,17,21,63,0,6.0,59,0
2026-05-18,D004,Cheese 500g,9,47,38,0,8.0,0,0
2026-05-18,DR001,Bottled Water 600mL,13,18,34,0,2.5,29,0
2026-05-18,DR002,Coke 1.5L,9,33,24,0,3.8,0,0
2026-05-18,DR003,Orange Juice 2L,25,34,59,0,5.5,50,0
2026-05-18,DR004,Energy Drink 250mL,8,29,21,1,3.52,0,0
2026-05-18,F001,Bananas,8,26,18,0,3.2,0,0
2026-05-18,F002,Apples,5,24,19,0,4.5,0,0
2026-05-18,FR001,Ice Cream 1L,21,48,27,0,6.5,0,0
2026-05-18,FR002,Frozen Pizza,10,10,35,0,8.0,35,0
2026-05-18,H001,Toilet Paper,17,18,31,0,8.0,30,0
2026-05-18,H002,Laundry Detergent,17,22,34,0,12.0,29,0
2026-05-18,P001,Instant Noodles,15,42,27,0,2.0,0,0
2026-05-18,P002,Rice 1kg,30,63,33,0,3.5,0,0
2026-05-18,P003,Pasta 500g,14,47,33,0,2.8,0,0
2026-05-18,P004,Cereal,7,24,17,0,5.0,0,0
2026-05-18,PC001,Shampoo,8,21,13,0,9.5,0,0
2026-05-18,PC002,Toothpaste,8,23,15,1,3.27,0,0
2026-05-18,S001,Potato Chips,27,41,14,0,3.0,0,0
2026-05-18,S002,Chocolate Bar,7,21,14,0,2.8,0,0
2026-05-18,S003,Cookies,12,12,52,0,4.5,52,0
2026-05-19,B001,White Bread,21,33,12,0,3.5,0,0
2026-05-19,B002,Wholemeal Bread,16,16,42,0,4.0,42,0
2026-05-19,D001,Milk 2L,43,43,49,0,4.5,49,0
2026-05-19,D002,Eggs (12 pack),22,68,45,0,7.5,0,1
2026-05-19,D003,Butter 500g,27,63,36,0,6.0,0,0
2026-05-19,D004,Cheese 500g,9,38,28,0,8.0,0,1
2026-05-19,DR001,Bottled Water 600mL,14,34,20,0,2.5,0,0
2026-05-19,DR002,Coke 1.5L,11,24,13,0,3.8,0,0
2026-05-19,DR003,Orange Juice 2L,17,59,41,0,5.5,0,1
2026-05-19,DR004,Energy Drink 250mL,8,21,13,0,4.0,0,0
2026-05-19,F001,Bananas,8,18,10,0,3.2,0,0
2026-05-19,F002,Apples,6,19,13,0,4.5,0,0
2026-05-19,FR001,Ice Cream 1L,26,27,23,0,6.5,22,0
2026-05-19,FR002,Frozen Pizza,20,35,15,0,8.0,0,0
2026-05-19,H001,Toilet Paper,15,31,16,0,8.0,0,0
2026-05-19,H002,Laundry Detergent,10,34,24,0,12.0,0,0
2026-05-19,P001,Instant Noodles,16,27,11,0,2.0,0,0
2026-05-19,P002,Rice 1kg,18,33,15,0,3.5,0,0
2026-05-19,P003,Pasta 500g,16,33,17,1,2.23,0,0
2026-05-19,P004,Cereal,8,17,59,1,4.1,50,0
2026-05-19,PC001,Shampoo,8,13,44,0,9.5,39,0
2026-05-19,PC002,Toothpaste,7,15,63,0,4.5,55,0
2026-05-19,S001,Potato Chips,14,14,44,0,3.0,44,0
2026-05-19,S002,Chocolate Bar,7,14,63,1,2.01,56,0
2026-05-19,S003,Cookies,16,52,36,0,4.5,0,0
2026-05-20,B001,White Bread,12,12,56,1,2.83,56,0
2026-05-20,B002,Wholemeal Bread,18,42,24,1,2.91,0,0
2026-05-20,D001,Milk 2L,34,49,15,0,4.5,0,0
2026-05-20,D002,Eggs (12 pack),17,45,27,0,7.5,0,1
2026-05-20,D003,Butter 500g,24,36,12,0,6.0,0,0
2026-05-20,D004,Cheese 500g,7,28,21,0,8.0,0,0
2026-05-20,DR001,Bottled Water 600mL,14,20,63,0,2.5,57,0
2026-05-20,DR002,Coke 1.5L,13,13,67,1,2.89,67,0
2026-05-20,DR003,Orange Juice 2L,15,41,26,0,5.5,0,0
2026-05-20,DR004,Energy Drink 250mL,13,13,69,0,4.0,69,0
2026-05-20,F001,Bananas,10,10,42,0,3.2,42,0
2026-05-20,F002,Apples,6,13,53,0,4.5,46,0
2026-05-20,FR001,Ice Cream 1L,23,23,47,1,5.69,47,0
2026-05-20,FR002,Frozen Pizza,15,15,56,0,8.0,56,0
2026-05-20,H001,Toilet Paper,16,16,42,0,8.0,42,0
2026-05-20,H002,Laundry Detergent,11,24,13,0,12.0,0,0
2026-05-20,P001,Instant Noodles,11,11,32,0,2.0,32,0
2026-05-20,P002,Rice 1kg,15,15,48,0,3.5,48,0
2026-05-20,P003,Pasta 500g,16,17,32,0,2.8,31,0
2026-05-20,P004,Cereal,9,59,50,0,5.0,0,0
2026-05-20,PC001,Shampoo,11,44,33,1,8.01,0,0
2026-05-20,PC002,Toothpaste,13,63,50,0,4.5,0,0
2026-05-20,S001,Potato Chips,28,44,16,0,3.0,0,0
2026-05-20,S002,Chocolate Bar,5,63,58,0,2.8,0,0
2026-05-20,S003,Cookies,16,36,20,0,4.5,0,0
2026-05-21,B001,White Bread,35,56,21,0,3.5,0,0
2026-05-21,B002,Wholemeal Bread,16,24,67,0,4.0,59,0
2026-05-21,D001,Milk 2L,15,15,45,0,4.5,45,0
2026-05-21,D002,Eggs (12 pack),24,27,42,0,7.5,39,0
2026-05-21,D003,Butter 500g,12,12,45,0,6.0,45,0
2026-05-21,D004,Cheese 500g,6,21,15,1,6.69,0,0
2026-05-21,DR001,Bottled Water 600mL,12,63,51,0,2.5,0,0
2026-05-21,DR002,Coke 1.5L,11,67,56,1,3.04,0,0
2026-05-21,DR003,Orange Juice 2L,18,26,36,0,5.5,28,0
2026-05-21,DR004,Energy Drink 250mL,12,69,57,0,4.0,0,0
2026-05-21,F001,Bananas,9,42,33,0,3.2,0,0
2026-05-21,F002,Apples,6,53,45,0,4.5,0,2
2026-05-21,FR001,Ice Cream 1L,27,47,20,0,6.5,0,0
2026-05-21,FR002,Frozen Pizza,18,56,38,0,8.0,0,0
2026-05-21,H001,Toilet Paper,22,42,20,0,8.0,0,0
2026-05-21,H002,Laundry Detergent,13,13,32,0,12.0,32,0
2026-05-21,P001,Instant Noodles,21,32,11,0,2.0,0,0
2026-05-21,P002,Rice 1kg,30,48,18,0,3.5,0,0
2026-05-21,P003,Pasta 500g,22,32,10,0,2.8,0,0
2026-05-21,P004,Cereal,10,50,40,0,5.0,0,0
2026-05-21,PC001,Shampoo,8,33,25,0,9.5,0,0
2026-05-21,PC002,Toothpaste,50,50,50,0,4.5,50,0
2026-05-21,S001,Potato Chips,16,16,65,0,3.0,65,0
2026-05-21,S002,Chocolate Bar,6,58,52,0,2.8,0,0
2026-05-21,S003,Cookies,20,20,41,1,3.48,41,0
2026-05-22,B001,White Bread,21,21,66,0,3.5,66,0
2026-05-22,B002,Wholemeal Bread,27,67,40,0,4.0,0,0
2026-05-22,D001,Milk 2L,32,45,13,0,4.5,0,0
2026-05-22,D002,Eggs (12 pack),28,42,14,0,7.5,0,0
2026-05-22,D003,Butter 500g,35,45,10,0,6.0,0,0
2026-05-22,D004,Cheese 500g,11,15,61,1,6.08,57,0
2026-05-22,DR001,Bottled Water 600mL,17,51,34,0,2.5,0,0
2026-05-22,DR002,Coke 1.5L,15,56,41,0,3.8,0,0
2026-05-22,DR003,Orange Juice 2L,19,36,17,0,5.5,0,0
2026-05-22,DR004,Energy Drink 250mL,16,57,41,1,3.0,0,0
2026-05-22,F001,Bananas,15,33,18,0,3.2,0,0
2026-05-22,F002,Apples,9,45,36,0,4.5,0,0
2026-05-22,FR001,Ice Cream 1L,19,20,35,1,5.46,34,0
2026-05-22,FR002,Frozen Pizza,18,38,20,0,8.0,0,0
2026-05-22,H001,Toilet Paper,17,20,54,1,6.21,51,0
2026-05-22,H002,Laundry Detergent,13,32,19,0,12.0,0,0
2026-05-22,P001,Instant Noodles,11,11,40,0,2.0,40,0
2026-05-22,P002,Rice 1kg,18,18,31,0,3.5,31,0
2026-05-22,P003,Pasta 500g,10,10,56,0,2.8,56,0
2026-05-22,P004,Cereal,13,40,27,1,3.72,0,0
2026-05-22,PC001,Shampoo,9,25,16,1,6.93,0,0
2026-05-22,PC002,Toothpaste,9,50,41,0,4.5,0,0
2026-05-22,S001,Potato Chips,24,65,41,0,3.0,0,0
2026-05-22,S002,Chocolate Bar,8,52,44,0,2.8,0,0
2026-05-22,S003,Cookies,20,41,21,0,4.5,0,0
2026-05-23,B001,White Bread,39,66,27,0,3.5,0,0
2026-05-23,B002,Wholemeal Bread,22,40,18,1,2.87,0,0
2026-05-23,D001,Milk 2L,13,13,58,0,4.5,58,0
2026-05-23,D002,Eggs (12 pack),14,14,32,0,7.5,32,0
2026-05-23,D003,Butter 500g,10,10,54,0,6.0,54,0
2026-05-23,D004,Cheese 500g,10,61,51,1,7.02,0,0
2026-05-23,DR001,Bottled Water 600mL,20,34,14,0,2.5,0,0
2026-05-23,DR002,Coke 1.5L,18,41,23,0,3.8,0,0
2026-05-23,DR003,Orange Juice 2L,17,17,67,0,5.5,67,0
2026-05-23,DR004,Energy Drink 250mL,16,41,25,0,4.0,0,0
2026-05-23,F001,Bananas,17,18,56,0,3.2,55,0
2026-05-23,F002,Apples,13,36,22,0,4.5,0,1
2026-05-23,FR001,Ice Cream 1L,23,35,12,0,6.5,0,0
2026-05-23,FR002,Frozen Pizza,20,20,69,0,8.0,69,0
2026-05-23,H001,Toilet Paper,33,54,21,0,8.0,0,0
2026-05-23,H002,Laundry Detergent,19,19,31,0,12.0,31,0
2026-05-23,P001,Instant Noodles,32,40,36,0,2.0,28,0
2026-05-23,P002,Rice 1kg,29,31,36,0,3.5,34,0
2026-05-23,P003,Pasta 500g,56,56,39,1,1.99,39,0
2026-05-23,P004,Cereal,16,27,11,0,5.0,0,0
2026-05-23,PC001,Shampoo,13,16,32,0,9.5,29,0
2026-05-23,PC002,Toothpaste,19,41,22,0,4.5,0,0
2026-05-23,S001,Potato Chips,34,41,28,0,3.0,21,0
2026-05-23,S002,Chocolate Bar,7,44,37,0,2.8,0,0
2026-05-23,S003,Cookies,18,21,46,1,3.65,43,0
2026-05-24,B001,White Bread,27,27,57,0,3.5,57,0
2026-05-24,B002,Wholemeal Bread,18,18,35,0,4.0,35,0
2026-05-24,D001,Milk 2L,58,58,47,1,3.49,47,0
2026-05-24,D002,Eggs (12 pack),32,32,68,1,5.25,68,0
2026-05-24,D003,Butter 500g,41,54,13,0,6.0,0,0
2026-05-24,D004,Cheese 500g,15,51,36,0,8.0,0,0
2026-05-24,DR001,Bottled Water 600mL,14,14,61,0,2.5,61,0
2026-05-24,DR002,Coke 1.5L,17,23,34,1,2.78,28,0
2026-05-24,DR003,Orange Juice 2L,25,67,41,1,4.19,0,1
2026-05-24,DR004,Energy Drink 250mL,19,25,41,0,4.0,35,0
2026-05-24,F001,Bananas,20,56,35,0,3.2,0,1
2026-05-24,F002,Apples,12,22,10,1,3.16,0,0
2026-05-24,FR001,Ice Cream 1L,12,12,49,0,6.5,49,0
2026-05-24,FR002,Frozen Pizza,22,69,45,1,6.69,0,2
2026-05-24,H001,Toilet Paper,21,21,56,1,6.35,56,0
2026-05-24,H002,Laundry Detergent,24,31,30,0,12.0,23,0
2026-05-24,P001,Instant Noodles,36,36,38,0,2.0,38,0
2026-05-24,P002,Rice 1kg,30,36,46,0,3.5,40,0
2026-05-24,P003,Pasta 500g,39,39,60,0,2.8,60,0
2026-05-24,P004,Cereal,11,11,36,0,5.0,36,0
2026-05-24,PC001,Shampoo,10,32,22,0,9.5,0,0
2026-05-24,PC002,Toothpaste,13,22,34,0,4.5,25,0
2026-05-24,S001,Potato Chips,28,28,39,0,3.0,39,0
2026-05-24,S002,Chocolate Bar,10,37,27,0,2.8,0,0
2026-05-24,S003,Cookies,23,46,23,0,4.5,0,0
2026-05-25,B001,White Bread,29,57,27,0,3.5,0,1
2026-05-25,B002,Wholemeal Bread,25,35,10,0,4.0,0,0
2026-05-25,D001,Milk 2L,44,47,33,0,4.5,30,0
2026-05-25,D002,Eggs (12 pack),27,68,40,0,7.5,0,1
2026-05-25,D003,Butter 500g,13,13,38,0,6.0,38,0
2026-05-25,D004,Cheese 500g,7,36,29,0,8.0,0,0
2026-05-25,DR001,Bottled Water 600mL,15,61,46,0,2.5,0,0
2026-05-25,DR002,Coke 1.5L,13,34,21,0,3.8,0,0
2026-05-25,DR003,Orange Juice 2L,21,41,20,0,5.5,0,0
2026-05-25,DR004,Energy Drink 250mL,13,41,28,0,4.0,0,0
2026-05-25,F001,Bananas,8,35,26,0,3.2,0,1
2026-05-25,F002,Apples,9,10,45,1,3.69,44,0
2026-05-25,FR001,Ice Cream 1L,18,49,31,0,6.5,0,0
2026-05-25,FR002,Frozen Pizza,17,45,28,0,8.0,0,0
2026-05-25,H001,Toilet Paper,19,56,37,1,6.05,0,0
2026-05-25,H002,Laundry Detergent,15,30,15,0,12.0,0,0
2026-05-25,P001,Instant Noodles,20,38,18,0,2.0,0,0
2026-05-25,P002,Rice 1kg,23,46,23,0,3.5,0,0
2026-05-25,P003,Pasta 500g,21,60,39,0,2.8,0,0
2026-05-25,P004,Cereal,10,36,26,0,5.0,0,0
2026-05-25,PC001,Shampoo,11,22,11,0,9.5,0,0
2026-05-25,PC002,Toothpaste,10,34,24,1,3.31,0,0
2026-05-25,S001,Potato Chips,15,39,24,1,2.52,0,0
2026-05-25,S002,Chocolate Bar,5,27,22,0,2.8,0,0
2026-05-25,S003,Cookies,20,23,25,1,3.32,22,0
2026-05-26,B001,White Bread,27,27,31,0,3.5,31,0
2026-05-26,B002,Wholemeal Bread,10,10,67,0,4.0,67,0
2026-05-26,D001,Milk 2L,33,33,54,0,4.5,54,0
2026-05-26,D002,Eggs (12 pack),19,40,20,0,7.5,0,1
2026-05-26,D003,Butter 500g,25,38,13,0,6.0,0,0
2026-05-26,D004,Cheese 500g,10,29,19,1,6.73,0,0
2026-05-26,DR001,Bottled Water 600mL,16,46,30,0,2.5,0,0
2026-05-26,DR002,Coke 1.5L,13,21,57,0,3.8,49,0
2026-05-26,DR003,Orange Juice 2L,16,20,37,0,5.5,33,0
2026-05-26,DR004,Energy Drink 250mL,13,28,15,0,4.0,0,0
2026-05-26,F001,Bananas,8,26,18,0,3.2,0,0
2026-05-26,F002,Apples,7,45,37,0,4.5,0,1
2026-05-26,FR001,Ice Cream 1L,16,31,15,0,6.5,0,0
2026-05-26,FR002,Frozen Pizza,17,28,11,0,8.0,0,0
2026-05-26,H001,Toilet Paper,22,37,15,0,8.0,0,0
2026-05-26,H002,Laundry Detergent,13,15,50,0,12.0,48,0
2026-05-26,P001,Instant Noodles,13,18,28,0,2.0,23,0
2026-05-26,P002,Rice 1kg,21,23,39,0,3.5,37,0
2026-05-26,P003,Pasta 500g,17,39,22,0,2.8,0,0
2026-05-26,P004,Cereal,10,26,16,0,5.0,0,0
2026-05-26,PC001,Shampoo,9,11,52,0,9.5,50,0
2026-05-26,PC002,Toothpaste,11,24,13,0,4.5,0,0
2026-05-26,S001,Potato Chips,24,24,63,0,3.0,63,0
2026-05-26,S002,Chocolate Bar,4,22,18,0,2.8,0,0
2026-05-26,S003,Cookies,18,25,52,0,4.5,45,0
2026-05-27,B001,White Bread,31,31,58,0,3.5,58,0
2026-05-27,B002,Wholemeal Bread,15,67,52,1,3.3,0,0
2026-05-27,D001,Milk 2L,32,54,22,0,4.5,0,0
2026-05-27,D002,Eggs (12 pack),20,20,69,0,7.5,69,0
2026-05-27,D003,Butter 500g,13,13,36,1,4.38,36,0
2026-05-27,D004,Cheese 500g,9,19,10,0,8.0,0,0
2026-05-27,DR001,Bottled Water 600mL,11,30,19,0,2.5,0,0
2026-05-27,DR002,Coke 1.5L,8,57,49,0,3.8,0,0
2026-05-27,DR003,Orange Juice 2L,37,37,33,0,5.5,33,0
2026-05-27,DR004,Energy Drink 250mL,10,15,57,0,4.0,52,0
2026-05-27,F001,Bananas,8,18,10,0,3.2,0,0
2026-05-27,F002,Apples,9,37,27,0,4.5,0,1
2026-05-27,FR001,Ice Cream 1L,15,15,36,0,6.5,36,0
2026-05-27,FR002,Frozen Pizza,11,11,54,0,8.0,54,0
2026-05-27,H001,Toilet Paper,15,15,64,0,8.0,64,0
2026-05-27,H002,Laundry Detergent,10,50,40,0,12.0,0,0
2026-05-27,P001,Instant Noodles,22,28,46,0,2.0,40,0
2026-05-27,P002,Rice 1kg,26,39,13,0,3.5,0,0
2026-05-27,P003,Pasta 500g,20,22,46,0,2.8,44,0
2026-05-27,P004,Cereal,10,16,40,0,5.0,34,0
2026-05-27,PC001,Shampoo,10,52,42,0,9.5,0,0
2026-05-27,PC002,Toothpaste,11,13,36,1,3.72,34,0
2026-05-27,S001,Potato Chips,25,63,38,0,3.0,0,0
2026-05-27,S002,Chocolate Bar,5,18,13,0,2.8,0,0
2026-05-27,S003,Cookies,20,52,32,0,4.5,0,0
2026-05-28,B001,White Bread,31,58,27,0,3.5,0,0
2026-05-28,B002,Wholemeal Bread,23,52,29,0,4.0,0,0
2026-05-28,D001,Milk 2L,22,22,54,1,3.91,54,0
2026-05-28,D002,Eggs (12 pack),19,69,49,0,7.5,0,1
2026-05-28,D003,Butter 500g,17,36,19,1,4.58,0,0
2026-05-28,D004,Cheese 500g,8,10,37,0,8.0,35,0
2026-05-28,DR001,Bottled Water 600mL,10,19,64,0,2.5,55,0
2026-05-28,DR002,Coke 1.5L,9,49,40,0,3.8,0,0
2026-05-28,DR003,Orange Juice 2L,19,33,14,0,5.5,0,0
2026-05-28,DR004,Energy Drink 250mL,8,57,49,0,4.0,0,0
2026-05-28,F001,Bananas,10,10,45,0,3.2,45,0
2026-05-28,F002,Apples,6,27,21,0,4.5,0,0
2026-05-28,FR001,Ice Cream 1L,24,36,12,0,6.5,0,0
2026-05-28,FR002,Frozen Pizza,18,54,36,0,8.0,0,0
2026-05-28,H001,Toilet Paper,14,64,50,0,8.0,0,0
2026-05-28,H002,Laundry Detergent,15,40,25,0,12.0,0,0
2026-05-28,P001,Instant Noodles,16,46,30,0,2.0,0,0
2026-05-28,P002,Rice 1kg,13,13,68,0,3.5,68,0
2026-05-28,P003,Pasta 500g,20,46,26,1,2.0,0,0
2026-05-28,P004,Cereal,9,40,31,0,5.0,0,0
2026-05-28,PC001,Shampoo,10,42,32,0,9.5,0,0
2026-05-28,PC002,Toothpaste,8,36,28,0,4.5,0,0
2026-05-28,S001,Potato Chips,28,38,10,0,3.0,0,0
2026-05-28,S002,Chocolate Bar,5,13,39,0,2.8,31,0
2026-05-28,S003,Cookies,12,32,20,0,4.5,0,0
2026-05-29,B001,White Bread,27,27,42,1,2.46,42,0
2026-05-29,B002,Wholemeal Bread,22,29,55,0,4.0,48,0
2026-05-29,D001,Milk 2L,29,54,25,0,4.5,0,0
2026-05-29,D002,Eggs (12 pack),22,49,27,0,7.5,0,0
2026-05-29,D003,Butter 500g,19,19,60,0,6.0,60,0
2026-05-29,D004,Cheese 500g,9,37,27,0,8.0,0,1
2026-05-29,DR001,Bottled Water 600mL,11,64,53,0,2.5,0,0
2026-05-29,DR002,Coke 1.5L,11,40,29,0,3.8,0,0
2026-05-29,DR003,Orange Juice 2L,14,14,54,1,4.81,54,0
2026-05-29,DR004,Energy Drink 250mL,11,49,38,0,4.0,0,0
2026-05-29,F001,Bananas,12,45,33,1,2.84,0,0
2026-05-29,F002,Apples,8,21,13,0,4.5,0,0
2026-05-29,FR001,Ice Cream 1L,12,12,38,0,6.5,38,0
2026-05-29,FR002,Frozen Pizza,21,36,15,0,8.0,0,0
2026-05-29,H001,Toilet Paper,26,50,24,0,8.0,0,0
2026-05-29,H002,Laundry Detergent,12,25,13,0,12.0,0,0
2026-05-29,P001,Instant Noodles,24,30,55,0,2.0,49,0
2026-05-29,P002,Rice 1kg,31,68,37,0,3.5,0,0
2026-05-29,P003,Pasta 500g,19,26,31,0,2.8,24,0
2026-05-29,P004,Cereal,14,31,17,0,5.0,0,0
2026-05-29,PC001,Shampoo,9,32,23,0,9.5,0,0
2026-05-29,PC002,Toothpaste,12,28,16,0,4.5,0,0
2026-05-29,S001,Potato Chips,10,10,48,0,3.0,48,0
2026-05-29,S002,Chocolate Bar,5,39,34,0,2.8,0,0
2026-05-29,S003,Cookies,16,20,46,0,4.5,42,0
2026-05-30,B001,White Bread,42,42,65,0,3.5,65,0
2026-05-30,B002,Wholemeal Bread,25,55,30,0,4.0,0,0
2026-05-30,D001,Milk 2L,25,25,36,0,4.5,36,0
2026-05-30,D002,Eggs (12 pack),27,27,63,0,7.5,63,0
2026-05-30,D003,Butter 500g,43,60,17,0,6.0,0,0
2026-05-30,D004,Cheese 500g,11,27,16,0,8.0,0,0
2026-05-30,DR001,Bottled Water 600mL,16,53,37,0,2.5,0,0
2026-05-30,DR002,Coke 1.5L,12,29,17,0,3.8,0,0
2026-05-30,DR003,Orange Juice 2L,31,54,22,0,5.5,0,1
2026-05-30,DR004,Energy Drink 250mL,13,38,25,0,4.0,0,0
2026-05-30,F001,Bananas,21,33,12,0,3.2,0,0
2026-05-30,F002,Apples,10,13,62,0,4.5,59,0
2026-05-30,FR001,Ice Cream 1L,26,38,12,1,5.13,0,0
2026-05-30,FR002,Frozen Pizza,15,15,31,1,6.64,31,0
2026-05-30,H001,Toilet Paper,20,24,60,1,6.22,56,0
2026-05-30,H002,Laundry Detergent,13,13,38,0,12.0,38,0
2026-05-30,P001,Instant Noodles,35,55,20,0,2.0,0,0
2026-05-30,P002,Rice 1kg,37,37,37,0,3.5,37,0
2026-05-30,P003,Pasta 500g,21,31,10,0,2.8,0,0
2026-05-30,P004,Cereal,10,17,49,0,5.0,42,0
2026-05-30,PC001,Shampoo,11,23,12,0,9.5,0,0
2026-05-30,PC002,Toothpaste,16,16,46,0,4.5,46,0
2026-05-30,S001,Potato Chips,40,48,53,0,3.0,45,0
2026-05-30,S002,Chocolate Bar,7,34,27,0,2.8,0,0
2026-05-30,S003,Cookies,29,46,17,0,4.5,0,0
2026-05-31,B001,White Bread,65,65,65,0,3.5,65,0
2026-05-31,B002,Wholemeal Bread,30,30,63,0,4.0,63,0
2026-05-31,D001,Milk 2L,36,36,33,0,4.5,33,0
2026-05-31,D002,Eggs (12 pack),27,63,35,0,7.5,0,1
2026-05-31,D003,Butter 500g,17,17,50,0,6.0,50,0
2026-05-31,D004,Cheese 500g,14,16,26,0,8.0,24,0
2026-05-31,DR001,Bottled Water 600mL,17,37,20,0,2.5,0,0
2026-05-31,DR002,Coke 1.5L,12,17,52,0,3.8,47,0
2026-05-31,DR003,Orange Juice 2L,22,22,37,0,5.5,37,0
2026-05-31,DR004,Energy Drink 250mL,14,25,11,1,3.45,0,0
2026-05-31,F001,Bananas,12,12,41,0,3.2,41,0
2026-05-31,F002,Apples,11,62,50,0,4.5,0,1
2026-05-31,FR001,Ice Cream 1L,12,12,69,0,6.5,69,0
2026-05-31,FR002,Frozen Pizza,21,31,10,0,8.0,0,0
2026-05-31,H001,Toilet Paper,26,60,34,0,8.0,0,0
2026-05-31,H002,Laundry Detergent,25,38,13,0,12.0,0,0
2026-05-31,P001,Instant Noodles,20,20,41,0,2.0,41,0
2026-05-31,P002,Rice 1kg,30,37,58,0,3.5,51,0
2026-05-31,P003,Pasta 500g,10,10,30,1,2.51,30,0
2026-05-31,P004,Cereal,14,49,35,0,5.0,0,0
2026-05-31,PC001,Shampoo,12,12,50,0,9.5,50,0
2026-05-31,PC002,Toothpaste,14,46,32,0,4.5,0,0
2026-05-31,S001,Potato Chips,53,53,46,0,3.0,46,0
2026-05-31,S002,Chocolate Bar,27,27,64,0,2.8,64,0
2026-05-31,S003,Cookies,17,17,53,0,4.5,53,0
2026-06-01,B001,White Bread,17,65,46,0,3.5,0,2
2026-06-01,B002,Wholemeal Bread,10,63,52,0,4.0,0,1
2026-06-01,D001,Milk 2L,16,33,17,0,4.5,0,0
2026-06-01,D002,Eggs (12 pack),10,35,25,0,7.5,0,0
2026-06-01,D003,Butter 500g,13,50,36,0,6.0,0,1
2026-06-01,D004,Cheese 500g,3,26,23,0,8.0,0,0
2026-06-01,DR001,Bottled Water 600mL,7,20,13,0,2.5,0,0
2026-06-01,DR002,Coke 1.5L,5,52,47,0,3.8,0,0
2026-06-01,DR003,Orange Juice 2L,13,37,24,0,5.5,0,0
2026-06-01,DR004,Energy Drink 250mL,4,11,65,0,4.0,58,0
2026-06-01,F001,Bananas,7,41,33,0,3.2,0,1
2026-06-01,F002,Apples,50,50,44,0,4.5,44,0
2026-06-01,FR001,Ice Cream 1L,9,69,60,1,5.7,0,0
2026-06-01,FR002,Frozen Pizza,7,10,33,1,7.15,30,0
2026-06-01,H001,Toilet Paper,11,34,23,0,8.0,0,0
2026-06-01,H002,Laundry Detergent,6,13,54,0,12.0,47,0
2026-06-01,P001,Instant Noodles,10,41,31,0,2.0,0,0
2026-06-01,P002,Rice 1kg,15,58,43,0,3.5,0,0
2026-06-01,P003,Pasta 500g,9,30,21,0,2.8,0,0
2026-06-01,P004,Cereal,4,35,31,0,5.0,0,0
2026-06-01,PC001,Shampoo,3,50,47,0,9.5,0,0
2026-06-01,PC002,Toothpaste,4,32,28,0,4.5,0,0
2026-06-01,S001,Potato Chips,11,46,35,0,3.0,0,0
2026-06-01,S002,Chocolate Bar,3,64,61,1,2.3,0,0
2026-06-01,S003,Cookies,7,53,46,0,4.5,0,0
2026-06-02,B001,White Bread,40,46,62,0,3.5,56,0
2026-06-02,B002,Wholemeal Bread,32,52,20,0,4.0,0,0
2026-06-02,D001,Milk 2L,17,17,55,0,4.5,55,0
2026-06-02,D002,Eggs (12 pack),21,25,54,0,7.5,50,0
2026-06-02,D003,Butter 500g,26,36,10,0,6.0,0,0
2026-06-02,D004,Cheese 500g,12,23,11,1,7.12,0,0
2026-06-02,DR001,Bottled Water 600mL,13,13,37,0,2.5,37,0
2026-06-02,DR002,Coke 1.5L,14,47,33,0,3.8,0,0
2026-06-02,DR003,Orange Juice 2L,24,24,56,0,5.5,56,0
2026-06-02,DR004,Energy Drink 250mL,10,65,55,0,4.0,0,0
2026-06-02,F001,Bananas,16,33,17,0,3.2,0,0
2026-06-02,F002,Apples,8,44,35,0,4.5,0,1
2026-06-02,FR001,Ice Cream 1L,22,60,38,1,5.42,0,0
2026-06-02,FR002,Frozen Pizza,24,33,61,1,6.74,52,0
2026-06-02,H001,Toilet Paper,23,23,54,0,8.0,54,0
2026-06-02,H002,Laundry Detergent,24,54,30,0,12.0,0,0
2026-06-02,P001,Instant Noodles,25,31,54,0,2.0,48,0
2026-06-02,P002,Rice 1kg,34,43,56,0,3.5,47,0
2026-06-02,P003,Pasta 500g,21,21,55,0,2.8,55,0
2026-06-02,P004,Cereal,11,31,20,0,5.0,0,0
2026-06-02,PC001,Shampoo,10,47,37,0,9.5,0,0
2026-06-02,PC002,Toothpaste,16,28,12,0,4.5,0,0
2026-06-02,S001,Potato Chips,34,35,59,0,3.0,58,0
2026-06-02,S002,Chocolate Bar,10,61,51,0,2.8,0,0
2026-06-02,S003,Cookies,15,46,31,0,4.5,0,0
2026-06-03,B001,White Bread,26,62,36,0,3.5,0,0
2026-06-03,B002,Wholemeal Bread,17,20,62,0,4.0,59,0
2026-06-03,D001,Milk 2L,37,55,18,0,4.5,0,0
2026-06-03,D002,Eggs (12 pack),26,54,28,1,5.76,0,0
2026-06-03,D003,Butter 500g,10,10,58,0,6.0,58,0
2026-06-03,D004,Cheese 500g,8,11,35,0,8.0,32,0
2026-06-03,DR001,Bottled Water 600mL,14,37,23,0,2.5,0,0
2026-06-03,DR002,Coke 1.5L,10,33,23,0,3.8,0,0
2026-06-03,DR003,Orange Juice 2L,16,56,40,0,5.5,0,0
2026-06-03,DR004,Energy Drink 250mL,11,55,44,0,4.0,0,0
2026-06-03,F001,Bananas,11,17,37,1,2.29,31,0
2026-06-03,F002,Apples,6,35,29,0,4.5,0,0
2026-06-03,FR001,Ice Cream 1L,19,38,19,1,5.26,0,0
2026-06-03,FR002,Frozen Pizza,13,61,48,0,8.0,0,0
2026-06-03,H001,Toilet Paper,16,54,38,0,8.0,0,0
2026-06-03,H002,Laundry Detergent,15,30,15,0,12.0,0,0
2026-06-03,P001,Instant Noodles,20,54,34,1,1.67,0,0
2026-06-03,P002,Rice 1kg,30,56,26,0,3.5,0,0
2026-06-03,P003,Pasta 500g,15,55,40,0,2.8,0,0
2026-06-03,P004,Cereal,8,20,12,0,5.0,0,0
2026-06-03,PC001,Shampoo,7,37,30,0,9.5,0,0
2026-06-03,PC002,Toothpaste,9,12,53,0,4.5,50,0
2026-06-03,S001,Potato Chips,16,59,43,0,3.0,0,0
2026-06-03,S002,Chocolate Bar,6,51,45,1,2.4,0,0
2026-06-03,S003,Cookies,15,31,16,1,3.71,0,0
2026-06-04,B001,White Bread,33,36,31,0,3.5,28,0
2026-06-04,B002,Wholemeal Bread,17,62,45,0,4.0,0,0
2026-06-04,D001,Milk 2L,18,18,46,0,4.5,46,0
2026-06-04,D002,Eggs (12 pack),28,28,42,0,7.5,42,0
2026-06-04,D003,Butter 500g,27,58,31,0,6.0,0,0
2026-06-04,D004,Cheese 500g,8,35,27,0,8.0,0,0
2026-06-04,DR001,Bottled Water 600mL,10,23,13,0,2.5,0,0
2026-06-04,DR002,Coke 1.5L,23,23,35,0,3.8,35,0
2026-06-04,DR003,Orange Juice 2L,26,40,14,0,5.5,0,0
2026-06-04,DR004,Energy Drink 250mL,11,44,33,0,4.0,0,0
2026-06-04,F001,Bananas,12,37,25,0,3.2,0,0
2026-06-04,F002,Apples,9,29,20,0,4.5,0,0
2026-06-04,FR001,Ice Cream 1L,19,19,69,0,6.5,69,0
2026-06-04,FR002,Frozen Pizza,18,48,30,0,8.0,0,0
2026-06-04,H001,Toilet Paper,16,38,22,0,8.0,0,0
2026-06-04,H002,Laundry Detergent,11,15,40,0,12.0,36,0
2026-06-04,P001,Instant Noodles,21,34,13,0,2.0,0,0
2026-06-04,P002,Rice 1kg,23,26,43,0,3.5,40,0
2026-06-04,P003,Pasta 500g,23,40,17,0,2.8,0,0
2026-06-04,P004,Cereal,11,12,32,0,5.0,31,0
2026-06-04,PC001,Shampoo,6,30,24,0,9.5,0,0
2026-06-04,PC002,Toothpaste,10,53,43,1,3.43,0,0
2026-06-04,S001,Potato Chips,16,43,27,0,3.0,0,0
2026-06-04,S002,Chocolate Bar,5,45,40,0,2.8,0,0
2026-06-04,S003,Cookies,15,16,55,1,3.72,54,0
2026-06-05,B001,White Bread,31,31,47,0,3.5,47,0
2026-06-05,B002,Wholemeal Bread,32,45,13,0,4.0,0,0
2026-06-05,D001,Milk 2L,46,46,62,0,4.5,62,0
2026-06-05,D002,Eggs (12 pack),35,42,61,0,7.5,54,0
2026-06-05,D003,Butter 500g,31,31,34,0,6.0,34,0
2026-06-05,D004,Cheese 500g,7,27,20,0,8.0,0,0
2026-06-05,DR001,Bottled Water 600mL,13,13,33,1,1.92,33,0
2026-06-05,DR002,Coke 1.5L,15,35,20,0,3.8,0,0
2026-06-05,DR003,Orange Juice 2L,14,14,49,0,5.5,49,0
2026-06-05,DR004,Energy Drink 250mL,10,33,23,0,4.0,0,0
2026-06-05,F001,Bananas,12,25,13,0,3.2,0,0
2026-06-05,F002,Apples,8,20,12,0,4.5,0,0
2026-06-05,FR001,Ice Cream 1L,22,69,45,0,6.5,0,2
2026-06-05,FR002,Frozen Pizza,21,30,53,0,8.0,44,0
2026-06-05,H001,Toilet Paper,20,22,60,0,8.0,58,0
2026-06-05,H002,Laundry Detergent,16,40,24,0,12.0,0,0
2026-06-05,P001,Instant Noodles,13,13,60,0,2.0,60,0
2026-06-05,P002,Rice 1kg,28,43,15,0,3.5,0,0
2026-06-05,P003,Pasta 500g,17,17,61,0,2.8,61,0
2026-06-05,P004,Cereal,9,32,23,0,5.0,0,0
2026-06-05,PC001,Shampoo,9,24,15,0,9.5,0,0
2026-06-05,PC002,Toothpaste,15,43,28,0,4.5,0,0
2026-06-05,S001,Potato Chips,27,27,55,0,3.0,55,0
2026-06-05,S002,Chocolate Bar,8,40,32,0,2.8,0,0
2026-06-05,S003,Cookies,20,55,35,0,4.5,0,0
2026-06-06,B001,White Bread,31,47,16,0,3.5,0,0
2026-06-06,B002,Wholemeal Bread,13,13,67,0,4.0,67,0
2026-06-06,D001,Milk 2L,58,62,59,1,3.56,55,0
2026-06-06,D002,Eggs (12 pack),32,61,28,0,7.5,0,1
2026-06-06,D003,Butter 500g,34,34,49,0,6.0,49,0
2026-06-06,D004,Cheese 500g,11,20,46,1,5.77,37,0
2026-06-06,DR001,Bottled Water 600mL,17,33,16,0,2.5,0,0
2026-06-06,DR002,Coke 1.5L,18,20,53,0,3.8,51,0
2026-06-06,DR003,Orange Juice 2L,30,49,19,1,4.29,0,0
2026-06-06,DR004,Energy Drink 250mL,15,23,63,0,4.0,55,0
2026-06-06,F001,Bananas,13,13,49,1,2.59,49,0
2026-06-06,F002,Apples,10,12,32,0,4.5,30,0
2026-06-06,FR001,Ice Cream 1L,45,45,63,0,6.5,63,0
2026-06-06,FR002,Frozen Pizza,29,53,23,0,8.0,0,1
2026-06-06,H001,Toilet Paper,22,60,38,0,8.0,0,0
2026-06-06,H002,Laundry Detergent,24,24,51,0,12.0,51,0
2026-06-06,P001,Instant Noodles,35,60,25,1,1.45,0,0
2026-06-06,P002,Rice 1kg,15,15,33,1,2.63,33,0
2026-06-06,P003,Pasta 500g,22,61,39,0,2.8,0,0
2026-06-06,P004,Cereal,10,23,13,1,4.49,0,0
2026-06-06,PC001,Shampoo,15,15,33,0,9.5,33,0
2026-06-06,PC002,Toothpaste,18,28,10,0,4.5,0,0
2026-06-06,S001,Potato Chips,36,55,19,0,3.0,0,0
2026-06-06,S002,Chocolate Bar,7,32,25,0,2.8,0,0
2026-06-06,S003,Cookies,16,35,19,0,4.5,0,0
2026-06-07,B001,White Bread,16,16,54,0,3.5,54,0
2026-06-07,B002,Wholemeal Bread,39,67,27,1,3.29,0,1
2026-06-07,D001,Milk 2L,54,59,25,1,3.9,20,0
2026-06-07,D002,Eggs (12 pack),28,28,36,1,6.24,36,0
2026-06-07,D003,Butter 500g,37,49,12,0,6.0,0,0
2026-06-07,D004,Cheese 500g,12,46,34,0,8.0,0,0
2026-06-07,DR001,Bottled Water 600mL,16,16,58,1,2.1,58,0
2026-06-07,DR002,Coke 1.5L,11,53,42,1,2.93,0,0
2026-06-07,DR003,Orange Juice 2L,19,19,50,0,5.5,50,0
2026-06-07,DR004,Energy Drink 250mL,14,63,49,0,4.0,0,0
2026-06-07,F001,Bananas,12,49,37,0,3.2,0,0
2026-06-07,F002,Apples,9,32,23,1,3.56,0,0
2026-06-07,FR001,Ice Cream 1L,23,63,40,0,6.5,0,0
2026-06-07,FR002,Frozen Pizza,21,23,50,0,8.0,48,0
2026-06-07,H001,Toilet Paper,32,38,51,0,8.0,45,0
2026-06-07,H002,Laundry Detergent,16,51,35,0,12.0,0,0
2026-06-07,P001,Instant Noodles,25,25,53,0,2.0,53,0
2026-06-07,P002,Rice 1kg,33,33,67,1,2.74,67,0
2026-06-07,P003,Pasta 500g,23,39,16,0,2.8,0,0
2026-06-07,P004,Cereal,13,13,36,1,3.82,36,0
2026-06-07,PC001,Shampoo,16,33,17,0,9.5,0,0
2026-06-07,PC002,Toothpaste,10,10,36,1,3.58,36,0
2026-06-07,S001,Potato Chips,19,19,60,0,3.0,60,0
2026-06-07,S002,Chocolate Bar,8,25,17,0,2.8,0,0
2026-06-07,S003,Cookies,17,19,22,0,4.5,20,0
2026-06-08,B001,White Bread,30,54,24,0,3.5,0,0
2026-06-08,B002,Wholemeal Bread,18,27,46,0,4.0,37,0
2026-06-08,D001,Milk 2L,25,25,54,0,4.5,54,0
2026-06-08,D002,Eggs (12 pack),23,36,13,0,7.5,0,0
2026-06-08,D003,Butter 500g,12,12,54,0,6.0,54,0
2026-06-08,D004,Cheese 500g,7,34,26,0,8.0,0,1
2026-06-08,DR001,Bottled Water 600mL,14,58,44,0,2.5,0,0
2026-06-08,DR002,Coke 1.5L,12,42,30,0,3.8,0,0
2026-06-08,DR003,Orange Juice 2L,50,50,46,0,5.5,46,0
2026-06-08,DR004,Energy Drink 250mL,11,49,38,0,4.0,0,0
2026-06-08,F001,Bananas,8,37,28,0,3.2,0,1
2026-06-08,F002,Apples,6,23,17,0,4.5,0,0
2026-06-08,FR001,Ice Cream 1L,40,40,32,0,6.5,32,0
2026-06-08,FR002,Frozen Pizza,15,50,35,1,6.41,0,0
2026-06-08,H001,Toilet Paper,13,51,38,0,8.0,0,0
2026-06-08,H002,Laundry Detergent,15,35,20,0,12.0,0,0
2026-06-08,P001,Instant Noodles,17,53,36,0,2.0,0,0
2026-06-08,P002,Rice 1kg,19,67,48,0,3.5,0,0
2026-06-08,P003,Pasta 500g,16,16,32,0,2.8,32,0
2026-06-08,P004,Cereal,12,36,24,1,3.78,0,0
2026-06-08,PC001,Shampoo,10,17,29,0,9.5,22,0
2026-06-08,PC002,Toothpaste,13,36,23,1,3.79,0,0
2026-06-08,S001,Potato Chips,20,60,40,0,3.0,0,0
2026-06-08,S002,Chocolate Bar,5,17,12,0,2.8,0,0
2026-06-08,S003,Cookies,17,22,61,0,4.5,56,0
2026-06-09,B001,White Bread,24,24,68,0,3.5,68,0
2026-06-09,B002,Wholemeal Bread,21,46,25,0,4.0,0,0
2026-06-09,D001,Milk 2L,26,54,28,0,4.5,0,0
2026-06-09,D002,Eggs (12 pack),13,13,45,1,5.66,45,0
2026-06-09,D003,Butter 500g,21,54,33,0,6.0,0,0
2026-06-09,D004,Cheese 500g,8,26,18,0,8.0,0,0
2026-06-09,DR001,Bottled Water 600mL,13,44,31,0,2.5,0,0
2026-06-09,DR002,Coke 1.5L,9,30,21,0,3.8,0,0
2026-06-09,DR003,Orange Juice 2L,26,46,20,1,4.27,0,0
2026-06-09,DR004,Energy Drink 250mL,12,38,26,0,4.0,0,0
2026-06-09,F001,Bananas,8,28,20,0,3.2,0,0
2026-06-09,F002,Apples,6,17,11,0,4.5,0,0
2026-06-09,FR001,Ice Cream 1L,24,32,36,0,6.5,28,0
2026-06-09,FR002,Frozen Pizza,15,35,20,0,8.0,0,0
2026-06-09,H001,Toilet Paper,17,38,21,0,8.0,0,0
2026-06-09,H002,Laundry Detergent,12,20,50,0,12.0,42,0
2026-06-09,P001,Instant Noodles,15,36,21,0,2.0,0,0
2026-06-09,P002,Rice 1kg,18,48,30,0,3.5,0,0
2026-06-09,P003,Pasta 500g,32,32,63,0,2.8,63,0
2026-06-09,P004,Cereal,10,24,14,0,5.0,0,0
2026-06-09,PC001,Shampoo,9,29,20,1,7.35,0,0
2026-06-09,PC002,Toothpaste,12,23,11,0,4.5,0,0
2026-06-09,S001,Potato Chips,28,40,12,0,3.0,0,0
2026-06-09,S002,Chocolate Bar,5,12,27,0,2.8,20,0
2026-06-09,S003,Cookies,14,61,47,0,4.5,0,0
2026-06-10,B001,White Bread,25,68,43,1,2.76,0,0
2026-06-10,B002,Wholemeal Bread,14,25,11,0,4.0,0,0
2026-06-10,D001,Milk 2L,28,28,57,1,3.48,57,0
2026-06-10,D002,Eggs (12 pack),27,45,18,0,7.5,0,0
2026-06-10,D003,Butter 500g,21,33,12,0,6.0,0,0
2026-06-10,D004,Cheese 500g,10,18,45,0,8.0,37,0
2026-06-10,DR001,Bottled Water 600mL,12,31,19,0,2.5,0,0
2026-06-10,DR002,Coke 1.5L,11,21,10,1,3.1,0,0
2026-06-10,DR003,Orange Juice 2L,16,20,24,0,5.5,20,0
2026-06-10,DR004,Energy Drink 250mL,9,26,17,0,4.0,0,0
2026-06-10,F001,Bananas,20,20,51,0,3.2,51,0
2026-06-10,F002,Apples,6,11,51,0,4.5,46,0
2026-06-10,FR001,Ice Cream 1L,26,36,10,0,6.5,0,0
2026-06-10,FR002,Frozen Pizza,18,20,42,0,8.0,40,0
2026-06-10,H001,Toilet Paper,18,21,25,0,8.0,22,0
2026-06-10,H002,Laundry Detergent,11,50,39,0,12.0,0,0
2026-06-10,P001,Instant Noodles,21,21,69,0,2.0,69,0
2026-06-10,P002,Rice 1kg,28,30,61,0,3.5,59,0
2026-06-10,P003,Pasta 500g,23,63,40,0,2.8,0,0
2026-06-10,P004,Cereal,10,14,32,0,5.0,28,0
2026-06-10,PC001,Shampoo,6,20,14,0,9.5,0,0
2026-06-10,PC002,Toothpaste,11,11,49,0,4.5,49,0
2026-06-10,S001,Potato Chips,12,12,55,1,2.21,55,0
2026-06-10,S002,Chocolate Bar,5,27,22,1,2.05,0,0
2026-06-10,S003,Cookies,12,47,35,0,4.5,0,0
2026-06-11,B001,White Bread,21,43,22,0,3.5,0,0
2026-06-11,B002,Wholemeal Bread,11,11,36,0,4.0,36,0
2026-06-11,D001,Milk 2L,33,57,24,0,4.5,0,0
2026-06-11,D002,Eggs (12 pack),18,18,36,0,7.5,36,0
2026-06-11,D003,Butter 500g,12,12,35,0,6.0,35,0
2026-06-11,D004,Cheese 500g,9,45,36,0,8.0,0,0
2026-06-11,DR001,Bottled Water 600mL,16,19,44,0,2.5,41,0
2026-06-11,DR002,Coke 1.5L,9,10,22,0,3.8,21,0
2026-06-11,DR003,Orange Juice 2L,24,24,49,1,4.53,49,0
2026-06-11,DR004,Energy Drink 250mL,10,17,34,0,4.0,27,0
2026-06-11,F001,Bananas,13,51,38,0,3.2,0,0
2026-06-11,F002,Apples,51,51,64,0,4.5,64,0
2026-06-11,FR001,Ice Cream 1L,10,10,68,0,6.5,68,0
2026-06-11,FR002,Frozen Pizza,19,42,23,0,8.0,0,0
2026-06-11,H001,Toilet Paper,16,25,56,1,6.93,47,0
2026-06-11,H002,Laundry Detergent,14,39,25,0,12.0,0,0
2026-06-11,P001,Instant Noodles,24,69,45,0,2.0,0,0
2026-06-11,P002,Rice 1kg,28,61,33,0,3.5,0,0
2026-06-11,P003,Pasta 500g,14,40,26,1,2.0,0,0
2026-06-11,P004,Cereal,11,32,21,0,5.0,0,0
2026-06-11,PC001,Shampoo,14,14,35,0,9.5,35,0
2026-06-11,PC002,Toothpaste,7,49,42,0,4.5,0,0
2026-06-11,S001,Potato Chips,23,55,32,1,2.69,0,0
2026-06-11,S002,Chocolate Bar,5,22,17,0,2.8,0,0
2026-06-11,S003,Cookies,14,35,21,0,4.5,0,0
2026-06-12,B001,White Bread,22,22,59,0,3.5,59,0
2026-06-12,B002,Wholemeal Bread,31,36,50,1,2.98,45,0
2026-06-12,D001,Milk 2L,24,24,31,0,4.5,31,0
2026-06-12,D002,Eggs (12 pack),31,36,31,0,7.5,26,0
2026-06-12,D003,Butter 500g,30,35,34,0,6.0,29,0
2026-06-12,D004,Cheese 500g,9,36,27,0,8.0,0,0
2026-06-12,DR001,Bottled Water 600mL,16,44,28,0,2.5,0,0
2026-06-12,DR002,Coke 1.5L,16,22,36,0,3.8,30,0
2026-06-12,DR003,Orange Juice 2L,32,49,17,0,5.5,0,0
2026-06-12,DR004,Energy Drink 250mL,9,34,25,1,3.47,0,0
2026-06-12,F001,Bananas,16,38,22,0,3.2,0,0
2026-06-12,F002,Apples,7,64,55,0,4.5,0,2
2026-06-12,FR001,Ice Cream 1L,27,68,40,1,5.2,0,1
2026-06-12,FR002,Frozen Pizza,18,23,49,0,8.0,44,0
2026-06-12,H001,Toilet Paper,16,56,40,0,8.0,0,0
2026-06-12,H002,Laundry Detergent,17,25,42,1,10.37,34,0
2026-06-12,P001,Instant Noodles,21,45,24,0,2.0,0,0
2026-06-12,P002,Rice 1kg,27,33,53,0,3.5,47,0
2026-06-12,P003,Pasta 500g,26,26,38,0,2.8,38,0
2026-06-12,P004,Cereal,9,21,12,0,5.0,0,0
2026-06-12,PC001,Shampoo,11,35,24,0,9.5,0,0
2026-06-12,PC002,Toothpaste,10,42,32,0,4.5,0,0
2026-06-12,S001,Potato Chips,31,32,53,0,3.0,52,0
2026-06-12,S002,Chocolate Bar,7,17,10,1,2.23,0,0
2026-06-12,S003,Cookies,19,21,25,0,4.5,23,0
2026-06-13,B001,White Bread,37,59,22,0,3.5,0,0
2026-06-13,B002,Wholemeal Bread,31,50,19,0,4.0,0,0
2026-06-13,D001,Milk 2L,31,31,53,0,4.5,53,0
2026-06-13,D002,Eggs (12 pack),31,31,44,0,7.5,44,0
2026-06-13,D003,Butter 500g,34,34,36,0,6.0,36,0
2026-06-13,D004,Cheese 500g,9,27,18,0,8.0,0,0
2026-06-13,DR001,Bottled Water 600mL,14,28,14,1,1.85,0,0
2026-06-13,DR002,Coke 1.5L,20,36,16,1,2.98,0,0
2026-06-13,DR003,Orange Juice 2L,17,17,58,1,4.24,58,0
2026-06-13,DR004,Energy Drink 250mL,12,25,13,0,4.0,0,0
2026-06-13,F001,Bananas,16,22,52,0,3.2,46,0
2026-06-13,F002,Apples,11,55,44,0,4.5,0,0
2026-06-13,FR001,Ice Cream 1L,40,40,35,0,6.5,35,0
2026-06-13,FR002,Frozen Pizza,27,49,22,1,5.88,0,0
2026-06-13,H001,Toilet Paper,20,40,20,0,8.0,0,0
2026-06-13,H002,Laundry Detergent,17,42,25,1,9.99,0,0
2026-06-13,P001,Instant Noodles,24,24,45,0,2.0,45,0
2026-06-13,P002,Rice 1kg,39,53,14,0,3.5,0,0
2026-06-13,P003,Pasta 500g,20,38,18,0,2.8,0,0
2026-06-13,P004,Cereal,12,12,38,0,5.0,38,0
2026-06-13,PC001,Shampoo,13,24,11,1,7.23,0,0
2026-06-13,PC002,Toothpaste,15,32,17,0,4.5,0,0
2026-06-13,S001,Potato Chips,35,53,18,0,3.0,0,0
2026-06-13,S002,Chocolate Bar,10,10,31,0,2.8,31,0
2026-06-13,S003,Cookies,25,25,33,0,4.5,33,0
2026-06-14,B001,White Bread,22,22,31,0,3.5,31,0
2026-06-14,B002,Wholemeal Bread,19,19,51,0,4.0,51,0
2026-06-14,D001,Milk 2L,53,53,31,0,4.5,31,0
2026-06-14,D002,Eggs (12 pack),35,44,60,0,7.5,51,0
2026-06-14,D003,Butter 500g,36,36,34,0,6.0,34,0
2026-06-14,D004,Cheese 500g,12,18,60,0,8.0,54,0
2026-06-14,DR001,Bottled Water 600mL,14,14,40,0,2.5,40,0
2026-06-14,DR002,Coke 1.5L,15,16,38,0,3.8,37,0
2026-06-14,DR003,Orange Juice 2L,38,58,20,0,5.5,0,0
2026-06-14,DR004,Energy Drink 250mL,13,13,62,0,4.0,62,0
2026-06-14,F001,Bananas,17,52,34,0,3.2,0,1
2026-06-14,F002,Apples,8,44,36,0,4.5,0,0
2026-06-14,FR001,Ice Cream 1L,25,35,10,1,5.3,0,0
2026-06-14,FR002,Frozen Pizza,22,22,53,1,5.71,53,0
2026-06-14,H001,Toilet Paper,20,20,44,0,8.0,44,0
2026-06-14,H002,Laundry Detergent,22,25,25,0,12.0,22,0
2026-06-14,P001,Instant Noodles,33,45,12,0,2.0,0,0
2026-06-14,P002,Rice 1kg,14,14,61,0,3.5,61,0
2026-06-14,P003,Pasta 500g,18,18,58,0,2.8,58,0
2026-06-14,P004,Cereal,12,38,26,0,5.0,0,0
2026-06-14,PC001,Shampoo,11,11,48,0,9.5,48,0
2026-06-14,PC002,Toothpaste,14,17,47,0,4.5,44,0
2026-06-14,S001,Potato Chips,18,18,39,0,3.0,39,0
2026-06-14,S002,Chocolate Bar,9,31,22,0,2.8,0,0
2026-06-14,S003,Cookies,21,33,12,0,4.5,0,0
2026-06-15,B001,White Bread,31,31,32,0,3.5,32,0
2026-06-15,B002,Wholemeal Bread,23,51,28,1,3.51,0,0
2026-06-15,D001,Milk 2L,27,31,63,0,4.5,59,0
2026-06-15,D002,Eggs (12 pack),27,60,33,0,7.5,0,0
2026-06-15,D003,Butter 500g,34,34,41,0,6.0,41,0
2026-06-15,D004,Cheese 500g,10,60,48,0,8.0,0,2
2026-06-15,DR001,Bottled Water 600mL,14,40,26,0,2.5,0,0
2026-06-15,DR002,Coke 1.5L,12,38,26,0,3.8,0,0
2026-06-15,DR003,Orange Juice 2L,20,20,30,1,4.55,30,0
2026-06-15,DR004,Energy Drink 250mL,62,62,63,0,4.0,63,0
2026-06-15,F001,Bananas,11,34,23,0,3.2,0,0
2026-06-15,F002,Apples,8,36,27,0,4.5,0,1
2026-06-15,FR001,Ice Cream 1L,10,10,44,0,6.5,44,0
2026-06-15,FR002,Frozen Pizza,12,53,40,0,8.0,0,1
2026-06-15,H001,Toilet Paper,20,44,24,0,8.0,0,0
2026-06-15,H002,Laundry Detergent,11,25,14,0,12.0,0,0
2026-06-15,P001,Instant Noodles,12,12,47,0,2.0,47,0
2026-06-15,P002,Rice 1kg,23,61,38,0,3.5,0,0
2026-06-15,P003,Pasta 500g,24,58,34,1,2.45,0,0
2026-06-15,P004,Cereal,7,26,19,1,4.11,0,0
2026-06-15,PC001,Shampoo,7,48,41,1,7.87,0,0
2026-06-15,PC002,Toothpaste,13,47,34,0,4.5,0,0
2026-06-15,S001,Potato Chips,18,39,21,0,3.0,0,0
2026-06-15,S002,Chocolate Bar,7,22,15,0,2.8,0,0
2026-06-15,S003,Cookies,12,12,35,0,4.5,35,0
2026-06-16,B001,White Bread,29,32,24,0,3.5,21,0
2026-06-16,B002,Wholemeal Bread,21,28,39,0,4.0,32,0
2026-06-16,D001,Milk 2L,36,63,26,0,4.5,0,1
2026-06-16,D002,Eggs (12 pack),24,33,40,1,5.31,31,0
2026-06-16,D003,Butter 500g,21,41,20,1,5.37,0,0
2026-06-16,D004,Cheese 500g,7,48,40,0,8.0,0,1
2026-06-16,DR001,Bottled Water 600mL,10,26,16,0,2.5,0,0
2026-06-16,DR002,Coke 1.5L,9,26,17,0,3.8,0,0
2026-06-16,DR003,Orange Juice 2L,27,30,29,0,5.5,26,0
2026-06-16,DR004,Energy Drink 250mL,8,63,55,0,4.0,0,0
2026-06-16,F001,Bananas,13,23,10,0,3.2,0,0
2026-06-16,F002,Apples,6,27,21,0,4.5,0,0
2026-06-16,FR001,Ice Cream 1L,27,44,17,0,6.5,0,0
2026-06-16,FR002,Frozen Pizza,14,40,26,0,8.0,0,0
2026-06-16,H001,Toilet Paper,15,24,31,0,8.0,22,0
2026-06-16,H002,Laundry Detergent,13,14,41,0,12.0,40,0
2026-06-16,P001,Instant Noodles,19,47,28,0,2.0,0,0
2026-06-16,P002,Rice 1kg,21,38,17,0,3.5,0,0
2026-06-16,P003,Pasta 500g,23,34,11,0,2.8,0,0
2026-06-16,P004,Cereal,11,19,59,0,5.0,51,0
2026-06-16,PC001,Shampoo,7,41,34,0,9.5,0,0
2026-06-16,PC002,Toothpaste,11,34,23,0,4.5,0,0
2026-06-16,S001,Potato Chips,21,21,55,0,3.0,55,0
2026-06-16,S002,Chocolate Bar,6,15,52,1,2.3,43,0
2026-06-16,S003,Cookies,14,35,21,0,4.5,0,0
2026-06-17,B001,White Bread,22,24,29,0,3.5,27,0
2026-06-17,B002,Wholemeal Bread,15,39,24,0,4.0,0,0
2026-06-17,D001,Milk 2L,26,26,63,0,4.5,63,0
2026-06-17,D002,Eggs (12 pack),19,40,21,0,7.5,0,0
2026-06-17,D003,Butter 500g,20,20,47,0,6.0,47,0
2026-06-17,D004,Cheese 500g,9,40,30,0,8.0,0,1
2026-06-17,DR001,Bottled Water 600mL,15,16,29,0,2.5,28,0
2026-06-17,DR002,Coke 1.5L,7,17,10,1,2.95,0,0
2026-06-17,DR003,Orange Juice 2L,15,29,14,1,4.93,0,0
2026-06-17,DR004,Energy Drink 250mL,9,55,46,0,4.0,0,0
2026-06-17,F001,Bananas,10,10,58,1,2.29,58,0
2026-06-17,F002,Apples,7,21,14,0,4.5,0,0
2026-06-17,FR001,Ice Cream 1L,17,17,43,1,4.76,43,0
2026-06-17,FR002,Frozen Pizza,19,26,43,0,8.0,36,0
2026-06-17,H001,Toilet Paper,14,31,17,0,8.0,0,0
2026-06-17,H002,Laundry Detergent,16,41,25,0,12.0,0,0
2026-06-17,P001,Instant Noodles,20,28,58,1,1.51,50,0
2026-06-17,P002,Rice 1kg,17,17,68,1,2.83,68,0
2026-06-17,P003,Pasta 500g,11,11,57,0,2.8,57,0
2026-06-17,P004,Cereal,8,59,51,0,5.0,0,0
2026-06-17,PC001,Shampoo,6,34,28,0,9.5,0,0
2026-06-17,PC002,Toothpaste,13,23,10,0,4.5,0,0
2026-06-17,S001,Potato Chips,27,55,28,1,2.22,0,0
2026-06-17,S002,Chocolate Bar,4,52,48,0,2.8,0,0
2026-06-17,S003,Cookies,15,21,58,0,4.5,52,0
2026-06-18,B001,White Bread,22,29,52,0,3.5,45,0
2026-06-18,B002,Wholemeal Bread,18,24,64,0,4.0,58,0
2026-06-18,D001,Milk 2L,44,63,19,0,4.5,0,0
2026-06-18,D002,Eggs (12 pack),21,21,48,0,7.5,48,0
2026-06-18,D003,Butter 500g,29,47,18,0,6.0,0,0
2026-06-18,D004,Cheese 500g,7,30,23,0,8.0,0,0
2026-06-18,DR001,Bottled Water 600mL,10,29,19,0,2.5,0,0
2026-06-18,DR002,Coke 1.5L,8,10,31,0,3.8,29,0
2026-06-18,DR003,Orange Juice 2L,14,14,63,0,5.5,63,0
2026-06-18,DR004,Energy Drink 250mL,10,46,36,0,4.0,0,0
2026-06-18,F001,Bananas,13,58,44,1,2.42,0,1
2026-06-18,F002,Apples,5,14,46,0,4.5,37,0
2026-06-18,FR001,Ice Cream 1L,27,43,16,0,6.5,0,0
2026-06-18,FR002,Frozen Pizza,19,43,23,0,8.0,0,1
2026-06-18,H001,Toilet Paper,17,17,34,0,8.0,34,0
2026-06-18,H002,Laundry Detergent,14,25,11,0,12.0,0,0
2026-06-18,P001,Instant Noodles,23,58,35,1,1.49,0,0
2026-06-18,P002,Rice 1kg,27,68,41,0,3.5,0,0
2026-06-18,P003,Pasta 500g,19,57,38,0,2.8,0,0
2026-06-18,P004,Cereal,12,51,39,0,5.0,0,0
2026-06-18,PC001,Shampoo,7,28,21,0,9.5,0,0
2026-06-18,PC002,Toothpaste,10,10,45,0,4.5,45,0
2026-06-18,S001,Potato Chips,21,28,39,1,2.24,32,0
2026-06-18,S002,Chocolate Bar,7,48,41,1,2.2,0,0
2026-06-18,S003,Cookies,20,58,38,0,4.5,0,0
2026-06-19,B001,White Bread,30,52,22,1,2.71,0,0
2026-06-19,B002,Wholemeal Bread,25,64,38,0,4.0,0,1
2026-06-19,D001,Milk 2L,19,19,58,1,3.9,58,0
2026-06-19,D002,Eggs (12 pack),34,48,14,0,7.5,0,0
2026-06-19,D003,Butter 500g,18,18,60,0,6.0,60,0
2026-06-19,D004,Cheese 500g,7,23,16,0,8.0,0,0
2026-06-19,DR001,Bottled Water 600mL,13,19,50,0,2.5,44,0
2026-06-19,DR002,Coke 1.5L,12,31,19,0,3.8,0,0
2026-06-19,DR003,Orange Juice 2L,33,63,30,0,5.5,0,0
2026-06-19,DR004,Energy Drink 250mL,10,36,26,0,4.0,0,0
2026-06-19,F001,Bananas,16,44,28,0,3.2,0,0
2026-06-19,F002,Apples,11,46,35,0,4.5,0,0
2026-06-19,FR001,Ice Cream 1L,16,16,34,0,6.5,34,0
2026-06-19,FR002,Frozen Pizza,23,23,67,0,8.0,67,0
2026-06-19,H001,Toilet Paper,22,34,12,0,8.0,0,0
2026-06-19,H002,Laundry Detergent,11,11,44,0,12.0,44,0
2026-06-19,P001,Instant Noodles,17,35,18,0,2.0,0,0
2026-06-19,P002,Rice 1kg,22,41,19,0,3.5,0,0
2026-06-19,P003,Pasta 500g,28,38,10,0,2.8,0,0
2026-06-19,P004,Cereal,39,39,61,0,5.0,61,0
2026-06-19,PC001,Shampoo,9,21,12,0,9.5,0,0
2026-06-19,PC002,Toothpaste,12,45,33,0,4.5,0,0
2026-06-19,S001,Potato Chips,32,39,64,0,3.0,57,0
2026-06-19,S002,Chocolate Bar,6,41,35,0,2.8,0,0
2026-06-19,S003,Cookies,17,38,21,0,4.5,0,0
2026-06-20,B001,White Bread,22,22,34,0,3.5,34,0
2026-06-20,B002,Wholemeal Bread,38,38,58,0,4.0,58,0
2026-06-20,D001,Milk 2L,58,58,61,0,4.5,61,0
2026-06-20,D002,Eggs (12 pack),14,14,60,0,7.5,60,0
2026-06-20,D003,Butter 500g,44,60,16,0,6.0,0,0
2026-06-20,D004,Cheese 500g,12,16,34,0,8.0,30,0
2026-06-20,DR001,Bottled Water 600mL,50,50,56,0,2.5,56,0
2026-06-20,DR002,Coke 1.5L,18,19,49,1,2.95,48,0
2026-06-20,DR003,Orange Juice 2L,30,30,45,0,5.5,45,0
2026-06-20,DR004,Energy Drink 250mL,19,26,47,0,4.0,40,0
2026-06-20,F001,Bananas,12,28,16,0,3.2,0,0
2026-06-20,F002,Apples,13,35,22,0,4.5,0,0
2026-06-20,FR001,Ice Cream 1L,33,34,31,0,6.5,30,0
2026-06-20,FR002,Frozen Pizza,26,67,41,1,5.94,0,0
2026-06-20,H001,Toilet Paper,12,12,43,0,8.0,43,0
2026-06-20,H002,Laundry Detergent,24,44,20,0,12.0,0,0
2026-06-20,P001,Instant Noodles,18,18,49,0,2.0,49,0
2026-06-20,P002,Rice 1kg,19,19,58,0,3.5,58,0
2026-06-20,P003,Pasta 500g,10,10,38,0,2.8,38,0
2026-06-20,P004,Cereal,12,61,49,0,5.0,0,0
2026-06-20,PC001,Shampoo,11,12,58,0,9.5,57,0
2026-06-20,PC002,Toothpaste,11,33,22,0,4.5,0,0
2026-06-20,S001,Potato Chips,28,64,36,0,3.0,0,0
2026-06-20,S002,Chocolate Bar,11,35,24,0,2.8,0,0
2026-06-20,S003,Cookies,21,21,48,0,4.5,48,0
2026-06-21,B001,White Bread,34,34,61,0,3.5,61,0
2026-06-21,B002,Wholemeal Bread,22,58,36,1,3.35,0,0
2026-06-21,D001,Milk 2L,61,61,43,0,4.5,43,0
2026-06-21,D002,Eggs (12 pack),26,60,34,1,6.17,0,0
2026-06-21,D003,Butter 500g,16,16,53,0,6.0,53,0
2026-06-21,D004,Cheese 500g,12,34,22,0,8.0,0,0
2026-06-21,DR001,Bottled Water 600mL,14,56,42,0,2.5,0,0
2026-06-21,DR002,Coke 1.5L,15,49,34,0,3.8,0,0
2026-06-21,DR003,Orange Juice 2L,24,45,21,0,5.5,0,0
2026-06-21,DR004,Energy Drink 250mL,15,47,32,0,4.0,0,0
2026-06-21,F001,Bananas,16,16,53,0,3.2,53,0
2026-06-21,F002,Apples,13,22,63,1,3.94,54,0
2026-06-21,FR001,Ice Cream 1L,28,31,45,0,6.5,42,0
2026-06-21,FR002,Frozen Pizza,16,41,25,0,8.0,0,0
2026-06-21,H001,Toilet Paper,33,43,10,0,8.0,0,0
2026-06-21,H002,Laundry Detergent,20,20,47,0,12.0,47,0
2026-06-21,P001,Instant Noodles,26,49,23,0,2.0,0,0
2026-06-21,P002,Rice 1kg,35,58,23,0,3.5,0,0
2026-06-21,P003,Pasta 500g,36,38,29,0,2.8,27,0
2026-06-21,P004,Cereal,10,49,39,0,5.0,0,0
2026-06-21,PC001,Shampoo,9,58,49,0,9.5,0,0
2026-06-21,PC002,Toothpaste,11,22,11,1,3.7,0,0
2026-06-21,S001,Potato Chips,32,36,57,0,3.0,53,0
2026-06-21,S002,Chocolate Bar,11,24,13,0,2.8,0,0
2026-06-21,S003,Cookies,19,48,29,0,4.5,0,0
2026-06-22,B001,White Bread,27,61,33,0,3.5,0,1
2026-06-22,B002,Wholemeal Bread,18,36,18,0,4.0,0,0
2026-06-22,D001,Milk 2L,42,43,27,0,4.5,26,0
2026-06-22,D002,Eggs (12 pack),27,34,39,0,7.5,32,0
2026-06-22,D003,Butter 500g,22,53,30,0,6.0,0,1
2026-06-22,D004,Cheese 500g,5,22,17,0,8.0,0,0
2026-06-22,DR001,Bottled Water 600mL,12,42,30,0,2.5,0,0
2026-06-22,DR002,Coke 1.5L,7,34,27,0,3.8,0,0
2026-06-22,DR003,Orange Juice 2L,15,21,50,0,5.5,44,0
2026-06-22,DR004,Energy Drink 250mL,10,32,22,0,4.0,0,0
2026-06-22,F001,Bananas,13,53,40,0,3.2,0,0
2026-06-22,F002,Apples,7,63,55,0,4.5,0,1
2026-06-22,FR001,Ice Cream 1L,27,45,18,0,6.5,0,0
2026-06-22,FR002,Frozen Pizza,17,25,34,1,5.74,26,0
2026-06-22,H001,Toilet Paper,10,10,61,0,8.0,61,0
2026-06-22,H002,Laundry Detergent,16,47,31,0,12.0,0,0
2026-06-22,P001,Instant Noodles,18,23,54,1,1.71,49,0
2026-06-22,P002,Rice 1kg,22,23,43,0,3.5,42,0
2026-06-22,P003,Pasta 500g,22,29,56,0,2.8,49,0
2026-06-22,P004,Cereal,10,39,29,0,5.0,0,0
2026-06-22,PC001,Shampoo,6,49,43,0,9.5,0,0
2026-06-22,PC002,Toothpaste,10,11,59,0,4.5,58,0
2026-06-22,S001,Potato Chips,26,57,31,0,3.0,0,0
2026-06-22,S002,Chocolate Bar,5,13,31,0,2.8,23,0
2026-06-22,S003,Cookies,20,29,52,0,4.5,43,0
2026-06-23,B001,White Bread,33,33,52,0,3.5,52,0
2026-06-23,B002,Wholemeal Bread,18,18,42,0,4.0,42,0
2026-06-23,D001,Milk 2L,27,27,52,0,4.5,52,0
2026-06-23,D002,Eggs (12 pack),26,39,13,0,7.5,0,0
2026-06-23,D003,Butter 500g,30,30,55,0,6.0,55,0
2026-06-23,D004,Cheese 500g,8,17,55,0,8.0,46,0
2026-06-23,DR001,Bottled Water 600mL,14,30,16,0,2.5,0,0
2026-06-23,DR002,Coke 1.5L,13,27,14,0,3.8,0,0
2026-06-23,DR003,Orange Juice 2L,17,50,32,1,4.87,0,1
2026-06-23,DR004,Energy Drink 250mL,12,22,10,1,2.97,0,0
2026-06-23,F001,Bananas,10,40,30,1,2.6,0,0
2026-06-23,F002,Apples,6,55,49,0,4.5,0,0
2026-06-23,FR001,Ice Cream 1L,18,18,57,0,6.5,57,0
2026-06-23,FR002,Frozen Pizza,16,34,18,0,8.0,0,0
2026-06-23,H001,Toilet Paper,17,61,44,1,6.42,0,0
2026-06-23,H002,Laundry Detergent,31,31,53,0,12.0,53,0
2026-06-23,P001,Instant Noodles,22,54,32,0,2.0,0,0
2026-06-23,P002,Rice 1kg,30,43,13,1,2.96,0,0
2026-06-23,P003,Pasta 500g,15,56,41,0,2.8,0,0
2026-06-23,P004,Cereal,12,29,17,1,4.42,0,0
2026-06-23,PC001,Shampoo,9,43,34,0,9.5,0,0
2026-06-23,PC002,Toothpaste,12,59,47,0,4.5,0,0
2026-06-23,S001,Potato Chips,18,31,13,0,3.0,0,0
2026-06-23,S002,Chocolate Bar,6,31,25,0,2.8,0,0
2026-06-23,S003,Cookies,18,52,34,0,4.5,0,0
2026-06-24,B001,White Bread,25,52,27,0,3.5,0,0
2026-06-24,B002,Wholemeal Bread,15,42,26,0,4.0,0,1
2026-06-24,D001,Milk 2L,34,52,18,1,3.97,0,0
2026-06-24,D002,Eggs (12 pack),13,13,35,0,7.5,35,0
2026-06-24,D003,Butter 500g,22,55,32,0,6.0,0,1
2026-06-24,D004,Cheese 500g,6,55,47,0,8.0,0,2
2026-06-24,DR001,Bottled Water 600mL,12,16,39,0,2.5,35,0
2026-06-24,DR002,Coke 1.5L,12,14,53,0,3.8,51,0
2026-06-24,DR003,Orange Juice 2L,25,32,45,0,5.5,38,0
2026-06-24,DR004,Energy Drink 250mL,10,10,53,0,4.0,53,0
2026-06-24,F001,Bananas,9,30,21,0,3.2,0,0
2026-06-24,F002,Apples,9,49,39,1,3.31,0,1
2026-06-24,FR001,Ice Cream 1L,18,57,39,0,6.5,0,0
2026-06-24,FR002,Frozen Pizza,18,18,56,0,8.0,56,0
2026-06-24,H001,Toilet Paper,15,44,29,0,8.0,0,0
2026-06-24,H002,Laundry Detergent,53,53,67,0,12.0,67,0
2026-06-24,P001,Instant Noodles,15,32,17,0,2.0,0,0
2026-06-24,P002,Rice 1kg,13,13,37,1,3.01,37,0
2026-06-24,P003,Pasta 500g,21,41,20,0,2.8,0,0
2026-06-24,P004,Cereal,7,17,10,0,5.0,0,0
2026-06-24,PC001,Shampoo,7,34,27,0,9.5,0,0
2026-06-24,PC002,Toothpaste,12,47,35,0,4.5,0,0
2026-06-24,S001,Potato Chips,13,13,38,0,3.0,38,0
2026-06-24,S002,Chocolate Bar,7,25,18,0,2.8,0,0
2026-06-24,S003,Cookies,18,34,16,1,3.9,0,0
2026-06-25,B001,White Bread,24,27,38,0,3.5,35,0
2026-06-25,B002,Wholemeal Bread,17,26,40,0,4.0,31,0
2026-06-25,D001,Milk 2L,18,18,31,0,4.5,31,0
2026-06-25,D002,Eggs (12 pack),18,35,17,1,5.8,0,0
2026-06-25,D003,Butter 500g,17,32,15,0,6.0,0,0
2026-06-25,D004,Cheese 500g,5,47,42,0,8.0,0,0
2026-06-25,DR001,Bottled Water 600mL,10,39,29,0,2.5,0,0
2026-06-25,DR002,Coke 1.5L,8,53,45,0,3.8,0,0
2026-06-25,DR003,Orange Juice 2L,23,45,22,1,3.86,0,0
2026-06-25,DR004,Energy Drink 250mL,9,53,44,0,4.0,0,0
2026-06-25,F001,Bananas,10,21,11,0,3.2,0,0
2026-06-25,F002,Apples,6,39,32,1,3.6,0,1
2026-06-25,FR001,Ice Cream 1L,25,39,14,0,6.5,0,0
2026-06-25,FR002,Frozen Pizza,17,56,38,0,8.0,0,1
2026-06-25,H001,Toilet Paper,13,29,16,1,6.48,0,0
2026-06-25,H002,Laundry Detergent,15,67,52,0,12.0,0,0
2026-06-25,P001,Instant Noodles,17,17,44,0,2.0,44,0
2026-06-25,P002,Rice 1kg,22,37,15,0,3.5,0,0
2026-06-25,P003,Pasta 500g,20,20,68,0,2.8,68,0
2026-06-25,P004,Cereal,8,10,26,0,5.0,24,0
2026-06-25,PC001,Shampoo,9,27,18,0,9.5,0,0
2026-06-25,PC002,Toothpaste,9,35,26,0,4.5,0,0
2026-06-25,S001,Potato Chips,24,38,14,0,3.0,0,0
2026-06-25,S002,Chocolate Bar,6,18,12,0,2.8,0,0
2026-06-25,S003,Cookies,16,16,54,0,4.5,54,0
2026-06-26,B001,White Bread,25,38,13,1,3.04,0,0
2026-06-26,B002,Wholemeal Bread,23,40,17,0,4.0,0,0
2026-06-26,D001,Milk 2L,31,31,38,0,4.5,38,0
2026-06-26,D002,Eggs (12 pack),17,17,61,0,7.5,61,0
2026-06-26,D003,Butter 500g,15,15,43,0,6.0,43,0
2026-06-26,D004,Cheese 500g,10,42,31,0,8.0,0,1
2026-06-26,DR001,Bottled Water 600mL,16,29,13,0,2.5,0,0
2026-06-26,DR002,Coke 1.5L,11,45,34,1,2.9,0,0
2026-06-26,DR003,Orange Juice 2L,22,22,35,0,5.5,35,0
2026-06-26,DR004,Energy Drink 250mL,15,44,29,0,4.0,0,0
2026-06-26,F001,Bananas,11,11,53,0,3.2,53,0
2026-06-26,F002,Apples,9,32,23,0,4.5,0,0
2026-06-26,FR001,Ice Cream 1L,14,14,50,0,6.5,50,0
2026-06-26,FR002,Frozen Pizza,16,38,22,0,8.0,0,0
2026-06-26,H001,Toilet Paper,16,16,60,0,8.0,60,0
2026-06-26,H002,Laundry Detergent,19,52,33,0,12.0,0,0
2026-06-26,P001,Instant Noodles,19,44,25,0,2.0,0,0
2026-06-26,P002,Rice 1kg,15,15,48,0,3.5,48,0
2026-06-26,P003,Pasta 500g,20,68,48,0,2.8,0,0
2026-06-26,P004,Cereal,8,26,18,0,5.0,0,0
2026-06-26,PC001,Shampoo,10,18,29,0,9.5,21,0
2026-06-26,PC002,Toothpaste,14,26,12,0,4.5,0,0
2026-06-26,S001,Potato Chips,14,14,46,1,2.46,46,0
2026-06-26,S002,Chocolate Bar,6,12,38,0,2.8,32,0
2026-06-26,S003,Cookies,17,54,37,1,3.36,0,0
2026-06-27,B001,White Bread,13,13,51,0,3.5,51,0
2026-06-27,B002,Wholemeal Bread,17,17,44,0,4.0,44,0
2026-06-27,D001,Milk 2L,38,38,50,0,4.5,50,0
2026-06-27,D002,Eggs (12 pack),38,61,23,0,7.5,0,0
2026-06-27,D003,Butter 500g,41,43,60,0,6.0,58,0
2026-06-27,D004,Cheese 500g,9,31,22,0,8.0,0,0
2026-06-27,DR001,Bottled Water 600mL,13,13,48,0,2.5,48,0
2026-06-27,DR002,Coke 1.5L,12,34,22,0,3.8,0,0
2026-06-27,DR003,Orange Juice 2L,35,35,53,1,4.05,53,0
2026-06-27,DR004,Energy Drink 250mL,18,29,11,0,4.0,0,0
2026-06-27,F001,Bananas,12,53,41,1,2.51,0,0
2026-06-27,F002,Apples,9,23,14,0,4.5,0,0
2026-06-27,FR001,Ice Cream 1L,23,50,27,0,6.5,0,0
2026-06-27,FR002,Frozen Pizza,22,22,59,0,8.0,59,0
2026-06-27,H001,Toilet Paper,28,60,32,1,6.26,0,0
2026-06-27,H002,Laundry Detergent,17,33,16,0,12.0,0,0
2026-06-27,P001,Instant Noodles,25,25,31,0,2.0,31,0
2026-06-27,P002,Rice 1kg,45,48,26,1,2.91,23,0
2026-06-27,P003,Pasta 500g,29,48,19,0,2.8,0,0
2026-06-27,P004,Cereal,13,18,64,0,5.0,59,0
2026-06-27,PC001,Shampoo,10,29,19,0,9.5,0,0
2026-06-27,PC002,Toothpaste,12,12,34,0,4.5,34,0
2026-06-27,S001,Potato Chips,34,46,12,1,2.43,0,0
2026-06-27,S002,Chocolate Bar,12,38,26,0,2.8,0,0
2026-06-27,S003,Cookies,28,37,57,0,4.5,48,0
2026-06-28,B001,White Bread,45,51,47,0,3.5,41,0
2026-06-28,B002,Wholemeal Bread,25,44,19,0,4.0,0,0
2026-06-28,D001,Milk 2L,45,50,50,0,4.5,45,0
2026-06-28,D002,Eggs (12 pack),23,23,45,0,7.5,45,0
2026-06-28,D003,Butter 500g,43,60,17,0,6.0,0,0
2026-06-28,D004,Cheese 500g,12,22,10,0,8.0,0,0
2026-06-28,DR001,Bottled Water 600mL,25,48,23,0,2.5,0,0
2026-06-28,DR002,Coke 1.5L,19,22,40,0,3.8,37,0
2026-06-28,DR003,Orange Juice 2L,41,53,12,1,4.8,0,0
2026-06-28,DR004,Energy Drink 250mL,11,11,62,0,4.0,62,0
2026-06-28,F001,Bananas,14,41,26,0,3.2,0,1
2026-06-28,F002,Apples,14,14,36,0,4.5,36,0
2026-06-28,FR001,Ice Cream 1L,27,27,34,0,6.5,34,0
2026-06-28,FR002,Frozen Pizza,31,59,27,0,8.0,0,1
2026-06-28,H001,Toilet Paper,23,32,38,0,8.0,29,0
2026-06-28,H002,Laundry Detergent,16,16,39,1,9.26,39,0
2026-06-28,P001,Instant Noodles,21,31,10,0,2.0,0,0
2026-06-28,P002,Rice 1kg,26,26,37,0,3.5,37,0
2026-06-28,P003,Pasta 500g,19,19,57,0,2.8,57,0
2026-06-28,P004,Cereal,15,64,49,0,5.0,0,0
2026-06-28,PC001,Shampoo,11,19,61,0,9.5,53,0
2026-06-28,PC002,Toothpaste,18,34,16,0,4.5,0,0
2026-06-28,S001,Potato Chips,12,12,62,0,3.0,62,0
2026-06-28,S002,Chocolate Bar,8,26,18,0,2.8,0,0
2026-06-28,S003,Cookies,17,57,40,0,4.5,0,0
2026-06-29,B001,White Bread,31,47,16,0,3.5,0,0
2026-06-29,B002,Wholemeal Bread,17,19,42,0,4.0,40,0
2026-06-29,D001,Milk 2L,32,50,18,0,4.5,0,0
2026-06-29,D002,Eggs (12 pack),29,45,16,0,7.5,0,0
2026-06-29,D003,Butter 500g,17,17,32,0,6.0,32,0
2026-06-29,D004,Cheese 500g,9,10,60,0,8.0,59,0
2026-06-29,DR001,Bottled Water 600mL,12,23,11,0,2.5,0,0
2026-06-29,DR002,Coke 1.5L,13,40,27,0,3.8,0,0
2026-06-29,DR003,Orange Juice 2L,12,12,60,0,5.5,60,0
2026-06-29,DR004,Energy Drink 250mL,11,62,51,0,4.0,0,0
2026-06-29,F001,Bananas,10,26,16,0,3.2,0,0
2026-06-29,F002,Apples,36,36,54,0,4.5,54,0
2026-06-29,FR001,Ice Cream 1L,16,34,18,1,4.69,0,0
2026-06-29,FR002,Frozen Pizza,19,27,57,0,8.0,49,0
2026-06-29,H001,Toilet Paper,17,38,21,1,5.79,0,0
2026-06-29,H002,Laundry Detergent,13,39,26,0,12.0,0,0
2026-06-29,P001,Instant Noodles,10,10,55,0,2.0,55,0
2026-06-29,P002,Rice 1kg,30,37,64,0,3.5,57,0
2026-06-29,P003,Pasta 500g,24,57,33,0,2.8,0,0
2026-06-29,P004,Cereal,7,49,42,0,5.0,0,0
2026-06-29,PC001,Shampoo,8,61,53,1,7.48,0,0
2026-06-29,PC002,Toothpaste,13,16,50,0,4.5,47,0
2026-06-29,S001,Potato Chips,29,62,33,0,3.0,0,0
2026-06-29,S002,Chocolate Bar,6,18,12,1,2.29,0,0
2026-06-29,S003,Cookies,19,40,21,0,4.5,0,0
2026-06-30,B001,White Bread,16,16,63,1,2.85,63,0
2026-06-30,B002,Wholemeal Bread,21,42,21,0,4.0,0,0
2026-06-30,D001,Milk 2L,18,18,52,0,4.5,52,0
2026-06-30,D002,Eggs (12 pack),16,16,68,0,7.5,68,0
2026-06-30,D003,Butter 500g,29,32,43,0,6.0,40,0
2026-06-30,D004,Cheese 500g,60,60,43,1,5.81,43,0
2026-06-30,DR001,Bottled Water 600mL,10,11,36,0,2.5,35,0
2026-06-30,DR002,Coke 1.5L,13,27,14,0,3.8,0,0
2026-06-30,DR003,Orange Juice 2L,25,60,35,1,4.26,0,0
2026-06-30,DR004,Energy Drink 250mL,7,51,44,0,4.0,0,0
2026-06-30,F001,Bananas,13,16,40,0,3.2,37,0
2026-06-30,F002,Apples,7,54,46,0,4.5,0,1
2026-06-30,FR001,Ice Cream 1L,18,18,58,0,6.5,58,0
2026-06-30,FR002,Frozen Pizza,18,57,39,0,8.0,0,0
2026-06-30,H001,Toilet Paper,17,21,47,0,8.0,43,0
2026-06-30,H002,Laundry Detergent,15,26,11,0,12.0,0,0
2026-06-30,P001,Instant Noodles,24,55,31,0,2.0,0,0
2026-06-30,P002,Rice 1kg,23,64,41,0,3.5,0,0
2026-06-30,P003,Pasta 500g,33,33,51,0,2.8,51,0
2026-06-30,P004,Cereal,8,42,34,0,5.0,0,0
2026-06-30,PC001,Shampoo,10,53,43,0,9.5,0,0
2026-06-30,PC002,Toothpaste,12,50,38,0,4.5,0,0
2026-06-30,S001,Potato Chips,20,33,13,0,3.0,0,0
2026-06-30,S002,Chocolate Bar,7,12,59,1,2.24,54,0
2026-06-30,S003,Cookies,16,21,53,0,4.5,48,0
